{"type":"Topology","arcs":[[[492265,96825],[-43,-33],[37,-59],[-22,-41],[12,-36],[-25,-23],[-60,40],[11,126],[16,44],[53,5],[21,-23]],[[505113,131855],[67,35],[29,27],[52,-5],[5,-50],[-77,-15],[-76,8]],[[518546,142751],[0,67],[67,-24],[-21,-73],[-46,30]],[[519879,143703],[35,-1],[27,-30],[-106,-49],[-48,56],[-46,-15],[-33,30],[-46,-11],[-6,106],[49,-48],[127,-17],[47,-21]],[[519975,143659],[69,-10],[7,-46],[-40,-12],[-36,68]],[[505569,131802],[67,-5],[-17,-35],[-45,-2],[-24,-29],[-37,24],[25,46],[31,1]],[[498483,111314],[-11,-2],[-525,69],[7,-16],[-22,-87],[-37,-46],[-83,-32],[-56,-71],[-42,-24],[-18,-35],[-53,-51],[-60,-40],[-85,-13],[-75,32],[-84,-12],[-104,61],[-41,-26],[-95,0],[-23,-21],[7,-52],[50,-15],[50,8],[32,-22],[1,-43],[-59,-97],[19,-25],[-17,-52],[-65,-7],[-55,-69],[26,-100],[-15,-99],[-83,43],[-189,-60],[-118,-69],[-62,-73],[-31,-10],[-29,-40],[-63,-38],[-48,-7],[-87,-68],[14,-44],[-69,-48],[-62,-112],[16,-20],[-15,-50],[6,-47],[29,-34],[107,-18],[37,-50],[-111,-7],[-61,-31],[-59,-45],[5,-53],[-56,13],[-62,-19],[-54,-56],[5,-39],[-80,-22],[-96,-38],[-158,-108],[-126,-118],[-37,-54],[-34,-76],[31,-55],[-50,-47],[-11,-114],[42,-36],[38,-3],[67,-34],[37,6],[18,-34],[-30,-30],[-38,29],[-48,-24],[-35,-50],[-18,-59],[0,-58],[52,-24],[-32,-74],[117,-55],[-24,-42],[-63,18],[-45,-35],[54,-50],[98,1],[57,-27],[23,-61],[-36,-19],[-39,25],[-109,-25],[-18,-36],[-65,-58],[-73,-15],[-70,-64],[-33,-47],[-90,-66],[-51,-55],[12,-32],[-29,-83],[29,-39],[-48,-19],[-3,-41],[-67,17],[-67,-23],[-102,-78],[-97,-89],[-88,-106],[-38,-71],[-1,-40],[59,-63],[-101,10],[-84,-100],[5,-37],[-60,-41],[-33,-47],[-40,-84],[-1,-69],[42,-14],[19,-59],[-58,-37],[-24,-71],[17,-45],[32,-21],[-31,-39],[22,-103],[61,-7],[15,-79],[38,-12],[-2,-102],[44,-77],[44,-48],[-102,-49],[-34,10],[-75,-62],[-17,-55],[-69,-56],[-44,-107],[3,-39],[51,-3],[23,-29],[-14,-41],[-33,-10],[-36,25],[-74,-23],[-4,-34],[48,-29],[-41,-44],[-47,17],[-60,-13],[-41,10],[-31,-66],[-66,-27],[-81,-106],[-58,-45],[-5,-52],[-48,-23],[0,-50],[-57,-78],[-56,-4],[23,-43],[-33,-24],[-35,35],[-45,-20],[-20,-31],[-45,-23],[37,-54],[-34,-81],[24,-42],[69,-35],[-29,-26],[-20,-61],[-30,-30],[-47,12],[-3,36],[-75,5],[-84,-43],[-6,-28],[-54,-20],[-54,-63],[-41,-88],[15,-116],[73,-64],[34,16],[27,-25],[-67,-49],[-20,-74],[-5,-65],[-46,-41],[-5,-125],[-46,37],[-39,-14],[-36,-46],[-17,-54],[-53,-6],[-25,-25],[17,-65],[-64,-22],[12,-106],[-18,-55],[-47,58],[-70,-18],[-27,-29],[-43,21],[-12,53],[-86,15],[-42,-10],[-6,58],[-56,30],[-70,4],[-48,37],[-2,24],[-56,25],[-62,4],[-115,-36],[-148,-71],[19,110],[-105,19],[-53,-9],[-69,-50],[-91,16],[-51,-7],[-32,37],[-35,-16],[34,-73],[69,-34],[128,-77],[50,-23],[-11,-52],[20,-83],[69,-30],[65,-77],[45,-17],[-8,-34],[56,-22],[5,-29],[-40,-37],[-22,-50],[-3,-97],[33,-29],[84,-19],[27,-63],[42,-37],[73,1],[-9,-42],[48,-9],[24,-53],[-12,-30],[18,-68],[-14,-42],[-54,-21],[-15,-30],[11,-58],[-4,-70],[-88,-57],[41,-16],[-20,-33],[25,-57],[-9,-70],[-26,-37],[0,-40],[66,-14],[57,-43],[-16,-50],[-32,9],[-49,45],[-126,20],[-121,-11],[-122,38],[-58,-29],[-106,-30],[-27,-88],[-20,-31],[-67,-20],[-9,-64],[17,-60],[36,-38],[37,-11],[85,33],[21,-31],[-12,-43],[-146,21],[-77,-5],[-118,-83],[-70,-72],[-52,-72],[-48,-94],[-31,-91],[-8,-105],[36,-114],[71,-8],[12,-37],[-24,-72],[11,-126],[43,-82],[-59,-80],[-19,-84],[20,-66],[47,-48],[-57,-80],[-27,-64],[2,-37],[-28,-51],[-9,-79],[12,-60],[20,-18],[-10,-51],[31,-50],[45,3],[73,-21],[-56,-35],[-31,-99],[-1,-45],[20,-51],[25,-20],[-49,-48],[-104,-150],[-66,-138],[-38,-128],[17,-104],[-15,-78],[-54,-29],[-38,-2],[7,-43],[-27,-104],[-6,-67],[42,-47],[-23,-54],[31,-41],[33,10],[33,-33],[-50,-24],[-14,-54],[24,-26],[-42,-28],[-60,-115],[-59,-191],[-23,-166],[8,-211],[21,-49],[50,-12],[39,-38],[-3,-48],[30,-41],[-33,-20],[3,-51],[-16,-49],[17,-50],[-14,-39],[13,-54],[-17,-29],[0,-125],[14,-55],[63,-77],[64,-33],[-22,-37],[12,-83],[30,-69],[23,-9],[15,-63],[-25,-37],[-19,-111],[34,-58],[-19,-32],[3,-45],[36,-34],[6,-60],[-32,-10],[-114,-122],[-54,-85],[-28,-62],[33,-35],[-20,-22],[47,-70],[-20,-34],[43,-36],[-31,-100],[-45,-58],[-127,-71],[-80,-84],[-57,-36],[-128,-120],[-112,-121],[-130,-176],[-38,-96],[3,-86],[-49,-27],[-84,-124],[-51,-126],[-18,-99],[9,-106],[42,-85],[121,-49],[43,31],[34,-50],[5,-40],[-94,-55],[-39,-70],[16,-31],[-43,-30],[-16,-120],[37,-52],[-23,-40],[-33,-2],[-64,-66],[-58,-85],[-50,-106],[-25,-96],[3,-95],[17,-22],[53,-7],[-31,-50],[45,-36],[10,-30],[-41,-41],[22,-82],[-5,-114],[-37,-18],[-27,-78],[-4,-66],[24,-80],[74,-12],[43,-38],[31,-84],[-56,-12],[-33,-33],[-15,-65],[-27,-40],[-43,-96],[39,-81],[-49,-62],[-41,0],[-53,-23],[-49,-56],[20,-25],[-36,-26],[-93,-148],[-63,-85],[-14,-86],[-95,-90],[-51,-88],[-48,-108],[12,-41],[-44,-19],[-82,-132],[-81,-116],[-11,-41],[-47,-75],[-7,-82],[51,-19],[7,-50],[-77,-1],[-9,-59],[56,-21],[-98,-37],[-28,-59],[-57,-28],[-53,-125],[-11,-67],[12,-76],[59,-64],[107,21],[-11,-56],[-109,-117],[-2,-71],[24,-42],[-27,-15],[1,-46],[-43,-157],[-66,-112],[-42,-106],[-39,-54],[-67,-36],[-11,-40],[-46,24],[-44,-16],[-92,-95],[-82,-126],[-40,-108],[6,-64],[-37,-70],[-31,-109],[-7,-68],[20,-74],[39,-11],[19,-44],[75,-22],[-114,-102],[-44,-67],[-39,-98],[-11,-100],[22,-44],[42,2],[-27,-56],[-33,-12],[4,-98],[101,-76],[-57,-5],[-35,14],[-62,56],[-58,31],[-78,-28],[-78,-79],[-43,-74],[-36,-123],[6,-120],[32,-104],[45,-74],[106,-79],[65,18],[-1,36],[73,23],[50,-56],[129,-40],[-60,-37],[-38,-57],[-49,-103],[-19,-59],[-33,-157],[-8,-135],[11,-116],[24,-65],[68,-58],[48,11],[13,-86],[54,-14],[15,-62],[-41,-62],[-18,-58],[21,-27],[-27,-72],[67,-38],[-41,-38],[43,-56],[-8,-85],[-79,47],[-27,30],[-36,-11],[-118,59],[-73,-44],[-52,-53],[-64,-108],[0,-35],[38,-30],[-34,-23],[5,-28],[59,2],[28,-27],[-34,-37],[-63,5],[-10,51],[-61,-2],[-49,26],[-50,-36],[-52,-14],[-63,-42],[-72,4],[-71,-21],[-13,-36],[-47,-20],[-9,-116],[26,-70],[54,-57],[101,-35],[57,43],[55,15],[46,-54],[86,-66],[108,-45],[12,29],[109,-12],[34,-14],[57,13],[15,74],[-22,42],[22,16],[91,23],[54,-41],[58,-25],[56,0],[60,33],[-25,-77],[89,-60],[43,-61],[46,11],[77,-32],[-8,-55],[-26,-25],[26,-40],[55,12],[27,-42],[44,-5],[94,-139],[78,31],[32,-3],[69,-40],[53,-11],[32,-97],[-16,-18],[31,-128],[-42,3],[-36,-32],[4,-60],[25,-26],[68,-12],[-5,-30],[34,-36],[-4,-50],[118,-64],[-15,-68],[-17,-7],[11,-80],[-48,-23],[49,-29],[29,-99],[24,-37],[-62,-4],[29,-77],[69,-34],[53,-83],[16,-140],[58,-25],[23,-77],[47,-17],[18,-48],[72,-64],[33,-48],[-22,-44],[-54,52],[-94,10],[-41,18],[-99,-28],[-8,17],[-137,41],[-45,-8],[-36,48],[-100,43],[-75,41],[-40,0],[-36,53],[-62,11],[-115,-39],[-150,-87],[13,-11],[-106,-80],[-76,-74],[-65,-88],[-44,-74],[-26,-95],[106,-76],[10,-57],[-12,-37],[42,-14],[88,-58],[66,-80],[46,-23],[-29,-47],[14,-63],[30,-36],[24,-103],[-47,-33],[16,-43],[-59,-48],[-86,-125],[-73,-157],[-43,-139],[-3,-51],[45,-77],[27,-109],[-21,-74],[16,-26],[-5,-74],[14,-30],[-23,-30],[40,-151],[-12,-18],[34,-72],[64,-60],[2,-42],[46,-21],[-12,-36],[41,-48],[80,-56],[-11,-83],[34,-54],[-42,-34],[-17,-99],[56,-90],[-25,-156],[25,-86],[-37,-72],[53,-52],[-24,-36]],[[488907,80543],[-1319,500],[-1082,413],[-1539,587],[-1128,431],[-1333,514],[-644,249],[-1134,437],[-1076,415],[-905,349],[-945,367],[-1074,421],[-799,312],[-1550,606],[-1012,396],[-1562,618],[-2064,816],[-1301,514],[-935,373],[-1357,542],[-743,297],[-41,-27],[-28,-42],[-48,-36],[-47,-6],[-22,81],[-96,36],[-47,37],[-75,-24],[-39,33],[-40,-10],[-29,38],[-51,-35],[-104,-39],[-131,11],[-105,-22],[-3,-62],[-52,2],[-28,-62],[-91,73],[-58,-5],[-1,50],[-49,79],[-46,11],[52,68],[-11,55],[80,84],[27,76],[43,31],[73,13],[16,43],[-44,36],[19,34],[92,37],[22,37],[41,-8],[7,50],[44,98],[-14,25],[-62,25],[43,47],[66,-5],[52,49],[14,41],[58,44],[8,28],[73,-7],[99,68],[-2,39],[49,9],[42,-35],[40,51],[13,87],[13,20],[93,58],[4,41],[52,24],[52,53],[-44,7],[-9,56],[59,55],[3,47],[127,62],[-41,29],[17,46],[78,32],[-36,48],[41,27],[57,67],[39,10],[6,34],[-28,29],[27,30],[7,42],[40,72],[16,73],[58,40],[-15,80],[-70,-6],[28,44],[-35,15],[11,55],[-48,-17],[-88,-2],[-8,34],[43,22],[45,-18],[14,43],[49,15],[-26,43],[57,39],[-105,80],[-36,-14],[-34,28],[-8,36],[-91,41],[-88,15],[-5,102],[-53,-26],[-94,-15],[-40,28],[-46,-11],[-34,61],[-43,-8],[-13,-50],[-58,-20],[21,94],[-71,9],[24,79],[-92,60],[-140,-57],[-103,-19],[0,45],[-28,53],[-90,107],[63,64],[-6,59],[62,24],[7,70],[77,111],[-105,119],[-45,89],[-1,87],[-33,44],[-91,64],[14,40],[50,24],[32,66],[-85,22],[55,28],[14,44],[-34,78],[30,80],[-45,46],[-43,2],[-33,27],[-67,26],[-67,9],[-49,-10],[-115,48],[-69,19],[-2,110],[-11,63],[21,14],[-19,69],[-57,25],[-31,104],[-46,45],[-87,24],[-124,11],[-31,23],[-49,73],[49,23],[-7,79],[-65,24],[-43,-1],[-35,34],[-6,69],[-52,-17],[-53,12],[-7,44],[90,61],[3,25],[-92,33],[54,32],[15,28],[-40,32],[35,28],[-11,26],[-58,14],[61,81],[-4,36],[42,72],[38,32],[-6,31],[39,59],[41,10],[-18,38],[37,73],[-49,54],[5,63],[80,17],[3,49],[-44,25],[-75,-30],[-36,49],[-43,25],[-69,-12],[-37,44],[38,72],[36,-11],[26,26],[-26,62],[-43,48],[33,54],[-3,45],[-77,70],[20,41],[-33,51],[27,30],[-28,61],[8,40],[72,44],[-9,45],[-50,36],[20,35],[-24,32],[-44,13],[-26,30],[2,39],[52,37],[24,98],[-36,10],[-4,44],[-63,44],[82,129],[73,33],[-24,42],[49,43],[-31,63],[9,55],[-32,-3],[-19,65],[-68,27],[-9,37],[-50,25],[-47,117],[62,35],[-37,38],[19,37],[51,-4],[28,55],[1,41],[-51,-7],[-34,32],[-27,71],[81,-19],[33,48],[52,-10],[-14,56],[4,89],[-42,-14],[-104,32],[-25,-25],[-42,32],[-58,23],[-81,-42],[-47,8],[-31,61],[18,36],[-83,103],[-63,20],[-20,31],[30,43],[-7,102],[39,5],[-20,49],[39,61],[-13,37],[-56,12],[-4,27],[-62,26],[-84,81],[41,21],[-26,77],[68,-12],[27,15],[-1,40],[50,18],[-42,49],[28,80],[62,33],[42,39],[-30,41],[-4,59],[12,39],[-66,-10],[-25,-50],[-43,1],[-22,39],[17,26],[-40,32],[-118,-28],[-46,54],[-75,-15],[-21,-37],[-52,15],[-15,60],[-54,-12],[-77,-54],[-67,-2],[-16,32],[-70,18],[-5,-53],[-48,-14],[-44,43],[-92,31],[23,53],[-4,33],[55,15],[-24,40],[-44,24],[-79,20],[-76,6],[-16,64],[33,44],[0,29],[47,73],[-39,28],[31,43],[-27,45],[-36,-13],[-39,18],[69,42],[-13,35],[-102,2],[-38,34],[-89,-5],[50,-37],[-8,-37],[-132,15],[-52,-15],[-24,-38],[-45,79],[-89,60],[-42,-33],[-18,38],[-89,32],[-158,-19],[-12,13],[31,91],[-63,-1],[-66,-31],[-104,62],[-15,-11],[-135,18],[-58,-14],[-56,49],[35,42],[-49,33],[-13,37],[-71,30],[-48,-3],[-76,18],[-37,-7],[-72,-37],[-65,20],[-82,-38],[-49,46],[-58,-4],[-30,31],[18,23],[65,31],[-125,0],[-78,51],[-106,-34],[-108,13],[-37,19],[-131,97],[-93,7],[-55,35],[5,73],[-58,55],[-27,55],[-38,20],[-65,-23],[-97,-62],[-126,-46],[-87,-75],[-78,3],[-24,22],[-102,-15],[-48,6],[-95,-12],[-91,-24],[-59,-51],[-4,-41],[-48,-109],[-95,-36],[-75,-12],[-71,-32],[-71,-52],[-63,-29],[-59,-43],[-63,-22],[-52,34],[13,51],[-48,35],[-83,2],[-73,24],[-47,-28],[-5,-59],[-46,-8],[-30,33],[14,30],[-44,16],[-52,-12],[-180,41],[-51,27],[-4,-55],[42,-21],[-55,-52],[8,-54],[148,80],[37,-20],[40,-57],[199,10],[33,-25],[14,-77],[-91,-51],[-102,-22],[-101,-95],[-84,-59],[-84,-2],[-40,82],[-109,39],[-154,101],[-49,-12],[-32,51],[-7,57],[-53,36],[56,60],[18,43],[65,39],[-30,46],[-90,33],[-57,-45],[-65,56],[-2,36],[-28,34],[-51,23],[-35,54],[-59,40],[-36,-7],[-35,-58],[-99,-6],[-30,81],[-29,-11],[-77,4],[-91,-11],[-71,-43],[-56,-53],[23,-80],[-37,-33],[-69,1],[-41,22],[-20,35],[-45,-3],[-65,39],[-55,1],[-119,54],[-55,2],[-29,21],[-95,-16],[-21,41],[-34,20],[-117,-72],[-42,18],[-25,-24],[32,-58],[-56,-38],[6,-36],[49,10],[0,-43],[-59,-14],[7,-32],[43,-45],[-5,-59],[-105,21],[-99,-51],[-24,-44],[7,-34],[-52,0],[-60,-54],[-74,-32],[-34,-30],[-7,-38],[-58,-79],[32,-58],[-9,-68],[-82,-38],[-40,-72],[4,-72],[73,-56],[9,-48],[-73,-66],[-37,-61],[-33,-21],[-98,-30],[-31,-23],[-32,-84],[-63,-40],[-85,-37],[2,70],[-71,26],[32,-86],[-55,-21],[-58,51],[-1,47],[-42,23],[-41,84],[-126,32],[-44,-9],[-23,50],[-39,-6],[-32,-40],[-164,47],[-56,4],[-138,-30],[-37,1],[-107,38],[-42,-60],[-97,8],[-74,-68],[-75,-8],[-69,23],[-105,-45],[-38,3],[-116,78],[-52,-8],[-53,28],[0,53],[-49,-2],[-199,68],[-26,21],[-69,6],[-59,-53],[-29,-7],[-72,48],[-54,-76],[-33,28],[24,57],[-53,35],[-46,-1],[-84,65],[-2,49],[-37,16],[4,96],[-39,33],[17,45],[-47,23],[29,27],[-26,50],[-42,-42],[-39,27],[-45,-27],[27,-40],[8,-51],[-59,-3],[-57,41],[-12,-43],[50,-13],[-29,-49],[-39,27],[-92,8],[2,-28],[79,8],[26,-22],[-21,-69],[-49,-16],[-35,21],[-15,-55],[28,-37],[-20,-34],[-67,-10],[74,-35],[62,-9],[-36,-45],[-42,-140],[-72,-1],[53,-46],[-4,-32],[-136,3],[-6,-51],[-56,3],[-59,-61],[-19,-41],[-38,8],[-44,37],[-23,-46],[14,-40],[-40,-14],[-40,22],[-27,-96],[46,-81],[1,-28],[-69,-42],[24,-33],[-24,-23],[-73,-6],[-24,-105],[65,-16],[-32,-103],[-34,6],[-23,47],[-68,-3],[-25,-21],[16,-33],[-29,-37],[-70,-50],[-37,8],[-6,44],[-75,71],[-47,71],[-60,-5],[-11,-73],[-28,-5],[-27,40],[25,43],[-26,35],[8,50],[32,50],[-53,20],[-41,-20],[-39,20],[22,52],[-56,0],[-63,-44],[-88,19],[-41,-16],[-63,-88],[-46,-11],[-31,26],[-40,99],[-36,38],[-79,-20],[-85,29],[-17,-48],[-51,-44],[47,-45],[-84,-6],[-22,-26],[15,-76],[-36,-13],[4,-70],[35,-17],[7,-36],[-89,-59],[-50,0],[-37,30],[-78,31],[-5,21],[-61,42],[-10,43],[31,38],[-45,32],[-60,-39],[35,-41],[9,-50],[-23,-19],[-76,7],[-14,-40],[-41,-20],[-76,19],[-23,22],[7,39],[72,4],[-44,87],[-70,24],[35,69],[-40,70],[52,25],[-66,25],[-60,-37],[-29,3],[-63,-30],[-67,13],[-63,-7],[-49,60],[-4,37],[-47,82],[-104,10],[12,-49],[-48,-20],[-55,44],[-18,-34],[42,-24],[0,-54],[-44,-20],[-62,16],[-43,-36],[-64,30],[-36,-2],[-63,29],[-29,-49],[-73,-8],[-38,-28],[-55,25],[10,57],[65,56],[-49,43],[30,29],[-31,37],[-90,-64],[-51,95],[22,43],[-100,34],[-36,39],[-53,-3],[-59,14],[-28,-37],[60,-23],[5,-26],[-54,-14],[-35,20],[-62,-10],[23,44],[-12,21],[-76,-7],[-21,-60],[-47,59],[-70,24],[-39,-13],[-41,35],[-23,-43],[-48,20],[-3,30],[37,31],[-18,22],[-73,-14],[33,-29],[-61,-72],[-44,-10],[-45,38],[13,73],[35,29],[11,66],[23,31],[-35,20],[-44,-57],[-34,-24],[-73,30],[-42,-35],[-71,46],[18,83],[34,12],[-28,82],[-52,18],[16,28],[42,10],[-27,36],[-47,-39],[-70,-25],[-70,29],[-54,-34],[-39,-1],[-17,-40],[24,-23],[-56,-23],[-32,24],[-111,-4],[-90,-86],[-73,26],[-36,60],[40,50],[-63,5],[-24,38],[65,12],[3,37],[-33,19],[-55,1],[-31,-54],[-48,47],[-27,-23],[45,-49],[-79,-13],[-24,32],[-73,0],[-41,59],[-39,16],[17,44],[51,-9],[37,19],[-11,33],[-69,-13],[-38,19],[-7,31],[21,43],[-74,-1],[-68,-20],[-59,55],[-51,11],[-26,52],[-43,45],[-62,-38],[5,56],[-63,14],[-20,-31],[-41,25],[-5,57],[-58,25],[-3,26],[98,43],[-29,64],[75,28],[-82,39],[-60,-24],[-50,17],[-52,-23],[-11,57],[-64,-46],[-70,4],[-74,-17],[7,-35],[37,-45],[-40,-30],[-51,15],[-55,55],[-84,-11],[-42,54],[-53,-23],[14,104],[-59,-30],[22,-57],[-37,-46],[-31,8],[-44,-25],[37,-29],[-15,-34],[26,-53],[-82,-39],[-117,89],[-81,16],[-39,28],[11,82],[-58,40],[-19,30],[-92,11],[0,35],[29,31],[-22,45],[-31,4],[-25,-35],[-52,-11],[-69,54],[-73,22],[-2,-83],[-47,-40],[-15,-70],[54,-64],[-14,-34],[-83,-46],[6,-23],[66,4],[47,35],[23,-28],[-3,-49],[-46,-22],[-78,-7],[-76,18],[-8,49],[-30,17],[-81,-3],[-44,34],[-107,-27],[-27,58],[54,47],[-104,76],[16,50],[-39,23],[-50,-23],[-22,51],[-96,-29],[-11,-66],[-22,-60],[-37,-19],[-39,25],[-6,69],[-34,29],[-96,15],[-41,21],[-61,-41],[50,-73],[-80,-35],[-84,-72],[39,-40],[-168,-60],[-59,-94],[-7,-44],[24,-54],[-19,-57],[-95,16],[-48,-8],[-88,-67],[-13,-29],[-16,-106],[13,-66],[22,-28],[80,-49],[-7,-35],[-56,-36],[-63,18],[-21,-23],[40,-30],[-13,-43],[-67,-11],[-44,-53],[-39,7],[-78,94],[-79,33],[-40,-31],[-63,55],[-18,116],[-78,36],[-77,-14],[-42,13],[-36,-38],[-15,-74],[52,-4],[-20,-55],[2,-38],[-75,19],[-47,-16],[-36,46],[-35,-2],[-1,-76],[-25,-6],[-54,80],[-25,-2],[-29,-49],[-41,15],[-12,71],[-49,-39],[19,-105],[-87,37],[-22,79],[-64,-37],[-36,7],[11,38],[31,21],[68,15],[-65,33],[16,40],[76,4],[-13,59],[-87,-36],[-36,10],[-3,51],[109,42],[-34,56],[-44,17],[-40,-28],[-43,9],[9,34],[-47,15],[9,-53],[-18,-65],[27,-41],[-57,-33],[-65,19],[-12,55],[-39,-11],[-45,21],[15,47],[-71,41],[-39,-23],[-13,-45],[-38,-10],[-25,28],[-37,-12],[15,-41],[52,-4],[-17,-38],[-92,13],[31,-55],[-116,-2],[-39,-49],[-55,-12],[-6,48],[-86,-18],[2,-69],[-24,-16],[-117,19],[70,34],[-30,43],[-33,7],[-25,-38],[-50,-39],[-8,-55],[-79,26],[-9,93],[-37,-27],[-21,-44],[-27,-11],[-45,-68],[-30,-7],[-104,68],[38,45],[-60,-3],[20,78],[-36,36],[-18,65],[-136,-57],[-44,0],[-40,36],[-33,-49],[-95,46],[-50,92],[-27,-28],[-57,-14],[-48,-29],[-35,27],[27,39],[-18,56],[21,13],[72,-6],[25,19],[-46,61],[-32,16],[-50,-20],[-33,-68],[-43,-10],[-10,-54],[-69,-8],[-17,-41],[-63,33],[-72,15],[-1,30],[62,39],[-10,31],[-92,-24],[-22,-42],[-39,-17],[-52,11],[-34,34],[-51,-14],[0,-32],[79,-32],[0,-60],[-44,-13],[-56,33],[-44,-9],[-54,24],[-46,-10],[-36,22],[-128,23],[-51,-7],[-40,30],[-23,186],[-61,37],[-1,-82],[-60,-9],[-43,41],[-49,-28],[-22,11],[-59,74],[-28,7],[-95,-41],[-56,-40],[-36,-69],[-56,-8],[-84,46],[-38,-21],[-27,-42],[-138,-54],[-61,-11],[-66,20],[-39,30],[-46,-21],[-4,-33],[-42,-27],[-31,28],[53,72],[-28,30],[-47,-3],[-58,-41],[-58,12],[-9,47],[51,63],[20,46],[-51,2],[-43,36],[-58,20],[0,99],[-76,-10],[-20,46],[20,28],[61,14],[-4,37],[-49,57],[-31,13],[5,48],[59,16],[67,2],[-20,43],[-92,-3],[-33,-19],[-64,-74],[-42,-16],[-12,-38],[-123,4],[-4,24],[38,31],[-13,40],[-34,10],[-125,-3],[3,-45],[-135,51],[-26,-62],[-36,57],[8,38],[39,23],[67,17],[19,25],[-30,38],[-70,13],[-109,-9],[-40,-42],[-39,-8],[-42,22],[-71,-30],[-46,31],[-77,-2],[-131,-66],[-74,12],[-32,-26],[20,-41],[-67,-57],[136,-30],[0,-33],[-73,-32],[-73,47],[-50,-27],[57,-50],[-13,-35],[-47,-18],[-98,0],[-17,81],[-53,-3],[-56,19],[-31,-33],[54,-51],[-54,-34],[-93,30],[-86,-23],[55,-32],[1,-51],[-45,-17],[-72,43],[23,53],[-32,20],[-36,-10],[-130,11],[-12,73],[9,45],[-84,-15],[-31,37],[-101,-6],[22,64],[38,47],[-42,46],[-81,-35],[-47,0],[-32,-48],[-28,17],[-13,51],[-81,40],[-35,-39],[-95,-36],[-45,20],[3,46],[-56,-1],[-76,-16],[-42,35],[20,21],[61,15],[-43,48],[-46,1],[-51,-36],[-59,28],[-73,19],[14,65],[66,9],[39,-24],[27,15],[-12,37],[-50,51],[-14,38],[-47,-18],[-64,-2],[-44,48],[-43,15],[-83,-64],[-37,7],[-16,31],[20,51],[-28,44],[29,26],[54,-26],[12,35],[-57,38],[-37,8],[-95,-34],[-29,-32],[18,-50],[-29,-16],[-65,24],[-22,32],[-65,6],[-5,35],[55,35],[-36,27],[-59,-20],[-28,20],[8,47],[-23,31],[-75,-1],[-35,126],[-39,34],[-73,15],[-35,72],[-57,-18],[-52,9],[-35,61],[-60,8],[-9,52],[-29,60],[-27,1],[-26,-41],[-65,-12],[6,47],[97,55],[-29,34],[-47,4],[-46,-31],[-44,10],[-10,29],[58,45],[106,11],[17,33],[-48,45],[-145,-48],[-39,-52],[-33,-7],[-71,35],[-10,-44],[40,-40],[-57,-10],[-71,62],[-7,36],[38,58],[-17,25],[-107,-20],[-26,25],[19,37],[51,21],[23,66],[-17,28],[-133,5],[-70,74],[-34,65],[-43,6],[-26,40],[-71,1],[-2,32],[50,51],[-29,24],[-50,-30],[-47,-1],[-9,31],[29,28],[-31,46],[11,34],[64,16],[-7,41],[-100,-21],[-84,24],[-47,-30],[-28,-81],[-51,-6],[-28,25],[3,49],[66,91],[-75,7],[-51,47],[-55,-16],[-21,-30],[16,-46],[-55,-24],[5,-37],[-36,-25],[-73,19],[-40,24],[-5,36],[-77,7],[-39,27],[-119,-4],[-3,-48],[-54,-10],[-33,28],[-52,-16],[-81,38],[-17,-19],[-64,13],[-50,-41],[18,-48],[-60,-41],[-2,-50],[-55,-25],[-70,34],[-15,35],[-45,2],[-29,-57],[-8,-67],[-42,-19],[-27,-37],[-43,12],[-31,62],[-30,1],[-33,-46],[-33,-14],[-36,27],[-23,47],[-62,8],[-67,-69],[75,-31],[-54,-27],[-73,32],[-13,-112],[22,-29],[-21,-31],[-79,-27],[-84,16],[-78,-14],[-65,8],[-87,-57],[-29,-45],[-50,-20],[-61,16],[-51,-24],[-73,-14],[-31,-61],[-44,-14],[-32,16],[-23,60],[-37,11],[-44,-28],[-40,1],[-81,56],[-28,41],[-76,17],[-36,36],[-33,-10],[-56,-44],[-84,-16],[-22,-47],[-33,-8],[-74,25],[-66,-26],[-55,33],[-13,54],[-100,-36],[-46,42],[-26,0],[-24,59],[-71,45],[-47,-85],[-19,-9],[-116,51],[84,79],[-59,42],[15,44],[-102,11],[-85,59],[-77,-41],[-35,6],[-45,43],[-73,-46],[-62,9],[-21,-42],[20,-64],[-21,-20],[-90,13],[15,52],[-52,21],[-76,-28],[-137,38],[-55,-33],[-25,37],[-107,-5],[-6,-72],[-41,-14],[-90,38],[-54,-47],[-62,-6],[-140,23],[59,39],[25,88],[-68,11],[-77,-40],[-60,17],[-41,44],[-26,-12],[-5,-50],[-50,12],[-5,66],[-90,-4],[-42,-20],[-23,33],[-16,81],[-59,-64],[-37,19],[-49,1],[-83,-59],[-71,2],[-55,-43],[-13,-40],[-33,-10],[-23,58],[54,32],[-17,33],[-64,2],[-19,-19],[-170,-4],[5,-41],[-55,-53],[-105,-30],[-88,27],[2,-29],[-44,-17],[-54,22],[-81,-59],[-52,-5],[8,-46],[-101,-51],[-72,31],[-24,-82],[-32,-32],[-89,-21],[-116,37],[-13,42],[-67,-45],[-52,34],[-18,-46],[-74,-21],[-111,-11],[-46,-29],[-61,-3],[-6,-35],[-35,-29],[20,-27],[-10,-34],[46,-55],[-36,-47],[70,-65],[-24,-56],[-65,-48],[-46,-57],[33,-65],[0,-43],[-29,-16],[-54,-82],[-25,7],[-82,-67],[-11,-100],[-26,-27],[-14,-73],[31,-36],[-17,-69],[37,-64],[32,-20],[-17,-76],[46,-69],[-9,-50],[-89,-22],[-61,4],[-51,-47],[-63,8],[-78,-31],[-21,-46],[-40,-21],[-29,-99],[-6,-95],[80,-24],[32,-59],[55,-56],[75,-28],[60,-44],[-2,-100],[108,-50],[-4,-24],[55,-14],[48,6],[3,-97],[45,-24],[14,-56],[-16,-53],[30,-66],[64,-42],[124,-38],[27,-85],[24,-21],[13,-101],[-48,-50],[-11,-44],[-78,-25],[-34,-34],[-43,-5],[-78,-36],[-144,-1],[-27,-39],[-70,1],[-38,40],[-46,12],[-47,32],[20,33],[-5,43],[-49,11],[-18,27],[-139,19],[-112,32],[-83,-5],[-30,29],[-54,-32],[-31,15],[-39,-14],[-93,1],[-35,25],[-147,51],[-108,-25],[-41,6],[5,-115],[-43,-15],[-73,32],[-16,-35],[35,-37],[-47,-23],[-50,37],[-26,-35],[31,-30],[14,-66],[-49,4],[-27,-28],[-37,4],[-6,-52],[28,-59],[-20,-28],[15,-40],[-33,-52],[-77,27],[-63,-53],[-80,3],[-69,-67],[-23,36],[-76,35],[-14,-20],[79,-78],[-40,-10],[-77,43],[5,-81],[65,9],[8,-24],[-43,-38],[-13,-60],[-44,-20],[-50,47],[-59,0],[-27,31],[53,22],[-32,32],[-44,-59],[-23,-56],[-53,16],[-33,-22],[34,-25],[-16,-36],[-80,-8],[-37,-20],[-60,57],[2,60],[-33,21],[6,41],[-40,3],[-58,-49],[-88,12],[-39,-46],[-91,13],[-37,63],[-19,97],[-40,16],[-119,-61],[51,-40],[-34,-23],[-72,-9],[-51,49],[-64,7],[-11,45],[27,47],[-7,74],[81,21],[-25,56],[35,53],[-84,2],[-2,56],[-58,-2],[-46,-66],[-72,-19],[-38,19],[-29,42],[-36,2],[-4,-71],[-72,28],[-46,-54],[-68,5],[11,47],[-30,84],[39,41],[13,85],[67,27],[11,49],[-59,41],[23,49],[-23,14],[-65,-16],[-45,3],[-13,-90],[-65,13],[-24,-33],[-81,-11],[8,-46],[-49,-19],[-33,53],[-48,-26],[-46,9],[16,89],[-25,57],[16,41],[-4,80],[-47,28],[-46,-9],[2,-58],[-64,9],[-52,102],[-63,-6],[-44,-38],[-58,-13],[32,-81],[-33,-47],[-69,34],[1,-49],[65,-1],[42,-14],[-3,-30],[-88,-57],[16,-67],[-72,-6],[-77,84],[60,36],[-86,32],[-6,21],[33,55],[7,46],[27,53],[46,40],[7,35],[-58,34],[12,24],[61,19],[-46,60],[-1,45],[-58,-19],[-61,-44],[47,-34],[1,-27],[-77,-18],[-58,63],[-21,-2],[-77,-73],[-30,16],[-10,46],[-76,-5],[1,68],[-27,43],[68,42],[-60,62],[-51,16],[-65,-45],[-33,19],[2,66],[-58,-3],[-34,27],[18,74],[-53,32],[5,-56],[-63,-18],[-24,100],[-18,39],[-60,-30],[-30,8],[4,53],[-62,-16],[-105,41],[-61,54],[-43,5],[-81,-25],[-61,20],[-7,34],[-38,33],[54,35],[-5,51],[19,69],[55,60],[-19,37],[-31,7],[-48,-65],[-58,19],[13,42],[54,30],[-28,26],[-43,-56],[-51,-24],[-58,9],[-26,39],[47,60],[7,51],[-32,11],[-10,-76],[-38,-57],[-53,3],[-23,39],[-58,22],[22,74],[-62,-23],[-37,33],[-1,54],[-48,18],[42,60],[-29,22],[-40,-34],[-48,24],[-41,-12],[-30,31],[72,36],[-22,27],[-78,-21],[-8,40],[50,39],[-19,22],[-58,-14],[0,-52],[-44,0],[-10,34],[-54,-17],[-99,29],[-92,48],[3,84],[-64,6],[-15,45],[-80,17],[-6,64],[-39,20],[-15,34],[14,47],[-48,-1],[8,-54],[-32,-4],[-34,27],[15,44],[55,39],[-44,22],[-26,-45],[-100,3],[-12,33],[42,56],[43,8],[36,53],[-46,13],[-8,61],[-73,39],[-43,41],[20,35],[-13,50],[84,24],[-29,29],[-36,-17],[-36,13],[-6,37],[65,17],[4,27],[-27,53],[-62,-6],[-46,12],[-36,-15],[-64,18],[-11,28],[26,61],[-36,6],[-22,-41],[-67,34],[40,76],[-45,30],[2,23],[-83,24],[-23,47],[46,21],[48,-21],[15,55],[-34,3],[-43,-27],[-40,14],[39,117],[51,37],[45,-5],[-7,43],[-83,-27],[-66,13],[15,-38],[-19,-22],[-52,0],[-26,60],[46,79],[-13,47],[66,23],[2,36],[43,54],[-33,47],[52,39],[-24,43],[-40,12],[-60,-19],[-22,-43],[-55,-2],[-1,40],[-75,34],[-49,39],[-14,47],[23,60],[-12,38],[-60,-8],[21,49],[-2,64],[-33,-10],[-43,-47],[-74,27],[-49,1],[-19,41],[-66,8],[-34,-35],[-35,-2],[-49,24],[43,29],[10,38],[-13,45],[94,38],[-17,30],[-57,-8],[-69,15],[-17,-49],[-32,-13],[-19,43],[14,36],[-59,-5],[-18,-67],[-42,-11],[-63,69],[-68,-29],[-5,44],[73,66],[15,50],[-50,27],[-9,28],[-105,-13],[-34,20],[-64,-45],[-48,-8],[12,-35],[-49,-29],[-47,-65],[-45,-36],[-87,60],[8,44],[-37,48],[-61,39],[-1,55],[-92,73],[-5,59],[18,39],[-70,34],[-72,4],[-102,45],[-57,62],[-95,31],[-45,44],[28,118],[32,38],[-64,11],[-15,62],[-111,-8],[-132,20],[-11,32],[-40,34],[-34,-2],[12,53],[-55,81],[-69,-39],[-45,15],[-45,-25],[-17,30],[-66,14],[-50,-13],[-32,105],[-32,28],[0,44],[-49,7],[-42,52],[58,58],[-35,40],[-82,-16],[-86,11],[-19,61],[-45,22],[-32,-16],[-37,72],[-47,25],[-124,101],[31,60],[-67,20],[-14,46],[29,21],[-19,53],[-45,49],[38,15],[-11,46],[-57,13],[9,33],[-44,38],[-17,61],[-41,-10],[-14,32],[-58,25],[-57,-6],[-81,41],[-70,-2],[-65,46],[-75,13],[-58,33],[-44,9],[-1,41],[25,27],[-140,83],[-43,3],[-48,26],[17,85],[-55,19],[-29,-14],[-61,32],[-34,-34],[-52,2],[-155,37],[-45,-23],[-32,8],[-44,-52],[34,-31],[-39,-36],[-79,32],[-87,64],[-40,-8],[-53,42],[40,34],[49,15],[41,52],[-48,48],[18,64],[-65,35],[-33,-18],[-43,14],[-111,2],[-47,28],[-37,94],[-28,19],[21,32],[-107,77],[10,67],[25,17],[49,-32],[41,13],[-47,55],[21,65],[-64,-22],[-27,32],[-46,-2],[13,-46],[-26,-13],[-78,8],[-66,39],[-149,-27],[-12,-38],[-42,2],[-6,45],[-173,20],[-32,15],[6,33],[-65,26],[-11,-25],[-55,-38],[-33,15],[-11,44],[-52,-2],[-70,39],[-83,86],[-30,6],[-86,-26],[-52,24],[-9,42],[-27,18],[-65,-9],[-42,50],[-48,-33],[-39,34],[29,30],[-87,92],[30,48],[-28,36],[-56,-23],[-48,1],[-61,60],[-104,31],[-86,14],[-61,64],[-12,55],[-112,-4],[-7,24],[85,58],[-12,30],[-125,55],[-72,-15],[-45,17],[-42,47],[-40,6],[-40,51],[-4,34],[-63,-13],[-115,-8],[-76,8],[-15,18],[-78,-19],[-20,24],[44,45],[-56,11],[-33,30],[35,61],[45,3],[51,28],[-24,20],[12,67],[-66,8],[24,93],[-30,18],[-63,-34],[-81,28],[-7,59],[-60,-10],[-97,-64],[-30,10],[-63,-16],[-21,45],[-46,5],[-125,-31],[-119,7],[8,40],[38,39],[-31,26],[-49,-59],[-34,-12],[-27,36],[35,80],[-8,29],[-71,-40],[-17,-35],[-43,-1],[-15,29],[8,51],[-47,8],[-8,77],[-46,39],[-29,-5],[2,-68],[-51,4],[-32,24],[-119,8],[-19,-73],[-8,-73],[30,-28],[-21,-25],[-49,19],[-68,2],[-40,-83],[-10,-46],[-59,-5],[-25,-42],[-68,-32],[-38,13],[-12,34],[-96,24],[-26,43],[29,44],[41,29],[-27,41],[-38,-17],[-27,47],[-42,-18],[7,-66],[-72,9],[-2,53],[-49,39],[-30,47],[42,50],[-8,44],[-41,12],[-35,-27],[-23,44],[-72,15],[10,42],[-53,74],[-30,23],[17,29],[-33,25],[-74,0],[-16,43],[-66,15],[-32,63],[-44,18],[-39,-16],[-48,43],[-23,-65],[-46,-13],[-61,77],[22,66],[2,69],[-34,25],[30,40],[-11,54],[43,47],[25,82],[59,26],[-46,46],[21,15],[46,-27],[50,3],[-16,54],[63,82],[9,63],[115,79],[-8,17],[-77,20],[84,65],[-14,20],[-55,-16],[-47,16],[-16,36],[-63,51],[-45,-44],[-21,43],[13,63],[27,54],[-51,73],[-3,57],[-83,40],[37,35],[-30,34],[15,29],[112,11],[32,59],[-5,51],[66,96],[-18,66],[-61,32],[-54,57],[-91,56],[-63,-3],[-74,-36],[-86,-7],[-8,-16],[42,-67],[-84,-50],[-97,-8],[-84,-35],[-61,1],[-27,18],[-40,72],[-89,4],[-77,-22],[-27,4],[-56,-55],[-113,-23],[-106,18],[-169,-11],[-71,59],[-4,92],[-13,56],[-54,-6],[-27,19],[-6,45],[-30,32],[-48,11],[-31,26],[-17,57],[-30,-11],[-96,7],[-74,-23],[-25,-50],[-45,21],[-20,46],[-27,1],[-90,-66],[-80,20],[-100,-5],[-49,49],[-54,-41],[-98,87],[-26,37],[61,41],[30,43],[-26,19],[-22,56],[-96,-39],[-7,50],[30,44],[22,104],[-46,17],[1,37],[80,53],[28,50],[-14,30],[-49,32],[3,61],[-97,70],[-35,35],[-34,79],[-64,39],[-37,-6],[-55,42],[-1,36],[-44,44],[12,32],[-27,46],[25,36],[-85,32],[-51,-73],[-30,7],[-34,68],[21,82],[-64,55],[20,39],[-17,44],[-45,32],[68,13],[-4,29],[36,35],[-25,28],[-61,19],[28,74],[78,-18],[51,14],[-37,31],[-47,12],[-80,-4],[-22,23],[40,54],[-3,34],[-38,67],[-34,-20],[11,-47],[-51,-19],[31,115],[-63,0],[-47,41],[5,37],[-37,56],[65,22],[37,-46],[73,0],[-15,37],[-9,114],[-30,25],[40,52],[-21,20],[19,48],[43,51],[-29,98],[-70,63],[-8,28],[-50,41],[-32,-17],[-54,6],[-21,50],[1,46],[66,59],[9,30],[-30,74],[23,37],[-48,28],[0,84],[-11,25],[9,57],[-30,30],[53,15],[13,33],[-32,16],[58,60],[45,19],[12,27],[75,-15],[39,-51],[54,61],[-53,5],[6,43],[44,13],[17,55],[-38,42],[3,65],[34,53],[-30,76],[-41,-9],[-48,37],[-20,47],[6,39],[-59,42],[-25,44],[33,22],[-78,56],[-10,45],[22,43],[57,29],[62,-30],[88,43],[38,3],[-15,44],[27,29],[-72,11],[15,60],[67,57],[68,20],[12,57],[39,25],[-88,40],[-6,27],[44,65],[-18,18],[-59,-23],[-16,37],[64,36],[62,48],[-4,68],[42,54],[-30,53],[2,35],[46,43],[52,25],[-29,64],[-69,22],[-58,43],[-6,30],[58,116],[-30,46],[-55,22],[-126,-36],[-52,18],[-11,61],[-63,0],[-56,-45],[-88,20],[-27,36],[7,54],[-25,29],[-55,1],[-131,-63],[-30,-59],[-40,-10],[-63,68],[-44,-11],[40,-94],[-46,-27],[-103,45],[-31,35],[4,43],[27,33],[-53,45],[22,35],[-93,22],[-44,22],[-22,-51],[-33,-14],[-42,11],[-42,41],[-2,68],[24,34],[46,20],[64,5],[116,66],[-53,56],[16,30],[64,-5],[-103,63],[-44,-42],[-63,-16],[-63,-50],[-51,-13],[-44,17],[-27,40],[-8,86],[-97,-9],[-81,2],[-27,-43],[21,-90],[-58,-15],[-61,46],[-12,36],[30,117],[-88,52],[3,50],[100,40],[-48,38],[-44,-2],[-108,-56],[-55,-7],[-29,13],[-47,69],[-2,112],[38,31],[-86,53],[-28,2],[-97,-28],[-64,-30],[-18,29],[43,41],[-19,28],[-46,-36],[-31,-82],[-54,-15],[-72,35],[-5,58],[27,74],[-8,81],[-49,37],[-39,-1],[-39,-25],[-13,-51],[-31,-33],[-66,-44],[17,-46],[-29,-17],[-122,66],[-49,59],[3,52],[-106,-1],[-77,-32],[-34,20],[25,61],[100,31],[-18,32],[-62,-23],[-106,-62],[-41,-35],[-43,28],[54,105],[0,33],[41,38],[89,-11],[-81,65],[-43,8],[-35,-107],[-57,-60],[-48,-9],[-55,-33],[-26,-44],[-55,-7],[-137,43],[-48,30],[-56,86],[-1,122],[-63,-2],[-18,-112],[-100,-118],[-71,-25],[-74,30],[-41,65],[-6,70],[-39,10],[-39,-41],[22,-70],[68,-52],[-15,-32],[-41,-20],[-38,17],[-19,35],[-67,61],[-19,42],[8,40],[39,56],[-79,17],[-42,-24],[-13,-104],[-52,-32],[-63,-8],[-49,14],[-28,37],[0,63],[124,133],[-17,43],[-47,17],[-155,17],[-58,-56],[-45,20],[-31,63],[1,52],[-79,-71],[-106,-14],[-7,-37],[51,-37],[28,-43],[3,-46],[-81,-150],[-37,-11],[-76,46],[-2,35],[-46,101],[-10,59],[-22,35],[-41,26],[-23,83],[-64,-53],[-41,-2],[-40,31],[-20,57],[-32,22],[-51,-5],[-50,22],[-32,60],[-117,-21],[-23,27],[47,67],[-16,22],[-56,-32],[-107,-7],[-120,-47],[-34,-116],[-57,-5],[-11,-45],[66,-19],[8,-38],[-42,-19],[-56,20],[-21,-33],[40,-33],[-15,-35],[-80,-3],[-21,36],[17,63],[-70,-12],[-55,-26],[-39,21],[-23,55],[4,57],[-31,12],[-60,-36],[-48,-2],[-10,56],[86,45],[54,85],[-33,66],[-66,42],[-6,55],[-52,-1],[4,-62],[-47,14],[-21,48],[30,49],[61,30],[62,83],[-69,-12],[-27,20],[-68,91],[-53,6],[-45,-27],[-6,-50],[-29,-20],[-47,11],[-16,28],[3,83],[-19,54],[-36,24],[-97,10],[-54,38],[14,60],[-31,34],[-49,-24],[-7,-47],[20,-65],[-60,-8],[-134,35],[-36,46],[23,74],[61,42],[32,60],[-11,27],[-71,14],[-41,-19],[-33,-101],[-46,1],[-108,87],[-24,36],[-2,54],[71,33],[118,20],[13,26],[-59,44],[-5,29],[85,95],[82,34],[-49,105],[-57,21],[-68,4],[-37,19],[-38,51],[-29,-61],[9,-78],[-20,-27],[-60,-31],[-15,-43],[-65,-31],[-65,19],[-22,-37],[35,-43],[144,-50],[8,-27],[-48,-13],[-100,10],[-100,0],[-63,-17],[-48,4],[-81,38],[-33,-4],[-37,-83],[0,-35],[48,-39],[148,7],[44,-39],[-2,-69],[-51,-40],[-66,-29],[-109,-12],[-122,20],[-67,23],[-51,37],[-47,57],[-46,-6],[-32,-35],[-12,-41],[-40,-22],[-150,38],[-48,-29],[-3,-44],[30,-42],[31,-78],[-48,-42],[-128,1],[-8,-44],[67,2],[90,-12],[71,12],[18,-40],[-17,-20],[-82,-4],[-41,-111],[-42,-40],[30,-65],[-65,-99],[-41,-41],[80,-111],[80,9],[53,-14],[57,-45],[15,-58],[-7,-108],[-47,-37],[-66,15],[-167,86],[-38,12],[-51,-8],[-46,-112],[13,-73],[40,-79],[94,-95],[5,-71],[-59,-46],[-19,-42],[3,-41],[53,-36],[105,-34],[37,-36],[-16,-33],[-109,-14],[-121,64],[-42,-20],[-24,-47],[25,-43],[108,-36],[1,-34],[-87,-45],[-124,21],[-53,40],[-27,67],[-10,86],[-39,6],[-71,-74],[-78,-36],[-97,-20],[-57,-38],[-73,18],[-110,79],[-74,-22],[-17,-34],[0,-79],[42,-105],[-7,-108],[33,-52],[35,-23],[48,-3],[114,36],[82,-15],[46,-66],[-25,-147],[-76,-70],[-86,-43],[-147,-23],[-70,8],[-66,26],[-71,41],[-122,92],[-136,33],[-123,-15],[-140,56],[-43,-34],[-11,-41],[-66,-30],[-70,60],[-18,31],[5,67],[-38,14],[-112,-13],[-32,42],[-31,77],[-83,-73],[-36,-4],[-81,44],[-52,42],[-86,39],[-9,48],[62,43],[-47,32],[-60,-8],[-67,26],[23,74],[104,78],[51,56],[-6,60],[-36,62],[119,124],[-4,27],[-82,19],[-104,-47],[-63,13],[-11,32],[32,32],[91,10],[50,27],[20,51],[-53,55],[-22,58],[-28,16],[-73,-15],[-38,77],[10,54],[80,63],[128,11],[30,30],[-65,78],[-32,16],[-61,-10],[-32,-78],[-78,-13],[-82,30],[-32,-9],[20,-50],[92,0],[7,-29],[-70,-47],[-156,-7],[-62,21],[-36,65],[7,157],[-7,35],[55,116],[57,42],[52,22],[-14,31],[-40,3],[-104,-60],[-66,27],[-20,47],[-55,-1],[-53,-23],[-66,35],[24,44],[104,22],[27,35],[-14,33],[-58,46],[1,35],[59,39],[67,21],[-88,51],[18,57],[66,18],[20,24],[-5,41],[28,53],[-21,38],[-33,15],[-81,-5],[-30,50],[96,34],[12,23],[62,43],[16,35],[-39,73],[-25,69],[-43,34],[-54,15],[-77,38],[-50,-5],[-31,-26],[39,-165],[90,-94],[0,-36],[-46,-23],[-69,21],[-35,65],[-46,35],[-116,-12],[-60,18],[-21,28],[11,73],[-39,57],[-38,-3],[-73,-56],[-85,-28],[-37,5],[-32,38],[8,67],[35,49],[14,45],[-54,73],[-10,77],[-36,-3],[-31,-55],[-110,-39],[-51,16],[-14,29],[-143,63],[-21,88],[-55,-7],[-44,61],[11,38],[205,42],[188,0],[-7,41],[-57,59],[-62,-6],[-57,-33],[-74,0],[-50,49],[20,45],[88,63],[29,36],[30,77],[75,34],[-14,43],[-128,16],[-88,-16],[-55,-61],[-8,-74],[-42,-9],[-104,48],[-12,83],[30,70],[65,58],[81,35],[32,48],[44,5],[58,-35],[21,15],[-52,136],[-32,7],[-20,-37],[-68,-21],[-100,26],[-74,-35],[-53,20],[-14,40],[13,39],[55,29],[35,36],[20,68],[39,93],[-56,60],[19,53],[61,23],[5,19],[-82,25],[-16,22],[49,43],[19,42],[-30,36],[-86,-25],[-62,29],[14,34],[94,70],[-11,51],[-74,14],[-20,33],[61,73],[-62,16],[4,60],[103,57],[53,58],[54,2],[58,-36],[22,17],[-45,47],[-12,50],[8,51],[-29,53],[7,22],[113,32],[14,23],[-25,34],[-65,-3],[-63,-27],[-43,28],[7,22],[71,36],[45,6],[77,-24],[62,-44],[75,0],[33,41],[-68,63],[-26,102],[23,41],[35,15],[93,-16],[25,28],[-12,51],[-60,44],[-86,9],[-70,37],[-78,-8],[-52,30],[-23,32],[-49,-2],[-62,-24],[-40,-32],[-62,-17],[-54,-49],[-61,-19],[-135,-16],[-88,7],[-72,23],[-44,66],[-60,30],[-112,-3],[-70,19],[-49,49],[-50,9],[-52,-35],[-67,2],[-42,63],[5,72],[90,116],[75,7],[40,-13],[36,28],[-97,42],[-71,70],[-26,-7],[-88,-78],[-70,-6],[-22,33],[-19,67],[-33,3],[-160,-128],[-74,-22],[-136,-8],[-35,11],[-52,62],[7,70],[128,51],[58,43],[27,38],[-1,45],[-50,80],[9,40],[55,89],[-45,72],[-57,42],[-103,12],[-21,41],[43,67],[58,4],[45,32],[19,105],[-12,70],[-50,64],[-45,21],[-14,42],[61,59],[41,18],[9,52],[-11,44],[-67,59],[-39,6],[-21,-54],[-61,17],[-28,179],[14,47],[-55,35],[-47,67],[-51,11],[-133,-38],[-103,3],[-121,45],[-77,56],[-33,-16],[-11,-60],[-56,-37],[-101,9],[-32,13],[-33,82],[43,50],[-20,19],[-49,-17],[-29,11],[38,121],[56,75],[-7,53],[-87,6],[-129,38],[-50,-4],[-44,-47],[-25,-68],[-32,-27],[-83,-1],[-91,44],[-59,1],[-23,-40],[39,-162],[-9,-22],[-149,-24],[-76,-18],[-40,31],[-102,39],[-94,-23],[-51,9],[-19,103],[-35,90],[-44,36],[-66,9],[-40,23],[-18,70],[37,49],[93,28],[32,48],[-2,42],[-38,51],[-100,42],[-68,19],[-132,4],[-72,-12],[-75,-35],[-86,-2],[-38,20],[-32,46],[1,67],[49,76],[40,37],[86,54],[-2,37],[-47,40],[-34,2],[-69,-63],[-53,-24],[-88,7],[-42,22],[-46,-13],[21,-47],[16,-95],[32,-27],[80,-41],[-31,-46],[-118,-2],[-98,38],[-101,51],[-68,-36],[-24,11],[-61,81],[-41,23],[-112,-15],[-38,-26],[-31,-56],[-10,-70],[43,-93],[-8,-35],[-55,-22],[-44,2],[-98,66],[-47,46],[-81,107],[-54,-1],[-42,-31],[-22,-91],[13,-53],[-21,-47],[-38,-14],[-66,10],[-54,39],[56,111],[-58,69],[-40,78],[-98,-16],[-89,20],[-59,35],[-60,-2],[-90,-36],[-92,-5],[-7,-32],[55,-66],[-13,-49],[-102,-67],[-32,-72],[-27,-5],[-24,51],[-52,47],[-40,15],[-65,-1],[-79,-36],[-60,23],[15,33],[-26,35],[-38,-25],[-38,-62],[-34,-19],[-44,17],[-84,13],[-96,32],[-141,85],[-108,11],[-58,57],[-46,12],[-71,-12],[-51,18],[-28,32],[-42,-4],[-45,-54],[-55,-3],[-24,29],[11,52],[50,79],[-11,29],[-43,-4],[-117,-70],[-48,-46],[-76,-9],[-58,47],[19,57],[108,54],[-2,27],[-40,15],[-90,-78],[-90,-6],[-92,80],[-38,49],[-53,28],[-75,-27],[1,-63],[51,-62],[2,-37],[-86,-94],[-84,-27],[-49,24],[-22,44],[-10,123],[-13,34],[-66,24],[-161,-48],[-44,-35],[-50,-4],[-107,15],[-39,-17],[-128,-101],[-145,-87],[-60,-16],[-187,-27],[-44,-30],[-21,-65],[-1,-47],[27,-113],[-31,-52],[-59,-25],[-53,12],[-45,27],[-17,39],[-61,2],[92,-84],[32,-55],[-13,-55],[-55,-26],[-55,6],[-60,81],[-42,15],[-40,-17],[-35,-40],[-45,-17],[-112,54],[-43,-32],[12,-30],[54,-30],[47,5],[50,25],[46,-9],[48,-79],[12,-43],[-17,-42],[-124,-51],[-43,-32],[6,-64],[53,-28],[91,5],[54,-33],[8,-45],[-67,-54],[-78,10],[-66,60],[-23,-20],[0,-95],[-18,-28],[-55,-12],[-76,30],[-51,6],[-67,54],[-94,12],[-36,-17],[-28,-71],[-79,-36],[-66,-1],[-77,87],[-37,28],[-68,-20],[-6,-36],[68,-99],[7,-41],[-45,-60],[-56,-19],[-146,-11],[-66,-34],[-78,21],[-16,30],[30,50],[60,3],[68,25],[13,42],[-52,64],[-86,47],[-18,24],[6,43],[46,47],[82,21],[24,42],[-104,41],[-69,92],[-51,127],[-29,40],[-65,41],[-64,5],[-52,-34],[3,-59],[-43,-27],[-49,8],[-81,43],[-36,-4],[-1,-37],[-42,-37],[-62,-1],[-129,55],[-52,-24],[9,-44],[-17,-21],[-52,7],[-29,28],[-77,37],[-52,58],[6,77],[30,68],[-46,20],[-92,-32],[-73,-36],[-90,8],[-49,36],[-29,65],[24,75],[32,51],[-15,50],[-33,20],[-43,-3],[-162,-97],[-61,13],[-15,85],[-30,53],[-37,17],[-102,25],[-43,-8],[31,-61],[-38,-25],[-57,77],[-19,99],[-22,26],[-50,10],[-111,-16],[-28,-41],[7,-72],[-15,-48],[-55,-42],[-109,-34],[-27,-19],[-6,-55],[-38,-30],[-41,-8],[-30,17],[-1,58],[43,50],[-22,44],[-34,4],[-57,-24],[-58,42],[66,101],[-5,45],[-71,14],[-135,-28],[-56,35],[5,55],[-205,47],[-42,55],[-59,12],[-88,78],[-39,55],[-23,61],[-39,53],[-75,19],[-59,-36],[-20,-80],[-25,-20],[-55,2],[-24,61],[10,33],[46,49],[19,51],[-30,46],[-7,68],[-24,31],[-52,-7],[-21,-37],[-4,-65],[-65,-39],[-73,2],[-48,44],[-13,32],[13,60],[-39,10],[-33,-40],[-46,2],[-11,28],[-74,16],[-70,-55],[-14,-61],[-34,-38],[-69,-14],[-9,-53],[-58,-10],[13,-27],[53,-27],[20,-36],[-24,-58],[-110,-17],[-66,31],[-20,59],[-32,32],[-9,48],[10,59],[-41,9],[-60,-112],[-56,-25],[-86,-2],[-50,34],[-6,25],[9,129],[-31,22],[-66,-22],[-30,29],[125,40],[-28,78],[29,40],[-98,-8],[-30,-35],[-2,-60],[-49,-1],[-34,27],[9,37],[-135,-70],[-97,-15],[-169,46],[-35,24],[-41,96],[-56,24],[-59,-14],[-62,-41],[-13,-42],[64,-7],[44,-32],[28,-105],[-13,-56],[-62,-44],[-53,2],[-36,18],[-33,53],[34,58],[6,36],[-24,27],[-52,-2],[-42,-25],[-41,-1],[-63,43],[-23,54],[-12,70],[-52,-48],[-119,-37],[-73,-56],[-46,-2],[-44,26],[-21,91],[9,44],[45,57],[-28,70],[-61,41],[-49,3],[-26,-67],[19,-53],[-8,-25],[-86,-32],[-24,-45],[43,-35],[1,-40],[-48,-8],[-51,31],[-18,43],[0,71],[-41,28],[-79,22],[-23,27],[-59,25],[-14,36],[26,72],[-10,39],[26,37],[90,8],[-115,50]],[[370514,125538],[-1,1482],[-1,689],[-1,937],[-1,1326],[-1,1390],[-1,937],[0,794],[-2,1395],[-2,3452],[-2,1667],[-1,1193],[-1,1864],[-1,844],[-3,3694],[-1,1637],[-1,1496],[-1,1597],[-1,1099],[0,831],[-2,1877],[-2,1190],[-1,1205],[-2,2067],[-2,1789],[0,1385],[0,837],[0,1385],[0,989],[1,1124],[0,641],[-2,2652],[0,849],[-1,2201],[-1,1059],[-1,1724],[-5,674],[4,1220],[-1,1245],[-1,971],[-3,3364],[-1,1345],[0,495],[-3,1612],[-4,2657]],[[370465,190419],[1473,1],[1176,0],[1319,0],[976,0],[1663,1],[1198,0],[638,-1],[803,-1],[1319,1],[1319,0],[1569,0],[1089,0],[1189,0],[1431,0],[1319,0],[1320,0],[1319,0],[1320,0],[1319,0],[1462,0],[1188,2],[2313,-2],[1513,0],[1440,0],[1320,0],[1319,0],[1148,0],[1318,-1],[837,0],[1290,-1],[1784,1],[1100,0],[1099,0],[1084,0],[1098,0],[858,0],[1290,0],[1316,0],[918,0],[1133,0],[1216,0],[2179,0],[1053,1],[1113,0],[1103,0],[1090,-1],[1028,1],[1152,0],[1080,0],[1064,0],[1124,0],[1089,0],[1089,0],[1090,-1],[1525,0],[1743,1],[1525,0],[654,0],[1089,0],[1090,0],[1187,-1],[1208,0],[871,0],[1089,0],[1577,0],[1255,0],[971,0],[1207,0],[1525,0],[1089,0],[1392,-1],[935,1],[1554,0],[1346,0],[1612,0],[1223,0],[1716,0],[1510,0],[1127,0],[1105,1],[1626,0],[1872,0],[1329,0],[64,33],[34,44],[-2,26],[49,36],[27,38],[-7,42],[22,50],[46,22],[72,15],[35,-16],[35,32],[33,-22],[18,46],[34,9],[51,-17],[84,59],[29,47],[-14,35],[26,28],[60,-3],[5,57],[89,-35],[133,50],[41,-35],[45,56],[22,54],[-24,14],[29,49],[47,18],[32,68],[41,57],[-31,35],[-5,44],[55,20],[10,104],[41,-7],[53,72],[45,13],[0,46],[-34,66],[63,102],[-39,10],[80,81],[-98,3],[-23,11],[26,56],[35,33],[58,12],[37,73],[49,33],[30,51],[0,32],[39,59],[62,14],[-8,106],[23,47],[-15,37],[81,19],[16,51],[38,11],[46,48],[53,21],[46,-7],[28,-26],[-2,-54],[77,70],[41,-10],[13,51],[65,-41],[43,20],[87,-51],[38,77],[108,21],[-6,30],[53,19],[4,86],[-43,68],[-12,43],[12,28],[68,-18],[84,10],[52,-28],[48,3],[24,-17],[48,34],[81,23],[71,48],[47,-7],[12,60],[86,51],[2,30],[-36,31],[37,41],[-10,59],[56,0],[26,20],[-52,44],[0,22],[55,18],[26,39],[102,4],[35,26],[74,14],[109,61],[14,-34],[66,17],[34,28],[9,74],[49,7],[-18,44],[26,39],[56,-17],[37,24],[35,58],[34,17],[21,47],[66,-15],[140,65],[26,-29],[26,-68],[32,-10],[60,46],[1,32],[-29,40],[119,34],[67,9],[-31,37],[28,28],[43,12],[-16,45],[85,96],[8,39],[39,19],[60,-2],[59,-21],[69,-8],[5,22],[65,-7],[31,-35],[18,100],[116,-16],[-2,41],[45,18],[-40,45],[28,26],[65,-12],[55,41],[15,-20],[57,0],[28,72],[64,3],[72,83],[54,-9],[16,-55],[56,-1],[49,18],[57,-61],[72,36],[54,-20],[3,-45],[35,8],[47,37],[33,68],[-17,50],[79,97],[46,-18],[41,10],[37,62],[57,50],[-29,28],[35,29],[44,-5],[16,37],[-20,24],[39,51],[-3,49],[100,9],[30,36],[6,79],[28,32],[1,67],[-30,10],[14,74],[70,5],[36,44],[58,21],[-47,68],[2,53],[115,90],[54,6],[28,67],[-21,48],[47,0],[87,26],[57,-11],[112,5],[64,46],[30,45],[-8,30],[54,28],[58,-32],[38,58],[45,25],[93,4],[56,30],[29,-25],[46,-9],[78,-39],[40,27],[34,-4],[51,66],[36,-32],[81,25],[155,-23],[41,-20],[51,-6],[56,40],[86,23],[11,28],[55,-2],[32,-29],[66,19],[61,-26],[37,17],[28,-27],[51,-8],[58,-36],[22,-33],[-21,-28],[-2,-62],[70,24],[7,-33],[36,-37],[-8,-83],[64,12],[8,-47],[64,31],[38,-3],[12,33],[55,12],[41,-9],[39,16],[84,-44],[66,-13],[57,-64],[-11,-43],[38,-61],[45,-20],[75,-6],[42,60],[56,-34],[-9,-65],[18,-18],[79,-29],[-8,-29],[36,-46],[-45,-51],[42,-42],[20,29],[75,-14],[63,26],[27,-22],[44,11],[92,1],[72,-31],[30,5],[27,42],[-46,52],[45,14],[8,31],[-51,49],[39,19],[4,31],[40,26],[60,-44],[39,24],[11,35],[90,33],[62,-19],[-49,-56],[48,-2],[17,-24],[81,17],[90,-26],[36,76],[120,5],[114,-39],[86,19],[66,-1],[54,40],[56,-54],[34,33],[55,-3],[92,21],[18,22],[55,14],[97,1],[47,-8],[21,-47],[29,-26],[56,34],[2,29],[58,-2],[51,65],[114,2],[57,-57],[48,-24],[37,15],[11,38],[45,4],[84,-18],[6,33],[48,23],[46,-60],[29,24],[57,19],[-2,-36],[38,-24],[6,-42],[52,-9],[114,1],[-49,-30],[36,-51],[56,38],[15,-37],[57,-14],[77,11],[-25,46],[56,8],[28,34],[-12,24],[101,11],[50,-9],[68,13],[65,-39],[42,-7],[45,11],[5,-45],[65,-38],[16,58],[85,14],[-15,20],[31,38],[46,-1],[110,-53],[62,35],[87,7],[24,-51],[41,62],[114,90],[70,8],[18,25],[3,58],[44,-14],[67,35],[-15,38],[57,25],[36,-40],[55,94],[55,17],[84,1],[44,43],[49,-17],[-8,-31],[45,-7],[43,-36],[125,32],[-20,-45],[53,-31],[38,54],[48,-6],[31,27],[8,60],[75,19],[104,-21],[70,-56],[37,31],[51,13],[49,-4],[5,65],[45,-51],[27,26],[9,47],[-26,25],[-13,83],[22,17],[73,1],[27,-24],[62,4],[5,-30],[65,-30],[27,28],[48,18],[-19,30],[56,32],[75,0],[100,-19],[22,29],[42,6],[-8,-44],[40,-13],[-8,57],[56,-19],[15,58],[49,-13],[-4,70],[57,25],[-1,-52],[17,-28],[106,37],[60,7],[11,35],[40,-3],[-6,-63],[15,-57],[52,36],[28,-17],[67,39],[20,-38],[-54,-56],[33,-21],[62,0],[19,-41],[-80,-16],[75,-45],[30,65],[35,17],[47,-16],[35,8],[40,-23],[17,-44],[69,-1],[40,-20],[39,10],[-15,65],[94,22],[94,-26],[93,101],[-45,21],[11,45],[68,-54],[40,28],[-54,37],[98,26],[17,-25],[65,33],[37,53],[45,30],[82,12],[83,55],[65,12],[55,-29],[60,-12],[30,9],[74,63],[50,-5],[46,-39],[6,-39],[54,-65],[110,-25],[58,-63],[86,-18],[38,-125],[87,-71],[158,-37],[111,2],[14,-18],[-23,-44],[-1,-41],[30,-51],[32,-28],[53,-13],[59,13],[13,-41],[0,-69],[53,-3],[7,-44],[-26,-46],[-30,-13],[10,-43],[66,-11],[-13,-47],[21,-99],[48,-16],[68,-59],[64,11],[44,-6],[-27,-74],[32,-20],[55,-3],[69,65],[70,22],[30,-48],[58,-39],[53,7],[40,-26],[-8,-53],[7,-75],[-50,-31],[31,-54],[86,23],[39,-2],[53,-24],[71,-51],[52,-68],[65,-37],[144,-21],[59,22],[10,-56],[24,-4],[75,33],[99,73],[30,-31],[55,-13],[55,24],[32,63],[78,-24],[95,-3],[61,-23],[129,-14],[72,28],[20,53],[50,20],[91,-14],[50,-26],[28,6],[24,-34],[-41,-38],[-40,12],[-103,-61],[29,-37],[88,-37],[51,17],[82,-13],[30,18],[66,-13],[39,74],[-1,19],[-80,60],[21,48],[46,34],[33,-9],[51,-99],[119,44],[18,-14],[61,12],[51,28],[52,-1],[53,-36],[79,-26],[51,-36],[46,-15],[7,-81],[53,5],[78,-9],[71,-24],[36,1],[19,50],[85,3],[7,-46],[79,-50],[34,60],[46,57],[44,36],[55,16],[75,37],[85,22],[153,68],[37,42],[44,-24],[-9,-25],[61,-92],[100,43],[65,57],[113,-20],[108,41],[-8,58],[54,33],[148,53],[37,38],[-4,29],[139,14],[90,2],[27,-13],[79,11],[28,-65],[89,1],[59,17],[38,-11],[53,-74],[134,-7],[151,-119],[52,-17],[17,26],[70,4],[60,-29],[76,-22],[58,-4],[-36,-75],[41,-44],[118,0],[43,-10],[106,-61],[48,8],[86,-31],[29,-74],[46,-38],[108,-67],[70,34],[43,-54],[0,-34],[27,-26],[36,12],[27,50],[30,9],[42,-24],[-3,-54],[77,-4],[50,85],[77,18],[65,0],[41,-20],[45,-84],[109,-68],[61,24],[35,-27],[55,-64],[7,-89],[23,-137],[67,-38],[-8,-56],[60,22],[47,2],[20,-65],[66,-37],[61,16],[47,-4],[36,-27],[37,20],[37,43],[31,15],[108,-11],[35,-38],[36,-11],[62,5],[64,-29],[72,-4],[30,-22],[102,-8],[16,-33],[79,-49],[89,-66],[31,-36],[29,-96],[9,-89],[-25,-22],[-77,2],[-26,-42],[44,-13],[22,-29],[26,-88],[-15,-124],[107,1],[62,-49],[44,-2],[18,-55],[-16,-25],[-7,-103],[12,-55],[-40,-14],[-23,-33],[2,-103],[76,-67],[-8,-31],[-42,-14],[8,-33],[50,-15],[5,-41],[31,-23],[43,21],[45,-17],[-16,-40],[25,-23],[68,46],[167,17],[0,46],[88,43],[59,45],[120,-15],[55,-33],[49,23],[49,-1],[16,-49],[-13,-23],[25,-34],[42,26],[72,-66],[16,-35],[130,0],[34,-60],[55,-63],[104,-39],[43,38],[113,-68],[125,1],[24,-61],[109,-95],[14,-33],[82,-6],[73,29],[33,-20],[173,-58],[45,-38],[50,-62],[3,-82],[105,-77],[75,-33],[115,-25],[69,51],[53,-58],[21,-76],[3,-60],[41,-56],[87,-26],[101,-76],[74,2],[55,-56],[94,-30],[15,-53],[76,-82],[-1,-117],[-20,-27],[9,-47],[-28,-31],[-69,-19],[-19,-65],[122,-87],[12,-29],[-72,-39],[7,-91],[21,-66],[59,-75],[12,-53],[-8,-138],[-34,-39],[-92,-54],[-28,-78],[60,-65],[113,3],[16,-162],[58,-39],[-30,-76],[-34,-7],[-10,-43],[11,-52],[-52,-46],[-51,-79],[-37,-25],[-7,-69],[45,-34],[16,-49],[-15,-23],[13,-118],[51,-79],[60,-43],[17,-44],[39,-27],[41,18],[82,-17],[40,-52],[2,-40],[90,-111],[66,-65],[27,-48],[-86,-59],[-30,-46],[4,-90],[34,-50],[-4,-48],[49,-64],[87,-7],[167,-106],[11,-40],[39,-17],[192,46],[69,44],[60,-1],[40,-22],[144,-35],[40,-3],[100,24],[104,-28],[88,77],[5,71],[39,39],[59,115],[68,37],[18,25],[112,2],[60,35],[38,80],[81,44],[119,75],[88,83],[48,95],[24,96],[44,147],[134,58],[48,32],[105,22],[33,26],[56,125],[39,47],[-13,33],[62,10],[23,-22],[38,36],[-5,56],[-69,35],[-90,71],[2,37],[40,46],[7,46],[42,66],[-27,98],[-1,56],[39,61],[-4,61],[32,51],[34,15],[44,116],[40,17],[95,111],[63,17],[28,80],[117,55],[28,47],[43,25],[-21,50],[17,42],[52,31],[23,93],[16,27],[10,96],[43,5],[180,101],[66,42],[49,-31],[61,9],[51,-7],[80,102],[73,67],[172,44],[22,30],[85,22],[70,-36],[119,32],[64,-39],[32,-44],[46,41],[5,61],[93,65],[30,11],[48,-16],[110,74],[74,72],[26,11],[115,-28],[38,51],[3,47],[97,90],[16,55],[42,12],[83,-5],[-3,51],[33,-1],[52,31],[7,49],[49,86],[62,7],[29,-56],[81,28],[43,63],[50,19],[35,-12],[29,-36],[34,-10],[-12,-63],[10,-28],[-28,-34],[30,-83],[34,-57],[4,-47],[55,-25],[-19,-49],[43,-68],[-1,-22],[44,-90],[-21,-31],[36,-47],[87,-19],[49,-40],[31,-4],[-20,-49],[46,-30],[14,-36],[44,-6],[45,-30],[50,-2],[-4,-74],[10,-53],[-20,-20],[-22,-82],[83,-42],[7,24],[71,41],[85,7],[55,51],[72,16],[106,38],[50,-46],[52,-22],[6,-42],[-44,-24],[20,-53],[61,-26],[78,-7],[25,-21],[65,29],[65,64],[15,81],[-9,27],[51,73],[-1,42],[-43,36],[-18,60],[29,111],[-5,44],[37,93],[36,11],[62,45],[65,17],[100,5],[75,-32],[45,-57],[36,-7],[96,12],[36,24],[147,-51],[38,26],[158,-47],[81,-39],[44,-61],[-10,-59],[87,16],[62,39],[126,42],[73,3],[29,18],[90,9],[60,31],[63,-25],[99,31],[51,84],[75,27],[35,-14],[34,32],[152,103],[42,43],[44,-56],[-22,-49],[26,-64],[41,-8],[79,31],[38,87],[44,68],[-7,26],[94,24],[62,184],[42,34],[-17,52],[50,55],[48,17],[-27,76],[46,50],[-19,38],[-70,-37],[-35,-7],[-48,-41],[-38,46],[-108,57],[29,33],[15,44],[-17,82],[55,17],[24,73],[51,-11],[26,25],[61,24],[10,104],[33,28],[-27,34],[25,58],[-16,33],[-1,58],[35,55],[0,26],[-40,49],[-6,60],[46,25],[32,47],[4,36],[-65,44],[30,57],[-5,116],[-19,35],[4,57],[64,50],[-5,68],[38,19],[52,73],[-21,85],[-50,26],[69,43],[83,38],[57,58],[52,36],[122,43],[62,85],[-53,45],[-4,30],[-38,20],[-31,54],[-24,80],[44,71],[-21,51],[-41,23],[-34,-17],[-33,11],[-75,-31],[-62,80],[-44,39],[5,61],[-77,48],[-98,-20],[-93,10],[-51,19],[-86,-24],[-49,10],[15,41],[-36,34],[-37,71],[-53,40],[4,133],[-25,51],[-45,35],[-13,37],[-67,80],[-12,50],[48,80],[3,33],[-41,30],[-23,106],[40,85],[-51,37],[-10,69],[-21,58],[-48,48],[-39,14],[-43,49],[-122,13],[-43,64],[-55,12],[-34,44],[20,59],[-51,67],[-5,45],[30,51],[-1,41],[-41,39],[12,73],[54,92],[-25,20],[-13,83],[38,41],[40,1],[113,82],[45,58],[61,26],[63,-4],[11,-46],[30,-53],[-20,-40],[4,-36],[33,-50],[24,-62],[39,11],[41,-27],[37,5],[37,-22],[74,9],[35,18],[105,10],[44,53],[-14,39],[54,37],[16,30],[35,1],[116,70],[53,61],[53,44],[24,53],[81,30],[45,29],[60,-2],[98,73],[-4,83],[25,29],[1,89],[12,14],[133,-27],[53,24],[51,-12],[45,17],[55,-15],[9,44],[75,14],[16,22],[51,3],[67,-16],[77,25],[48,-3],[8,25],[80,87],[40,0],[59,23],[87,126],[30,5],[27,35],[108,17],[25,44],[109,26],[49,-25],[48,2],[188,-55],[22,44],[30,15],[65,-27],[126,-25],[35,-72],[43,-32],[45,2],[43,-40],[58,55],[6,37],[47,61],[40,3],[30,96],[46,29],[11,34],[37,16],[14,72],[60,25],[70,57],[40,12],[5,43],[46,51],[59,33],[36,61],[29,24],[18,45],[199,-27],[63,5],[34,39],[19,83],[45,49],[177,131],[26,80],[46,5],[39,-15],[60,-43],[83,3],[70,-20],[50,21],[81,-17],[95,38],[69,45],[31,5],[113,-65],[48,5],[78,-15],[48,17],[42,-32],[48,-9],[86,83],[24,66],[70,65],[30,67],[120,72],[9,26],[62,42],[27,60],[-29,62],[-64,82],[1,129],[42,43],[-8,71],[46,62],[63,-32],[64,1],[18,25],[41,-1],[64,-28],[63,25],[49,4],[-21,66],[8,42],[30,45],[88,86],[40,5],[37,78],[43,34],[-20,63],[21,51],[28,22],[127,29],[38,-17],[104,8],[54,57],[65,-11],[108,22],[31,24],[78,17],[50,-29],[36,-4],[12,-38],[66,-78],[95,-13],[100,-54],[-47,-82],[-2,-94],[-51,-92],[5,-146],[-49,-49],[5,-54],[100,-62],[71,-8],[57,-59],[11,-39],[66,-30],[78,30],[-14,-71],[134,12],[109,-42],[30,-95],[65,-65],[45,62],[0,32],[30,45],[52,31],[62,89],[35,13],[4,59],[30,51],[36,29],[-35,92],[-24,115],[30,99],[48,57],[98,62],[24,45],[47,-11],[-5,-37],[20,-30],[4,-72],[45,-19],[34,-63],[-18,-55],[26,-66],[38,-24],[19,-44],[92,-47],[57,-65],[116,-15],[57,27],[59,1],[24,17],[60,-5],[51,-18],[9,-28],[48,-19],[22,-34],[6,-108],[73,-55],[91,18],[26,-73],[53,-25],[82,14],[36,-30],[37,-6],[7,-32],[48,-43],[65,36],[29,-25],[63,-24],[38,15],[55,-67],[49,-39],[80,-36],[43,-53],[82,-19],[59,-41],[74,4],[59,44],[11,24],[-48,41],[20,34],[69,18],[163,66],[58,-9],[81,-59],[50,-11],[22,-25],[61,14],[26,-13],[57,5],[22,27],[42,11],[-7,44],[10,66],[122,91],[60,-5],[19,42],[-12,42],[61,55],[41,65],[97,-32],[65,33],[57,62],[19,46],[70,-20],[64,17],[82,-27],[162,23],[31,25],[30,-45],[85,-28],[146,-129],[80,-5],[148,-67],[78,-7],[65,-43],[78,-36],[65,38],[79,-12],[74,26],[109,2],[48,18],[38,-7],[101,11],[65,-24],[72,-57],[82,19],[83,-43],[93,3],[91,-21],[161,42],[39,-18],[70,-3],[28,-29],[37,4],[35,-23],[90,57],[55,-39],[55,-14],[61,5],[98,-20],[24,-27],[47,-19],[46,-56],[44,3],[24,-27],[92,-8],[38,17],[61,-28],[112,-31],[71,-8],[46,27],[27,46],[8,47],[22,20],[17,80],[50,-7],[82,75],[46,77],[-71,82],[-10,48],[23,37],[94,-3],[37,70],[33,12],[66,-13],[0,98],[44,3],[83,32],[30,75],[75,0],[46,-23],[64,62],[-54,69],[18,34],[-56,34],[-14,35],[131,46],[54,26],[-8,73],[-39,63],[-2,58],[69,124],[41,-9],[36,22],[74,14],[46,-28],[36,-46],[68,-43],[49,11],[10,25],[45,11],[151,-135],[41,0],[144,-22],[22,29],[14,80],[46,62],[64,59],[77,-3],[66,28],[122,24],[18,29],[49,34],[68,8],[39,49],[63,5],[61,-21],[65,22],[62,-1],[55,-55],[58,-21],[41,18],[88,14],[30,-17],[66,9],[51,24],[54,-12],[28,-119],[95,-57],[89,27],[68,-8],[40,9],[43,-12],[98,25],[64,29],[34,31],[89,31],[47,37],[67,14],[29,20],[-4,50],[19,39],[88,116],[34,24],[74,78],[84,25],[37,22],[44,64],[-6,24],[86,35],[57,46],[35,44],[59,48],[116,42],[45,6],[62,32],[58,6],[28,31],[-9,40],[85,97],[46,66],[54,9],[59,62],[60,-17],[57,16],[598,-236],[46,-31],[90,112],[141,59]],[[536089,201201],[-8,-61],[-53,-24],[-11,-28],[24,-103],[-12,-37],[-65,-21],[-58,39],[-98,-65],[-23,-35],[-99,-3],[13,30],[-146,-15],[11,-54],[-18,-26],[17,-56],[-33,-40],[-38,3],[2,45],[-54,15],[-51,-25],[-36,-33],[-21,-51],[42,-19],[-2,-42],[36,-28],[-24,-29],[-75,-7],[18,-48],[63,12],[51,-20],[13,-44],[80,8],[39,18],[55,1],[43,16],[-18,40],[-39,18],[-85,-18],[3,65],[52,50],[14,56],[9,95],[29,48],[80,1],[39,11],[109,9],[28,86],[58,-51],[3,-56],[28,-19],[81,-6],[55,31],[61,-85],[37,-113],[-50,-19],[-35,-32],[31,-54],[-51,-41],[28,-31],[-17,-36],[-88,-14],[-48,-53],[34,-49],[-29,-56],[-77,2],[-19,-21],[51,-51],[125,54],[51,39],[12,32],[-21,73],[48,49],[51,81],[21,54],[18,88],[-15,103],[-193,304],[16,52],[81,12],[33,-111],[35,-89],[48,-90],[86,-102],[-17,-11],[-29,-112],[-10,-86],[2,-178],[26,-123],[30,-83],[36,-59],[40,-37],[113,-49],[-6,-40],[-49,-152],[-71,-284],[-48,-246],[-16,-183],[20,-73],[42,-25],[-13,-158],[2,-86],[21,-68],[28,3],[21,-39],[-32,-22],[-47,-99],[-86,-294],[-31,-135],[1,-60],[-31,-89],[-65,-261],[-32,-204],[-29,-151],[-22,-280],[-4,-173],[14,-366],[21,-95],[37,-40],[1,-76],[20,-141],[27,-132],[68,-232],[62,-151],[51,-88],[99,-145],[107,-140],[86,-88],[52,-43],[112,-65],[122,-40],[66,2],[49,41],[18,35],[51,-6],[48,31],[33,-21],[-22,-64],[-31,-25],[-62,-87],[-71,-143],[-60,-144],[-30,-86],[-40,-150],[-15,-91],[1,-54],[28,-54],[44,-10],[-27,-58],[12,-64],[-26,-34],[35,-38],[-42,-45],[-50,-78],[-86,-197],[-108,-322],[-14,-56],[-14,-125],[-4,-112],[23,-94],[61,-50],[43,-17],[29,-40],[-2,-42],[-25,-40],[3,-65],[42,-22],[-5,-116],[-25,-31],[-11,-59],[7,-38],[27,-23],[-54,-65],[-60,-96],[6,-36],[-65,-79],[0,-26],[-57,-100],[-71,29],[-42,46],[-48,5],[13,34],[-14,100],[-38,37],[-11,75],[-26,15],[8,60],[-16,19],[-65,-43],[-29,-47],[68,10],[28,-51],[-16,-81],[6,-80],[36,-44],[43,-27],[-55,-36],[-71,-20],[-56,5],[-57,37],[-128,35],[-75,-4],[-130,-26],[-82,-35],[33,-61],[98,12],[83,-20],[51,19],[66,-20],[41,4],[105,-62],[90,-29],[27,4],[36,86],[31,5],[46,32],[36,1],[32,-25],[-74,-54],[-122,-113],[-131,-130],[-56,-65],[-122,-119],[-243,-273],[-105,-111],[-118,-136],[-98,-123],[-72,-76],[-227,-293],[-114,-157],[-123,-180],[-160,-292],[-98,-215],[-67,-169],[-37,-117],[-32,-127],[-18,-144],[10,-102],[14,-40],[122,-56],[60,3],[29,-44],[-3,-61],[-25,-65],[7,-65],[65,-88],[-74,-120],[-119,-114],[-109,-83],[-162,-154],[-77,-95],[-63,-89],[-95,-114],[-118,-175],[-57,-134],[-191,-233],[-190,-288],[-103,-190],[-65,-150],[-42,-138],[-28,-159],[-7,-79],[9,-157],[36,-130],[21,-44],[80,-119],[34,-32],[56,-25],[66,4],[24,-36],[46,-33],[81,0],[17,-31],[-20,-53],[-35,-11],[-23,-76],[38,-43],[-58,-99],[9,-58],[64,-29],[-20,-44],[-34,-4],[-43,-81],[-28,-99],[-16,-107],[35,-24],[80,-25],[-5,-41],[-91,4],[-10,-36],[16,-61],[40,-34],[55,9],[1,-38],[-38,1],[-43,-53],[-44,-84],[-60,-190],[10,-74],[32,-10],[-18,-52],[55,-24],[39,-52],[-51,-49],[-63,-130],[41,-56],[13,-61],[-39,-64],[10,-63],[-40,-57],[15,-60],[30,-29],[-16,-36],[-49,-14],[-68,-90],[-49,-103],[-9,-71],[-76,-116],[-28,-57],[-16,-123],[-45,-97],[-22,-78],[-10,-84],[7,-67],[32,-78],[26,-30],[61,-36],[2,-34],[-68,-46],[-81,-125],[-41,-91],[-52,-145],[-31,-174],[10,-129],[20,-39],[43,-31],[64,-2],[39,-19],[-48,-72],[3,-62],[-49,-22],[-81,-78],[-54,-63],[-95,-153],[-56,-78],[-121,-275],[-34,-158],[-18,-57],[12,-66],[22,-7],[19,-56],[5,-72],[89,-93],[-6,-41],[-100,-71],[-46,-69],[-48,-105],[-10,-92],[20,-25],[11,-82],[20,-23],[25,-94],[18,-30],[-56,-19],[-8,-42],[-60,-16],[-33,-36],[-63,-100],[-103,-212],[-30,-94],[-14,-129],[0,-87],[13,-48],[55,-86],[37,-31],[-5,-51],[-25,-61],[-13,-123],[19,-46],[-13,-33],[-90,-78],[-48,-68],[22,-60],[-15,-64],[-48,-28],[-5,-48],[36,-32],[-23,-28],[-65,-26],[-58,-71],[-66,-103],[-84,-95],[-62,-83],[14,-30],[-33,-22],[-54,-82],[-87,-114],[-67,-105],[-58,-115],[-64,-91],[1,-24],[-46,-46],[-78,-136],[-23,-89],[-2,-85],[17,-49],[53,-42],[23,-40],[24,-97],[-17,-43],[1,-64],[-13,-69],[-21,-36],[-3,-50],[15,-53],[-28,-55],[3,-76],[21,-42],[138,-10],[24,-14],[-15,-48],[-47,6],[-27,-47],[-34,-99],[8,-66],[-50,-66],[-20,-83],[23,-76],[-13,-48],[20,-67],[-16,-27],[-80,-66],[-62,-83],[-6,-85],[-51,-19],[-52,-38],[-91,-95],[-105,-137],[-63,-126],[-12,-98],[-87,-161],[-8,-85],[-114,-141],[-68,-133],[-24,-89],[27,-19],[-1,-46],[58,1],[-22,-51],[6,-56],[46,-8],[-27,-62],[-32,-1],[-22,-37],[-18,-80],[-6,-74],[20,-65],[28,-27],[-34,-42],[3,-45],[108,-20],[-106,-16],[-113,-84],[-65,-58],[-79,-85],[-99,-131],[-51,-86],[-44,-95],[44,-10],[-68,-108],[-17,-63],[18,-108],[-39,2],[-81,-61],[-88,-98],[-67,-89],[-69,-109],[-60,-142],[-24,-112],[3,-31],[48,-69],[-107,-99],[-81,-92],[-144,-176],[-64,-86],[-63,-103],[-56,-111],[-46,-117],[-23,-83],[10,-52],[-31,-92],[-23,-161],[-24,-52],[-20,-90],[14,-119],[39,-58],[-32,-20],[-53,-60],[-73,-137],[-59,-203],[-2,-95],[27,-113],[-39,-67],[-19,-87],[0,-98],[26,-115],[15,-24],[49,-225],[31,-69],[-95,-33],[-154,-271],[-57,-133],[-56,-182],[-26,-137],[-15,-130],[-4,-184],[36,-125],[34,-34],[63,2],[3,-35],[39,-28],[2,-49],[-24,-38],[12,-29],[-32,-56],[-17,-165],[1,-144],[25,-92],[54,-5],[-23,-36],[-9,-97],[14,-221],[30,-180],[47,-154],[49,-123],[63,-108],[93,-110],[63,9],[80,-95],[40,-33],[95,-9],[96,-38],[49,-8],[81,4],[46,15],[47,34],[-15,95],[114,-38],[19,-24],[-13,-117],[17,-4],[64,-71],[19,-43],[-31,-33],[4,-75],[34,-3],[48,-52],[5,-30],[-30,-35],[0,-35],[45,-26],[-4,-40],[-58,-25],[-145,-151],[-63,-93],[-76,-73],[-82,-106],[-109,-198],[-77,-180],[-30,-89],[-27,-118],[-18,-147],[1,-158],[8,-71],[34,-104],[41,-69],[61,-59],[56,-31],[38,0],[27,27],[107,23],[-14,-95],[-68,-51],[-46,-59],[6,-43],[-41,-21],[18,-36],[-7,-40],[13,-44],[-93,-6],[-122,-107],[-70,-69],[-314,-347],[-43,-39],[-113,-136],[-109,-155],[-65,-113],[-99,-217],[-22,-84],[-1,-53],[33,-62],[56,8],[4,-76],[-57,-55],[-46,-9],[-99,-180],[-42,-99],[-32,-106],[-13,-79],[-5,-155],[16,-50],[36,-31],[42,9],[21,-97],[19,-33],[-41,-107],[-9,-73],[29,-56],[44,-16],[-57,-57],[-35,-93],[-10,-68],[-3,-100],[14,-52],[56,-50],[56,16],[-12,-87],[-190,-185],[-85,-105],[-192,-265],[-81,-129],[-124,-223],[-55,-135],[-35,-119],[-11,-100],[5,-103],[47,-54],[68,-47],[28,-44],[16,-106],[75,-68],[-17,-53],[17,-57],[49,-52],[-27,-81],[17,-39],[33,-18],[-3,-59],[-36,6],[-122,-88],[-21,-35],[-78,-56],[-27,-31],[-106,-83],[-78,-84],[-118,-105],[-87,-93],[-140,-132],[-164,-181],[-52,-66],[-98,-141],[-92,-160],[-55,-127],[-13,-91],[41,-59],[65,-64],[-11,-41],[-59,-23],[-41,-75],[-69,-178],[-8,-62],[8,-71],[47,-29],[-4,-35],[55,-37],[17,-32],[-25,-42],[-96,-29],[-160,-149],[-95,-101],[-128,-159],[-85,-139],[-70,-172],[-2,-104],[33,-47],[39,1],[31,-54],[49,-34],[-33,-109],[-46,-2],[-89,-86],[-136,-148],[-122,-125],[-97,-91],[-131,-154],[-135,-180],[-37,-59],[-72,-149],[-32,-96],[-13,-80],[8,-86],[37,-87],[83,-74],[123,42],[31,-25],[-13,-52],[-21,-14],[-65,13],[-191,-95],[-153,-91],[-222,-157],[-43,-54],[-132,-24],[-73,-76],[-250,-163],[-287,-216],[-116,-96],[-146,-133],[-88,-86],[-60,-71],[-64,-57],[-64,-106],[-38,-47],[-40,-79],[-54,-69],[-90,-69],[-121,-129],[-67,-98],[2,-34],[-76,-75],[-23,-61],[14,-40],[-65,-36],[-90,-82],[-69,-88],[-76,-136],[-26,-85],[-1,-72],[28,-52],[57,-75],[-43,-55],[-20,-54],[18,-50],[37,-3],[5,-34],[-47,-58],[-10,-34],[-87,-40],[-69,-59],[-118,-132],[-82,-131],[-51,-110],[-48,-135],[-30,-120],[-17,-117],[-4,-125],[11,-120],[34,-95],[35,-24],[33,-59],[160,-26],[56,1],[79,-31],[3,-68],[18,-78],[74,-53],[0,-45],[62,-28],[66,-8],[18,-19],[80,-14],[6,-32],[76,-21],[54,-58],[-50,-41],[-25,-48],[27,-21],[-21,-32],[13,-28],[-111,-57],[-98,-91],[-106,-129],[-106,-161],[-105,-224],[-41,-186],[-10,-152],[8,-72],[71,-43],[11,-62],[36,-23],[61,-101],[32,-12],[106,27],[54,-79],[-49,-15],[-39,-29],[-42,-64],[-21,-82],[-75,-84],[8,-31],[-38,-118],[-20,-39],[25,-22],[-7,-70],[-61,-47],[-80,-126],[-40,-115],[14,-28],[-31,-42],[-10,-62],[22,-38],[-19,-36],[24,-121],[21,-50],[42,-34],[41,0],[40,-38],[70,-6],[40,15],[25,-52],[7,-70],[-55,7],[-163,-42],[-52,-30],[-20,-54],[-40,3],[-94,-32],[-87,-18],[-24,-21],[-57,7],[-160,-37],[-211,-61],[-284,-93],[-207,-80],[-211,-89],[-52,-29],[-39,-39],[-147,-52],[-222,-93],[-194,-94],[-235,-142],[-144,-96],[-154,-122],[-155,-148],[-135,-163],[-57,-116],[-90,-203],[-46,-87],[-58,-47],[-122,-25],[-59,-35],[-215,-69],[-119,-46],[-164,-83],[-95,-60],[-129,-93],[-76,-70],[-90,-95],[-96,-120],[-47,-88],[-32,-85],[-21,-83],[-11,-86],[1,-84],[15,-70],[53,-78],[74,-12],[63,17],[75,-13],[-32,-85],[-29,16],[-90,-23],[-75,33],[-9,63],[-67,50],[-11,57],[-74,78],[-66,22],[-70,-4],[-133,-45],[-51,33],[-97,8],[-60,-4],[-44,-70],[-97,0],[-40,34],[-11,72],[12,15],[105,38],[8,47],[-99,18],[-28,19],[-26,59],[-59,-6],[-56,-68],[-43,-84],[23,-54],[-9,-44],[-91,6],[-42,-15],[-74,-49],[-108,27],[-49,-7],[-35,-37],[-43,-14],[-64,11],[-96,-31],[-95,19],[-13,45],[62,-11],[3,42],[-25,23],[-41,-23],[-62,-5],[-25,44],[-44,30],[47,44],[73,21],[24,32],[0,43],[-37,25],[44,27],[-20,66],[32,24],[4,33],[-28,33],[-77,4],[-89,-54],[-10,-35],[-55,-54],[2,-50],[36,-135],[-23,-44],[-43,-11],[-25,30],[-61,-1],[-24,39],[26,36],[-93,80],[-40,-46],[-118,12],[-30,-17],[-45,20],[-115,-33],[-115,41],[-73,70],[-43,-45],[-31,32],[-66,17],[-55,31],[-36,63],[-21,-7],[-36,-94],[23,-58],[-54,-53],[-123,-67],[13,-27],[-23,-29],[-9,-54],[20,-67],[36,-40],[36,-14],[57,18],[110,16],[50,-24],[39,-54],[-9,-119],[-57,-7],[-33,-31],[-29,-75],[-24,26],[-56,-1],[-198,-31],[-67,-42],[-14,-56],[19,-99],[39,-47],[-79,5],[-9,-41],[43,-31],[52,7],[74,68],[42,-20],[45,3],[51,40],[73,3],[54,45],[62,-12],[32,22],[80,11],[33,25],[29,56],[49,-31],[10,-42],[28,-21],[169,6],[57,75],[48,-10],[52,17],[63,-28],[75,-19],[48,-38],[79,-26],[44,22],[44,-18],[86,19],[14,114],[50,8],[-22,-60],[55,-41],[-12,-34],[16,-104],[93,6],[40,57],[-11,61],[-49,13],[-18,100],[-46,73],[-51,26],[43,43],[-5,69],[41,31],[18,-72],[36,-33],[28,7],[52,-147],[30,-27],[44,-1],[36,-58],[93,-43],[117,2],[25,12],[34,53],[-42,44],[28,31],[58,-11],[65,23],[56,-17],[170,-33],[91,23],[136,20],[99,44],[36,-3],[26,44],[35,8],[42,-61],[92,-64],[96,-2],[54,36],[-9,32],[40,40],[41,-19],[-6,-55],[-35,-25],[-36,-146],[9,-94],[39,-45],[-102,12],[-84,-32],[-20,-27],[6,-43],[45,-25],[-27,-31],[29,-25],[-44,-40],[-10,-43],[-37,-17],[-76,30],[-52,-70],[-136,-6],[-59,15],[-126,-28],[-23,29],[-79,-28],[-92,-63],[-39,-53],[6,-59],[51,2],[28,-78],[-43,-11],[-62,-75],[-92,27],[-60,32],[-148,-37],[-77,35],[-53,6],[-33,-20],[-28,42],[-53,30],[-158,-10],[-111,-13],[-52,-16],[-337,-65],[-218,-55],[-396,-114],[-343,-107],[-343,-120],[-338,-130],[-239,-100],[-384,-176],[-219,-116],[-198,-113],[-142,-89],[-115,-86],[-105,-109],[-59,-109],[-11,-82],[39,-87],[-5,-34],[-72,-36],[-69,28],[-32,86],[10,28],[80,102],[87,135],[39,97],[4,63],[-8,66],[-47,89],[2,75],[34,55],[127,66],[46,41],[76,97],[33,15],[58,111],[-20,90],[-111,44],[-98,14],[-104,4],[-124,-15],[-150,-63],[-36,-56],[51,-91],[-17,-37],[-56,-54],[-4,-37],[25,-35],[-20,-40],[-152,-4],[-7,26],[-108,10],[-78,22],[-87,51],[-33,60],[-34,33],[-53,23],[-169,42],[-96,15],[-53,-14],[-40,15],[-131,102],[-54,-17],[52,-29],[23,-56],[-11,-34],[-1,-100],[90,-109],[88,-56],[28,-48],[-1,-36],[48,-108],[183,-102],[68,-27],[19,20],[-100,42],[-95,67],[-36,49],[-6,74],[-28,59],[-74,50],[-41,55],[-56,-18],[-2,193],[90,-20],[100,10],[33,-21],[169,-36],[38,-43],[-42,-28],[62,-60],[35,14],[48,-40],[101,-35],[96,-20],[223,-8],[75,-20],[70,-126],[-49,-25],[6,-51],[33,-39],[6,-36],[51,-54],[12,-88],[-11,-51],[-79,-117],[-48,14],[-5,86],[17,62],[-166,49],[-127,69],[-105,50],[-140,-13],[-4,-27],[83,2],[71,-14],[252,-139],[49,-45],[27,-80],[18,-152],[-38,-51],[0,-60],[-92,-16],[45,-33],[86,6],[122,-11],[63,1],[105,51],[-17,-39],[20,-25],[-80,-39],[-61,-40],[-6,-27],[-80,-51],[-66,-6],[-21,-36],[-47,-5],[-116,-73],[-19,-37],[-86,-59],[-43,-12],[-112,-86],[-2,-66],[-82,-54],[-60,-76],[27,-59],[-4,-36],[33,-34],[-13,-91],[18,-31],[-16,-34],[-22,-136],[-43,-46],[-48,4],[-187,-102],[-125,-79],[-122,-84],[-177,-140],[-88,-85],[-61,-76],[-63,-113],[-28,-109],[8,-58],[34,-59],[-171,20],[-81,-35],[-5,51],[23,17],[-21,199],[86,58],[-45,51],[-54,-6],[-10,23],[60,13],[62,-16],[38,18],[6,39],[30,24],[32,92],[10,74],[-54,57],[-45,16],[-105,-11],[-32,20],[-81,13],[-17,71],[-51,98],[1,60],[73,27],[73,43],[17,24],[-22,54],[-90,44],[-35,27],[53,21],[34,47],[75,42],[36,45],[-6,85],[-48,41],[-49,15],[-50,-34],[-29,-1],[-46,35],[-17,58],[-124,51],[-42,-9],[-50,-38],[-4,-27],[53,-60],[45,3],[2,-34],[37,-52],[-18,-48],[0,-49],[-38,-29],[-7,-93],[25,-120],[-87,-17],[-49,69],[33,21],[-17,45],[-40,19],[-64,2],[-17,-19],[-104,35],[11,24],[-56,26],[-19,-60],[-22,-17],[44,-77],[46,-33],[37,86],[56,-4],[-10,-35],[31,-60],[-51,-63],[53,-65],[64,-41],[41,-42],[-19,-24],[31,-39],[22,-62],[45,-35],[-4,-55],[74,-111],[-19,-31],[-50,-18],[-57,87],[-15,81],[-62,80],[-64,16],[-40,33],[-59,11],[-69,-46],[-42,21],[-61,-61],[163,-16],[40,-50],[59,-10],[-45,-52],[9,-52],[44,-53],[7,-103],[-63,34],[-9,25],[-77,64],[-36,-33],[-2,-37],[-28,-34],[72,-23],[-13,-48],[-81,-20],[-14,-22],[28,-46],[62,5],[57,31],[49,-14],[54,-41],[28,10],[43,-22],[80,8],[-9,-73],[51,-58],[-78,-16],[-26,49],[-68,44],[-45,16],[-23,31],[-131,10],[-28,-28],[-68,5],[-92,-17],[-8,56],[-48,39],[-74,28],[-35,39],[-83,16],[-86,-52],[27,-66],[-25,-24],[-62,-11],[-32,-32],[-57,-90],[-19,-46],[-59,-4],[-40,-59],[-95,-9],[-49,-20],[-69,-8],[40,-55],[-42,-49],[51,-45],[46,61],[34,-2],[2,-47],[21,-24],[52,-17],[48,19],[119,18],[25,24],[52,94],[44,42],[42,-18],[66,-9],[45,9],[7,-67],[17,-23],[62,0],[-13,-130],[17,-22],[-16,-43],[10,-31],[-46,-8],[-69,41],[-84,9],[-10,-19],[48,-41],[-53,-11],[-44,26],[-27,41],[-36,10],[-57,-23],[16,-23],[11,-73],[43,4],[-6,-40],[-63,-13],[-50,16],[-49,-11],[-43,-48],[-31,83],[-48,-29],[-20,-107],[-82,-23],[24,-44],[87,-22],[25,40],[69,-15],[-58,-86],[58,-61],[-19,-22],[25,-82],[50,6],[41,79],[5,57],[67,63],[24,-28],[-6,-48],[34,-21],[-3,-69],[56,-14],[72,-33],[-4,-37],[58,-63],[38,-69],[92,-29],[18,55],[-35,92],[68,72],[6,43],[-36,38],[-85,40],[-132,39],[30,39],[21,59],[-13,28],[19,54],[127,-58],[20,21],[121,75],[26,51],[66,39],[10,35],[-31,86],[42,-5],[44,-33],[-6,-41],[22,-19],[-18,-44],[-63,-38],[15,-39],[74,-45],[-51,-65],[42,-22],[11,-29],[-44,-102],[47,-38],[45,-58],[-1,-49],[30,-6],[49,61],[-45,70],[15,63],[37,-21],[45,13],[-22,59],[18,29],[-29,44],[14,66],[50,21],[89,54],[17,32],[-35,64],[12,59],[33,39],[20,83],[0,51],[65,69],[42,-2],[32,37],[6,82],[13,25],[-10,61],[36,38],[32,77],[36,14],[22,-37],[-14,-89],[3,-63],[56,-37],[-40,-62],[10,-41],[50,-23],[77,-1],[23,60],[-56,21],[-12,-46],[-45,-6],[-10,28],[23,59],[56,-2],[79,-41],[59,-12],[38,48],[66,20],[-4,-43],[-52,-44],[-8,-39],[-75,-42],[-38,-34],[-32,-71],[-37,-46],[-13,-54],[27,-63],[-17,-26],[2,-75],[-57,-29],[26,-23],[-24,-31],[23,-30],[-20,-42],[-47,-47],[-13,-35],[-39,5],[-43,-46],[-34,-71],[5,-39],[60,-21],[23,-73],[-61,-17],[-3,-37],[43,-58],[-85,-62],[19,-64],[-7,-36],[-79,-6],[-17,-25],[18,-62],[-18,-43],[-76,-62],[-55,3],[-162,-111],[-115,-110],[-169,-132],[-85,-89],[-55,-82],[-47,-86],[-15,-59],[10,-46],[-25,-68],[23,-74],[1,-42],[50,-58],[92,-58],[52,-4],[-95,-66],[-9,-42],[-66,-20],[-32,-28],[-2,-47],[-66,2],[-99,-41],[-172,-90],[-126,-82],[-72,-56],[-89,-87],[-106,-121],[-62,-89],[-13,52],[1,89],[21,39],[91,12],[30,58],[36,39],[35,99],[33,46],[17,68],[74,79],[81,71],[37,19],[79,74],[39,57],[4,33],[-43,66],[-67,48],[-110,48],[135,22],[42,30],[44,78],[85,85],[20,32],[43,-14],[-8,-77],[65,46],[39,55],[-24,123],[53,-1],[54,29],[52,58],[31,91],[60,108],[59,47],[-38,49],[-57,23],[-10,69],[-48,19],[-111,11],[-59,-6],[-79,-47],[109,-110],[-44,-46],[-88,-195],[35,-51],[73,-43],[5,-72],[-110,38],[-51,31],[-72,0],[-11,-31],[-72,5],[-35,-47],[-52,36],[-39,66],[11,56],[-34,23],[4,65],[-102,11],[-144,-42],[-20,-23],[-2,-99],[48,-68],[73,-67],[-24,-74],[14,-76],[44,-87],[-11,-12],[-84,25],[-50,-10],[-4,-32],[-135,6],[-44,-22],[-34,-56],[-3,-102],[-26,-5],[-32,-62],[-107,-9],[-61,-19],[7,-44],[-33,-44],[2,-57],[-45,14],[-41,-19],[-12,-78],[-55,43],[-112,-6],[-72,-43],[-32,-53],[-39,-36],[54,-31],[21,-65],[29,-45],[77,-45],[41,-2],[98,-37],[-27,-22],[-111,36],[-36,0],[-114,-36],[-43,-54],[-19,-110],[22,-58],[46,-57],[114,-96],[132,-74],[82,-31],[76,10],[102,86],[33,40],[71,149],[0,60],[59,24],[56,-30],[16,-47],[53,-50],[-13,-31],[23,-68],[-61,-61],[5,-45],[-17,-32],[-67,-32],[-65,-56],[-27,-37],[-17,-59],[34,-35],[-63,-24],[39,-81],[5,-38],[-36,-25],[7,-47],[-87,-64],[-27,-53],[-98,-29],[-79,-71],[-7,-47],[-41,-13],[-63,-52],[-97,-101],[-43,-79],[-3,-69],[31,-54],[84,-1],[2,-44],[-46,-7],[-12,-27],[-70,-52],[-29,-6],[-62,-89],[10,-69],[57,-21],[6,-62],[25,-27],[-11,-39],[54,-43],[-33,-73],[-72,-20],[-62,17],[-77,-44],[-33,-47],[-3,-35],[46,-28],[-7,-47],[-58,-25],[-24,-37],[-39,10],[29,-89],[-56,-75],[-27,-10],[-59,21],[-14,-33],[-37,-5],[-9,-39],[-42,0],[-82,23],[-29,39],[-93,-9],[-71,-105],[-160,43],[-130,-45],[-5,-25],[-88,-30],[-59,-40],[-30,-50],[-49,4],[0,52],[-70,29],[12,55],[34,22],[-15,68],[-29,53],[56,30],[43,-90],[46,-6],[42,63],[40,10],[36,-45],[64,25],[-25,32],[-28,76],[21,33],[-52,18],[-54,0],[-2,51],[-63,12],[-2,32],[27,37],[-58,3],[-17,29],[8,39],[-32,57],[73,-16],[46,-47],[10,-63],[39,16],[-21,33],[25,66],[57,19],[73,-45],[76,-6],[1,-70],[-75,-6],[25,-37],[65,39],[60,-14],[48,42],[33,49],[2,48],[-74,1],[-40,26],[54,41],[33,72],[-13,38],[52,50],[-36,25],[-122,-21],[-34,-15],[-40,-54],[-4,-53],[50,-67],[68,-39],[-51,-31],[-55,7],[-47,47],[-50,14],[-40,-20],[-51,75],[-57,26],[-61,-13],[-44,46],[-39,16],[11,47],[58,18],[98,-13],[42,-28],[107,77],[-1,26],[-56,43],[-30,47],[40,59],[10,60],[46,2],[0,39],[80,23],[35,38],[-4,51],[-54,22],[-71,-16],[-38,-57],[-58,-14],[-51,44],[-46,-4],[-33,-118],[-22,0],[-8,64],[13,57],[-2,90],[-40,48],[-96,23],[-28,-44],[-53,-22],[-59,35],[-8,-44],[72,-31],[51,8],[36,-15],[-4,-40],[-28,-61],[-8,-91],[-52,10],[-96,-20],[-55,-97],[9,-26],[80,-47],[-9,-54],[62,-58],[0,-21],[-55,-28],[-9,-29],[-79,39],[-15,71],[-69,-61],[-69,25],[67,-87],[112,-24],[31,-48],[-51,-10],[-35,14],[-20,-61],[-48,-11],[-5,-33],[-73,-2],[18,-28],[88,21],[45,44],[53,7],[104,80],[6,26],[164,-35],[-58,-83],[-20,-47],[14,-57],[151,-89],[42,-9],[-9,-41],[42,-5],[21,-57],[-75,-22],[-104,32],[-32,-27],[-49,-93],[-101,-7],[-50,-15],[-85,-48],[-13,-56],[43,-13],[-81,-81],[-12,-43],[27,-22],[-18,-57],[20,-44],[-108,-33],[-77,9],[-139,38],[-80,-4],[-32,34],[-46,-2],[-34,-22],[-30,-47],[-3,-106],[-69,12],[-16,-40],[-52,-43],[-96,150],[-65,39],[69,99],[55,126],[-6,40],[-50,75],[-23,-9],[-151,16],[-7,38],[49,34],[-46,52],[28,45],[-32,59],[25,22],[90,12],[-23,35],[8,67],[118,48],[49,-2],[17,31],[51,40],[-40,14],[-46,-42],[-96,-12],[-24,-28],[-72,-30],[-21,-66],[-119,-58],[25,-75],[-19,-113],[-29,-83],[-30,35],[8,50],[-63,30],[-54,-23],[-87,22],[-25,-6],[-2,101],[-33,-4],[-18,60],[-61,1],[22,42],[-49,38],[9,38],[-35,60],[8,48],[92,94],[17,35],[61,-35],[35,95],[49,0],[64,-49],[28,27],[48,-9],[73,47],[27,53],[-11,49],[-27,32],[17,29],[-6,63],[52,56],[-44,2],[-51,-19],[13,-96],[-33,-41],[39,-39],[4,-58],[-43,6],[-21,-29],[-89,-10],[-11,28],[-96,-10],[-28,-32],[-105,-11],[4,-57],[-64,-52],[-33,-41],[-21,-77],[17,-44],[-2,-147],[-16,-26],[65,-45],[11,-84],[40,0],[16,-78],[-47,-103],[-45,44],[21,33],[-38,70],[-35,14],[-28,132],[-29,61],[-80,97],[-102,8],[-54,-20],[-28,-35],[-34,-82],[-7,-46],[-38,-1],[-33,49],[8,100],[28,33],[3,81],[-36,76],[-81,-2],[-5,25],[74,132],[21,52],[56,56],[56,-18],[13,24],[-57,19],[-19,34],[-43,35],[-58,20],[-58,-7],[19,68],[72,47],[29,94],[22,28],[63,-1],[13,29],[46,10],[-30,45],[11,51],[-60,57],[-23,-86],[-33,-43],[-43,0],[-88,-147],[-61,6],[-30,-14],[2,-75],[32,-55],[-61,-18],[-27,-49],[2,-46],[-34,-28],[-40,5],[-102,62],[-90,27],[-106,-30],[-73,-76],[-44,-111],[-36,-19],[-108,21],[-30,38],[-26,64],[-26,99],[-16,105],[-63,107],[-35,26],[-37,-11],[-39,-43],[20,-104],[-13,-38],[42,-15],[28,43],[-30,79],[3,32],[45,-1],[-1,-68],[46,-164],[17,-81],[68,-86],[100,-39],[63,-9],[46,18],[40,70],[55,31],[38,46],[58,18],[32,43],[47,-1],[33,-40],[86,-62],[48,-10],[91,27],[49,36],[43,61],[38,-26],[-42,-78],[-25,-5],[-34,-114],[-25,-25],[-43,-81],[-119,20],[20,-30],[94,-58],[49,10],[103,-24],[19,-20],[-32,-68],[-5,-56],[9,-81],[-12,-17],[29,-45],[-3,-48],[-63,31],[-21,-25],[-53,5],[-47,-16],[-31,70],[-33,12],[9,38],[-70,21],[-25,-8],[-19,-49],[-56,21],[-28,51],[34,48],[34,7],[20,37],[-73,5],[-124,-17],[-15,-42],[78,-27],[63,-100],[31,-30],[79,28],[10,-49],[-54,-63],[68,18],[50,46],[9,-60],[21,-19],[60,-4],[-24,-34],[-12,-93],[-38,-40],[-79,22],[-60,34],[-44,-42],[121,-33],[51,-30],[-57,-58],[88,-1],[25,34],[-4,36],[39,37],[53,-25],[-18,-147],[37,-68],[31,-20],[-47,-43],[-48,4],[-98,-34],[-78,-2],[-29,-54],[23,-18],[-9,-53],[-29,-41],[-70,-33],[-29,-34],[-48,8],[-4,-69],[38,-48],[50,-31],[-27,-35],[57,-9],[1,51],[-39,50],[-44,15],[56,67],[38,7],[81,53],[37,-34],[51,33],[-74,83],[4,52],[77,-14],[92,0],[45,46],[50,-40],[74,48],[-54,39],[63,34],[-75,34],[-28,27],[-11,59],[29,42],[61,-34],[43,8],[-72,64],[-11,50],[-42,31],[-42,11],[4,38],[81,40],[82,-10],[31,30],[14,46],[65,23],[40,36],[25,112],[39,-35],[49,-97],[-5,-21],[54,-23],[23,-77],[89,-67],[74,-15],[-8,-45],[17,-28],[-14,-39],[83,20],[110,12],[78,25],[74,-20],[32,17],[24,55],[-175,-33],[-158,-17],[-2,42],[196,1],[68,35],[80,21],[22,-15],[-53,-97],[46,0],[6,-45],[-30,-18],[-14,-45],[-59,-14],[31,-32],[-27,-47],[-59,-23],[37,-65],[-17,-21],[-91,49],[-14,-68],[91,-13],[88,32],[-11,38],[44,29],[29,48],[44,-54],[113,-98],[14,-40],[36,-23],[-47,-39],[-17,-48],[-57,-12],[-60,-105],[-103,27],[-64,3],[-7,-35],[-128,44],[-111,13],[-30,-35],[121,-16],[68,-37],[-46,-53],[36,-13],[-1,-80],[-61,-32],[-29,19],[-36,-32],[-47,-13],[-68,-77],[-98,8],[-67,-32],[-151,-48],[-11,-82],[-118,-130],[26,-76],[28,90],[55,36],[18,42],[36,18],[-4,67],[38,-6],[101,23],[21,37],[34,12],[110,-8],[118,88],[31,0],[106,34],[40,48],[68,4],[-70,94],[68,-12],[51,50],[14,-37],[43,-28],[68,13],[30,38],[28,-10],[65,59],[4,-77],[104,-24],[-33,70],[48,19],[57,-18],[-18,63],[-98,-6],[-20,66],[149,-18],[94,51],[58,-9],[1,49],[52,1],[65,37],[23,29],[3,57],[82,-3],[33,21],[81,-5],[132,-40],[35,-45],[-15,-58],[-30,-36],[-76,-30],[-7,-78],[-58,-81],[-54,-57],[56,-3],[78,39],[22,-48],[-34,-51],[18,-28],[-34,-24],[30,-82],[-54,-4],[-53,-26],[-39,13],[-113,-24],[69,-57],[-9,-27],[-89,-36],[-83,-17],[41,-35],[-13,-23],[55,-32],[-73,-63],[-16,-49],[4,-88],[75,141],[59,19],[34,-45],[34,-78],[80,-27],[9,-30],[87,-28],[24,-37],[54,24],[-107,142],[28,35],[40,-3],[12,31],[-25,22],[20,40],[-16,35],[11,34],[62,8],[52,51],[14,107],[0,109],[28,-18],[19,-51],[27,-21],[64,-6],[11,92],[-24,45],[-70,80],[-48,25],[-5,24],[48,61],[-13,37],[65,74],[29,76],[-18,40],[64,8],[74,-50],[-69,-8],[-44,-76],[-16,-78],[8,-57],[40,-1],[28,-36],[61,-29],[10,-32],[-50,-22],[-10,-60],[23,-44],[65,-9],[27,-65],[31,-38],[-35,-14],[-14,-100],[-59,4],[-37,-38],[28,-82],[-57,-13],[-30,-39],[8,-30],[-38,-15],[-24,-78],[36,-79],[-60,-33],[-32,-36],[-13,-46],[30,-42],[-54,-15],[-76,-112],[-23,-95],[43,-38],[-39,-78],[-54,-37],[-19,13],[-75,-17],[-15,-95],[-44,-43],[-42,37],[-120,40],[-51,-24],[-12,-24],[-57,-3],[-30,-27],[24,-77],[39,-38],[83,112],[24,5],[129,-88],[21,4],[37,118],[33,34],[10,58],[96,22],[-81,-152],[-21,-101],[27,-111],[51,-43],[17,-45],[91,-10],[37,-47],[-76,-9],[-93,-38],[-81,10],[-61,-26],[21,-37],[31,-9],[64,-118],[10,-78],[-61,-24],[-57,-60],[5,-75],[-55,-54],[20,-35],[-42,-44],[-1,-75],[28,-58],[51,-24],[60,19],[48,-43],[27,-54],[44,-10],[-19,-53],[-37,-13],[-4,-56],[-26,-17],[11,-37],[-25,-34],[-80,34],[-66,9],[-43,20],[16,80],[39,18],[-16,42],[-72,37],[44,39],[-9,24],[-53,22],[-110,-30],[-65,43],[23,-80],[56,-50],[4,-37],[-23,-25],[-50,20],[-22,-23],[-88,-31],[-24,45],[-72,16],[-30,36],[20,28],[-11,40],[-39,12],[-72,-7],[-22,-26],[-69,-4],[-22,37],[49,41],[-52,55],[22,65],[-89,136],[-6,-53],[-54,-13],[-86,13],[-47,25],[-41,55],[-32,19],[-19,-46],[41,-1],[28,-73],[116,-25],[103,15],[39,-61],[-21,-24],[-57,6],[-57,-37],[-19,-47],[125,28],[-14,-29],[9,-60],[-85,16],[-17,-47],[127,-31],[-31,-84],[-36,-23],[-44,7],[-13,-48],[40,-31],[76,65],[80,16],[-22,46],[21,41],[46,-1],[37,-23],[34,61],[27,-38],[-19,-57],[28,-36],[35,-1],[15,-57],[-15,-86],[35,-24],[26,24],[74,9],[55,28],[34,-47],[-49,-11],[-13,-24],[-49,-4],[9,-99],[-116,-25],[26,-53],[-105,8],[21,-40],[-14,-46],[-41,41],[-82,31],[-4,63],[-53,-61],[-25,63],[-35,-88],[-27,29],[-45,-30],[-16,42],[-31,18],[-41,-7],[46,-93],[-17,-42],[-72,39],[-48,14],[-6,43],[-29,14],[-18,-63],[-39,-4],[-5,37],[-64,35],[-61,-50],[13,108],[-66,30],[-51,-24],[31,-48],[-106,29],[65,52],[-13,27],[-66,25],[-54,55],[-49,-38],[37,-42],[-65,-22],[-44,20],[-45,53],[-78,6],[-25,17],[-56,-13],[-44,29],[44,29],[-10,73],[-27,-8],[4,-71],[-47,-17],[4,-31],[79,-36],[40,14],[55,-22],[69,-66],[30,3],[70,-24],[101,53],[-2,-42],[-50,-9],[14,-42],[-87,-17],[-64,22],[-30,-34],[-51,68],[-50,20],[-59,5],[-26,-47],[-32,8],[-37,-22],[-55,-1],[7,-33],[-54,-1],[-13,54],[-61,-13],[-113,51],[-63,17],[12,39],[-91,-29],[-12,60],[-57,9],[-51,74],[-69,29],[-7,24],[-91,-1],[-47,25],[-97,-14],[21,-32],[82,-5],[-115,-131],[19,-31],[48,0],[-5,-55],[31,0],[12,148],[51,63],[88,-19],[-7,-50],[-49,-27],[28,-59],[33,4],[21,39],[46,-8],[-6,-74],[47,-17],[-34,-34],[47,-19],[34,76],[77,-4],[29,-69],[37,25],[51,-5],[-37,-75],[-36,-29],[-12,-69],[86,-55],[-63,-25],[38,-44],[115,37],[14,21],[-36,77],[-3,47],[-45,31],[103,57],[28,-66],[49,-5],[33,31],[48,13],[22,-32],[-43,-47],[31,-17],[65,39],[24,45],[-69,27],[100,33],[26,-43],[40,-1],[89,-119],[-35,-45],[-42,11],[-107,-61],[-68,-15],[28,-44],[-65,-22],[89,-26],[32,-24],[29,77],[73,24],[12,30],[127,53],[-6,38],[113,42],[47,52],[60,-37],[-8,-34],[49,-42],[59,30],[48,-67],[-61,-4],[-68,-22],[-28,-92],[-147,-33],[49,-21],[43,19],[56,4],[51,-52],[29,42],[-51,44],[51,56],[42,20],[45,-18],[-17,-45],[71,-23],[-17,177],[71,16],[66,-17],[-13,-69],[30,-6],[31,49],[39,-33],[9,-41],[100,15],[38,54],[7,-112],[-17,-31],[56,-31],[47,10],[-5,35],[69,18],[23,-33],[-14,-37],[28,-25],[88,45],[-8,69],[68,1],[-1,-73],[65,-22],[50,25],[44,-8],[57,64],[-29,44],[-12,68],[-41,72],[70,51],[24,-50],[41,39],[86,29],[8,37],[-67,27],[34,28],[-13,25],[49,39],[7,-48],[36,-45],[35,-112],[-20,-30],[0,-67],[-43,-52],[12,-35],[-2,-91],[11,-28],[-25,-44],[15,-63],[23,-39],[4,-90],[-30,-26],[-30,37],[-46,-7],[-46,-32],[6,-72],[-57,-16],[-25,-42],[23,-29],[13,-102],[-112,-39],[-63,-48],[27,-140],[22,-27],[-14,-61],[65,-36],[-52,-46],[-49,-21],[-14,-64],[114,-100],[-35,-24],[25,-26],[10,-70],[-80,15],[-40,33],[-63,-1],[76,-86],[19,-43],[-13,-27],[-89,-24],[38,-57],[-27,-41],[14,-62],[-49,-95],[-43,13],[-60,-14],[-54,17],[0,88],[-46,17],[-26,-20],[-45,25],[35,22],[-29,98],[-40,37],[-39,8],[-76,-38],[-67,-74],[-33,30],[32,116],[-9,19],[124,39],[-36,22],[-212,-52],[-50,182],[-79,39],[-12,-46],[55,-193],[-56,0],[-14,75],[-47,178],[-62,9],[-16,-43],[18,-70],[42,-17],[19,-32],[-61,-38],[-48,26],[-37,141],[-101,67],[-38,-11],[-44,-39],[-54,-73],[-44,-107],[-44,-86],[-33,-111],[-5,-95],[17,-51],[-45,-35],[-55,-5],[-28,-78],[-156,-32],[-48,43],[-16,80],[45,35],[65,104],[-24,23],[-42,-17],[-32,-36],[-77,-37],[-6,-59],[-29,-29],[-85,-40],[-71,21],[6,62],[-67,8],[-70,28],[-81,-4],[-207,-34],[-32,49],[40,43],[-66,13],[-46,-15],[-6,49],[-33,14],[-37,-42],[-30,-7],[-42,-61],[-214,0],[-2,65],[46,37],[-7,39],[-29,20],[60,44],[28,42],[33,15],[-1,58],[-80,46],[58,-86],[-47,-28],[-35,-41],[-82,-8],[-92,-27],[-33,59],[-41,-9],[17,-53],[54,-14],[125,15],[34,-60],[-53,-3],[-38,-21],[-9,-55],[40,-4],[-7,-39],[45,-24],[48,10],[102,-11],[61,-15],[84,35],[32,44],[31,-32],[40,-2],[-14,-45],[-86,-2],[-57,-38],[-8,-59],[-61,-14],[-18,-30],[-42,-10],[5,-57],[32,0],[2,51],[43,-11],[31,37],[74,-37],[-30,73],[30,43],[142,37],[27,-16],[-7,-60],[59,49],[106,27],[81,-15],[25,-72],[-61,-2],[-26,-28],[43,-38],[-41,-33],[78,-18],[18,63],[52,48],[-17,71],[50,0],[-16,-81],[12,-23],[60,-8],[64,19],[104,-27],[-10,-39],[32,-36],[61,-23],[4,34],[69,28],[13,-23],[-34,-44],[21,-56],[52,-41],[37,-136],[48,-48],[142,-24],[63,13],[49,54],[57,43],[-7,36],[-64,35],[-55,44],[-80,30],[-34,68],[184,4],[44,31],[46,59],[-5,81],[124,-78],[24,-27],[-28,-34],[35,-16],[6,-37],[-66,-10],[-24,36],[-58,-1],[-84,-23],[-17,-27],[36,-58],[46,-19],[87,-4],[43,47],[23,-50],[30,-23],[54,-8],[68,82],[58,-14],[86,0],[41,35],[73,20],[0,23],[-91,1],[3,57],[-155,22],[26,18],[227,-16],[74,5],[60,25],[30,38],[56,21],[72,-37],[24,-52],[21,-118],[-26,-32],[-11,-68],[19,-15],[-37,-39],[-27,-64],[-63,-66],[-86,-27],[-90,0],[-24,18],[-89,-21],[-61,65],[-64,23],[-48,4],[-125,-19],[-145,-63],[-61,-57],[-62,-84],[-12,-44],[45,-39],[-37,-77],[37,-33],[-24,-62],[-39,-20],[-70,-9],[-25,120],[24,66],[32,22],[-11,36],[-95,-26],[11,-33],[-56,-72],[26,-26],[-11,-87],[-78,28],[9,77],[39,92],[-40,7],[-39,-72],[-76,-6],[50,-35],[-4,-29],[-49,-15],[-92,-5],[-97,-25],[25,118],[-36,20],[-55,1],[11,42],[43,56],[-51,48],[-7,-52],[-87,-29],[19,66],[-44,42],[-45,-16],[7,-32],[-37,-72],[-60,27],[34,-75],[-44,-5],[-84,-30],[51,-44],[70,-16],[6,53],[38,16],[8,39],[47,-4],[68,-75],[-18,-33],[47,-11],[20,-30],[-36,-30],[23,-69],[-74,-27],[11,-23],[59,17],[34,-9],[55,68],[37,-23],[40,35],[36,-15],[57,28],[11,-63],[43,43],[48,19],[17,-61],[-52,-67],[-65,-37],[65,-11],[-1,32],[57,76],[68,-16],[81,34],[57,-48],[57,11],[32,33],[96,-18],[22,44],[51,32],[35,-76],[2,-64],[-81,-112],[-77,-66],[-42,-68],[-64,-56],[1,-60],[-43,-21],[-72,-12],[-97,-41],[12,-35],[-88,-85],[-19,-44],[-3,-57],[-67,10],[-16,-39],[-53,-26],[-22,-38],[-49,-26],[-93,-67],[-70,-30],[-26,5],[-35,-57],[-192,-112],[-134,-30],[-104,-68],[2,-32],[-34,-21],[-42,2],[-84,-84],[-77,-18],[-76,-74],[-15,-39],[-70,-14],[-50,-52],[-58,-41],[-48,-11],[-19,-33],[-98,-93],[-19,-64],[-29,-19],[-58,-9],[-54,-69],[-92,-21],[-74,-65],[-19,-46],[-82,-70],[-40,-49],[18,-42],[-22,-43],[-52,-32],[14,-42],[-18,-25],[-58,-33],[-2,-61],[-53,-18],[-101,-125],[-49,-87],[-35,-15],[-50,-81],[-57,-66],[-1,-62],[-44,-16],[-40,-40],[-28,-62],[-68,-65],[-33,-60],[-14,-82],[39,-31],[-30,-65],[6,-65],[-17,-21],[-58,-150],[-7,-67],[23,-68],[118,-87],[-50,-49],[-83,-56],[-69,-98],[-42,-32],[-59,-78],[-60,-133],[-8,-122],[15,-53],[50,-6],[50,-27],[-46,-29],[-56,-102],[-38,-160],[15,-210],[-32,-28],[-27,68],[-7,67],[-37,-14],[-6,-44],[-87,32],[-11,-36],[135,-97],[56,-13],[10,-46],[41,-16],[2,-50],[52,-25],[86,-1],[-5,-89],[48,-110],[56,-32],[-116,-7],[-52,13],[-76,-42],[-113,-87],[-118,-122],[-105,-173],[-44,-145],[2,-67],[-39,15],[-28,74],[-46,19],[-46,62],[34,37],[46,8],[27,77],[11,73],[26,85],[-12,76],[8,33],[72,-10],[106,25],[-4,80],[-98,-17],[-110,12],[-156,73],[-37,26],[-118,3],[-133,-61],[-56,23],[-26,-43],[20,-54],[62,-45],[1,-34],[-97,-13],[-18,-40],[-71,23],[-36,29],[-67,-16],[-48,-77],[37,-63],[34,-10],[30,-65],[-86,-15],[-6,-25],[-45,-41],[-7,-40],[28,-51],[39,-25],[-59,-42],[-49,-73],[-52,0],[-61,-44],[33,-58],[27,-10],[56,17],[13,52],[48,-32],[-35,-31],[-15,-48],[-69,-10],[-22,20],[-50,-16],[52,-50],[61,-30],[41,6],[5,45],[69,-12],[27,10],[19,52],[115,-58],[51,18],[43,-3],[24,50],[28,14],[12,118],[89,14],[58,-2],[61,53],[43,-9],[92,7],[49,-29],[44,-62],[3,-48],[-28,-101],[21,-55],[67,-10],[-81,-62],[-2,-82],[46,-37],[-19,-17],[34,-40],[54,-3],[-51,-46],[21,-72],[61,-46],[49,-17],[69,15],[78,-13],[49,18],[79,-53],[-19,-30],[-61,-6],[-41,-22],[-69,40],[-30,-57],[-49,-4],[2,-46],[-115,-20],[-43,48],[-39,6],[-52,-18],[10,-61],[-58,-6],[-70,-50],[-3,-75],[80,-115],[-2,-38],[-63,-63],[-19,-69],[23,-65],[34,-24],[71,5],[-68,-67],[-37,-15],[-30,-61],[4,-70],[27,-45],[66,-14],[-22,-43],[-76,-44],[16,-66],[42,-5],[-9,-58],[20,-31],[-77,-16],[35,-65],[-68,-35],[51,-27],[-78,-48],[30,-47],[-31,-11],[22,-68],[-69,-56],[23,-39],[-36,-77],[-74,-38],[-59,-66],[-28,-57],[-3,-35],[41,-39],[-4,-54],[-25,-43],[-18,-77],[-60,-44],[7,-98],[-64,-47],[9,-62],[-44,-33],[-32,77],[-45,23],[-101,-20],[-133,-62],[-76,-52],[-125,-108],[-73,-77],[-118,-150],[-70,-107],[-56,-115],[-41,-100],[-51,-177],[-20,-93],[-1,-132],[-16,-98],[16,-163],[25,-70],[57,-81],[57,-47],[143,60],[-24,-110],[-43,-72],[1,-104],[42,-113],[43,-44],[68,-24],[18,24],[66,5],[-39,-44],[-44,-95],[-17,-118],[9,-123],[25,-57],[7,-123],[25,-76],[45,-98],[85,-99],[91,-125],[111,-84],[141,-58],[52,0],[51,46],[59,83],[62,22],[50,-40],[39,-6],[24,31],[51,-52],[0,-45],[37,-9],[-74,-93],[-7,-24],[-48,-26],[-17,-82],[-29,-34],[-22,-135],[27,-79],[46,5],[39,-30],[-25,-32],[1,-66],[-28,-66],[-54,-67],[-25,-79],[-30,-16],[-49,8],[-100,-103],[-54,-14],[-63,-55],[-49,-64],[-38,-8],[-48,34],[-18,49],[17,56],[-24,39],[-35,-11],[-87,55],[-39,63],[-62,-1],[1,-59],[-38,-36],[-39,21],[-29,-15],[0,187],[33,101],[-1,33],[43,11],[36,118],[62,61],[1,71],[-23,47],[-91,49],[-37,4],[-3,40],[-55,20],[-48,90],[112,43],[22,38],[11,83],[-41,-7],[-100,88],[-95,51],[-124,17],[-24,-19],[-109,5],[-160,-44],[-52,-36],[-4,-36],[25,-23],[-24,-58],[-61,-16],[-31,-27],[-37,4],[-30,38],[-45,-2],[-131,-40],[-160,-86],[-101,-86],[-50,-55],[-39,-87],[17,-74],[47,-27],[-18,-47],[15,-58],[-40,-138],[11,-58],[23,-39],[72,-6],[87,-35],[70,20],[44,-15],[-52,-60],[-26,-91],[22,-14],[-8,-58],[23,-39],[-14,-64],[11,-30],[-5,-71],[17,-85],[35,-92],[55,-58]],[[477261,104635],[-78,5],[13,72],[-17,50],[8,30],[-49,81],[14,27],[-9,64],[-26,13],[-44,76],[4,68],[-18,47],[7,81],[-8,79],[63,24],[23,49],[323,-43],[94,-29],[124,-15],[5,-56],[57,11],[163,-23],[-27,54],[-115,406],[-6,46],[15,57],[230,488],[18,72],[3,163],[-7,28],[-79,183],[-86,111],[-8,61],[-25,37],[-12,91],[25,24],[63,5],[30,65],[44,26],[53,6],[48,100],[-45,36],[-85,2],[-65,-10],[-29,55],[84,85],[25,102],[34,33],[112,73],[344,358],[45,58],[231,350],[39,31],[138,49],[49,4],[126,-16],[162,91],[36,47],[42,22],[76,-1],[46,-23],[57,6],[72,-46],[108,-11],[50,-24],[56,1],[112,55],[94,6],[64,-36],[90,-1],[321,-50],[48,-33],[19,-37],[83,-66],[51,-13],[64,8],[43,27],[53,3],[20,24],[0,55],[18,25],[108,30],[142,70],[69,22],[87,85],[28,66],[-28,23],[1,82],[-37,23],[4,78],[-67,6],[-73,-21],[-6,-28],[-131,22],[-51,-45],[-109,-10],[-26,20],[30,57],[-91,44],[-59,4],[-1,44],[-35,57],[-61,-6],[-23,69],[-50,-4],[-102,33],[-32,26],[-67,-56],[-28,36],[-54,28],[-13,72],[-114,-4],[-5,26],[-103,31],[-121,-46],[-51,52],[-111,4],[-21,-48],[-39,22],[-11,33],[29,98],[-8,52],[-73,-3],[-63,12],[-21,20],[-52,-3],[-57,64],[-32,0],[-4,55],[-41,19],[-87,9],[-80,69],[88,48],[20,40],[54,58],[-17,31],[-63,22],[-27,37],[-57,15],[-74,-8],[-70,32],[-46,-20],[-82,14],[-53,-89],[-63,-33],[-33,58],[67,110],[13,59],[-35,-1],[-69,68],[-28,44],[-81,5],[-28,106],[81,44],[8,72],[-74,79],[-73,17],[-30,29],[52,73],[20,58],[-46,57],[-119,37],[-63,-2],[-31,-23],[-90,77],[28,73],[-21,23],[15,63],[-68,4],[-22,-30],[-46,3],[-50,-18],[-8,86],[-49,32],[-93,15],[17,57],[-40,40],[-66,-16],[-74,41],[-73,12],[-38,-27],[-71,-16],[-40,-43],[-73,-14],[-20,-40],[-125,-45],[-24,-43],[-970,-559],[-896,-516],[-872,-502],[-972,-559],[-28,-30],[-91,-155],[16,-50],[-8,-46],[-42,-38],[-66,-90],[45,-94],[24,-23],[9,-68],[-36,-65],[38,-7],[25,-47],[56,-33],[-17,-41],[-5,-101],[61,-81],[-51,-34],[-16,-48],[-55,-19],[-49,-35],[8,-141],[-5,-36],[-134,-29],[7,-50],[51,-37],[-17,-30],[0,-110],[-70,-81],[-34,-7],[-44,-87],[-37,-23],[-4,-55],[-21,-44],[40,-70],[-57,-111],[-60,-26],[-4,-73],[49,-57],[4,-58],[47,-79],[-122,-61],[-31,-59],[21,-54],[10,-73],[42,-38],[-30,-34],[25,-138],[0,-44],[56,-63],[-32,-107],[3,-96],[42,-43],[63,-124],[7,-65],[-74,-55],[10,-19],[112,-129],[5,-26],[47,-16],[35,-76],[-63,-65],[-10,-26],[-127,-41],[-19,-36],[-43,-37],[50,-67],[73,-52],[29,-54],[-12,-64],[16,-44],[36,-33],[-40,-58],[-126,-90],[12,-63],[-56,-33],[35,-32],[35,-2],[-8,-47],[17,-23],[108,-4],[58,-21],[12,-39],[47,14],[105,-98],[-16,-71],[14,-48],[-24,-84],[-68,-90],[0,-48],[-39,-58],[35,-72],[67,-59],[1,-18],[119,-60],[43,-41],[75,-35],[60,15],[49,-29],[15,-42],[56,-25],[30,-78],[37,-36],[24,-72],[82,-78],[81,-51],[92,-8],[27,-31],[-16,-74],[63,-17],[36,40],[-22,60],[42,63],[12,73],[34,47],[-44,62],[42,26],[49,66],[20,69],[69,84],[80,-30],[39,-26],[73,-118],[3,-27],[-54,-41],[-4,-44],[30,-31],[35,-86],[14,-67],[62,0],[60,-85],[-14,-70],[-39,-56],[-56,-40],[6,-110],[-7,-70],[37,-129],[-93,-115],[-21,-52],[-33,-32],[59,-49],[18,-35],[54,-17],[14,-88],[79,-18],[45,-45],[-6,-32],[-46,-41],[29,-57],[-17,-37],[51,-69],[0,-38],[67,-61],[93,-22],[-3,-45],[69,-39],[95,-88],[-1,-30],[111,-38],[53,-73],[110,-88],[72,-45],[11,-47],[94,-23],[19,41],[104,24],[200,-48],[32,9],[62,-20],[-7,-55],[27,-22],[53,19],[71,-1],[47,21],[70,-48],[68,-34],[29,-56],[36,-31],[82,22],[30,-35],[69,-8],[34,-25],[11,-39],[54,-12],[77,81],[32,86],[-74,51],[33,59],[61,37],[39,58],[-21,41],[29,48],[-8,60],[34,64],[45,54],[35,19],[85,113],[39,21],[32,75],[58,64],[32,0],[88,33],[-48,132],[21,20],[14,67],[-15,59],[33,56],[60,65],[-2,61],[-29,27],[37,37],[-16,42],[-36,27],[-1,37],[41,36],[0,56],[-53,32],[-35,0],[-5,52],[56,75],[-76,45],[22,41],[-34,66],[39,49],[-10,35],[46,82],[-17,31],[25,39],[-10,48],[59,95],[-21,91],[60,42],[3,35],[-42,55],[-18,57],[23,23],[12,66],[72,70],[26,74],[-46,70],[-28,18],[8,63],[-66,13],[-46,45],[-13,46],[31,42],[-21,85],[7,86],[30,41],[-33,37],[20,91],[-18,22],[-7,68],[-28,3]],[[504712,127811],[15,-35],[-77,-5],[-1,31],[63,9]],[[518225,142014],[-41,-9],[-60,-52],[-50,17],[65,125],[39,-12],[74,1],[32,-42],[-7,-60],[-52,32]],[[515152,142955],[17,51],[52,23],[7,-71],[-37,-16],[-39,13]],[[515345,142956],[-19,-38],[-60,142],[71,-23],[36,-44],[-28,-37]],[[494744,106041],[-95,12],[47,44],[82,3],[-34,-59]],[[510319,137453],[-67,-13],[-116,106],[48,52],[69,-105],[39,0],[27,-40]],[[504772,132079],[-10,64],[34,4],[33,-77],[-2,-41],[-51,25],[-4,25]],[[608805,157910],[36,-38],[79,13],[16,-62],[31,-63],[72,10],[-14,-46],[16,-99],[44,-71],[103,-45],[45,-38],[-1,-56],[40,-58],[72,0],[-29,-35],[44,-36],[-38,-27],[-92,-10],[22,-45],[-50,-28],[-47,-65],[3,-31],[-50,-43],[-103,-115],[-58,-38],[-75,2],[12,31],[-28,20],[-6,60],[43,62],[-15,48],[30,47],[50,49],[11,68],[-6,59],[14,78],[-26,85],[27,34],[4,38],[-88,96],[-86,110],[-53,17],[-25,61],[-51,16],[-29,-52],[-49,65],[-32,14],[-41,-25],[7,-33],[-45,-13],[-34,75],[40,63],[99,-11],[78,7],[74,-4],[58,22],[16,-30],[-15,-33]],[[506280,130518],[37,-54],[-43,-48],[-83,50],[40,55],[49,-3]],[[370023,73428],[16,803],[25,1522],[34,1413],[7,463],[21,164],[-19,6],[1,350],[5,354],[5,114],[-7,139],[3,235],[13,1517],[3,591],[-5,657],[-6,886],[0,420],[-12,369],[-2,143],[-14,539],[5,0],[1,375],[5,2],[-3,268],[6,1451],[-1,393],[-4,353],[-2,32],[-4,463],[-7,766],[-3,78],[-7,726],[-7,316],[-4,404],[-3,761],[-3,0],[5,895],[-5,1468],[-5,0],[-3,828],[-3,489],[-1,877],[-4,97],[-12,1509],[-10,1051],[-19,1825],[-5,497],[0,432],[-5,1321],[-5,1444],[24,2744],[14,1496],[3,402],[-1,172],[-3,1785],[-2,1694],[-2,1270],[-1,1031],[-3,1136],[-7,2619],[-3,1241],[-3,1330],[-6,905],[-9,1219],[-8,923],[-9,1382],[14,0],[10,1366],[0,122],[59,-16],[25,-46],[-19,-39],[-3,-97],[30,-25],[74,9],[54,-32],[6,-64],[-58,-30],[0,-38],[110,9],[27,-27],[-60,-27],[-24,-34],[63,-56],[6,-93],[54,-54],[62,29],[-2,65],[23,45],[60,11],[31,-23]],[[488907,80543],[-113,-73],[-37,-9],[-32,-44],[-63,-3],[-222,-61],[-101,-35],[-110,-49],[-117,-76],[-111,-115],[-12,-22],[-102,2],[-118,24],[-131,9],[-161,-6],[-165,-25],[-133,-40],[-179,19],[-122,-5],[-236,-36],[-207,-61],[-95,-35],[-143,-74],[-124,-77],[22,-55],[32,-37],[-99,-26],[-118,-45],[-129,-70],[-50,-66],[-8,-33],[-67,-95],[-76,-67],[-51,-65],[0,-29],[-45,-60],[19,-37],[-69,-130],[-26,-29],[-7,-60],[-53,-92],[-92,-53],[-27,-48],[-114,-82],[-22,-55],[-62,-28],[7,-45],[-30,-55],[-36,-30],[10,-54],[-23,-69],[-29,-27],[-109,-33],[-96,-6],[-101,-16],[-140,-33],[-62,-32],[-35,-2],[-224,-69],[-141,-82],[-5,-23],[-62,-43],[-8,-62],[-36,-59],[3,-42],[-43,-21],[-65,46],[-164,-3],[-206,-31],[-8,-12],[-184,-34],[-70,-48],[-130,-26],[-144,-68],[-45,-53],[-14,-65],[-56,22],[-100,-23],[-72,-29],[-34,-30],[9,-80],[-13,-10],[-20,-100],[-16,0],[-64,-77],[-69,-10],[-47,29],[-82,32],[-103,15],[-167,-7],[-29,-19],[-82,2],[-75,-12],[-107,-68],[-122,13],[-13,30],[-143,10],[-56,-7],[-38,-22],[-83,2],[-101,-12],[-41,-23],[-77,5],[-53,20],[-126,14],[-269,-15],[-182,-26],[-122,-28],[-55,-24],[-120,-6],[-176,-44],[-99,-39],[-66,-77],[-78,-54],[-33,-58],[-78,26],[4,27],[-61,21],[48,69],[-86,76],[-141,65],[-65,17],[-132,18],[-306,20],[-161,-3],[-86,-23],[-114,8],[-23,-10],[-111,19],[-97,-3],[-109,8],[-231,-3],[-246,10],[-788,-25],[-104,0],[-140,-9],[-290,-5],[-81,-9],[-133,7],[-446,-4],[-26,3],[-266,-1],[-344,-11],[-181,-18],[-173,-27],[-59,-21],[-62,-4],[-74,-40],[-45,2],[-53,29],[-84,20],[-126,13],[-250,6],[-233,-9],[-204,-15],[-240,-30],[-43,-12],[-263,-37],[-240,-58],[-86,-45],[-13,-27],[9,-55],[-59,5],[-50,-21],[-46,-40],[-23,-50],[-42,21],[7,60],[-126,57],[-160,31],[-260,6],[-149,-5],[-234,-16],[-134,-14],[-160,-28],[-99,-23],[-197,57],[-88,10],[-294,12],[-306,-9],[-107,-8],[-222,19],[-183,5],[-311,-6],[-478,7],[-367,-12],[-325,-6],[-550,-15],[-286,-21],[-242,-22],[-211,-24],[-272,-24],[-394,-54],[-225,-40],[-328,-62],[-510,-110],[-317,-82],[-381,-113],[-80,-21],[-253,-81],[-359,-123],[-149,-39],[-44,9],[-96,-10],[-216,-53],[-438,-122],[-260,-88],[-44,-25],[-120,-21],[-144,-16],[-122,-30],[-198,-65],[-276,-98],[-68,-18],[-294,-103],[-249,-84],[-227,-82],[-360,-140],[-221,-90],[-174,-79],[-66,-23],[-489,-234],[-231,-124],[-101,-50],[-265,-145],[-159,-98],[-223,-123],[-170,-107],[-151,-88],[-320,-200],[-376,-249],[-229,-142],[-98,-76],[-136,-89],[-199,-137],[-96,-57],[-210,-152],[-246,-166],[-252,-182],[-287,-215],[-306,-237],[-380,-313],[-151,-117],[-331,-245],[-17,-21],[-224,-171],[-424,-333],[-137,-101],[-257,-204],[-321,-246],[-28,-17],[-227,-184],[-206,-161],[-583,-434],[-60,-49],[-230,-167],[-120,-94],[-151,-130],[-347,-277],[-187,-129],[-307,-233],[-137,-111],[-146,-107],[-435,-362],[-195,-158],[-219,-191],[-170,-142],[-187,-168],[-296,-274],[-183,-178],[-99,-89],[-178,-145],[-151,-117],[-203,-145],[-107,-90],[-21,57],[39,38],[-3,33],[32,57],[44,25],[87,-4],[79,54],[-17,79],[78,1],[149,89],[50,63],[-28,10],[-41,-48],[-72,-42],[-131,-43],[-32,-26],[-2,-52],[-60,-5],[-79,12],[-27,73],[-83,17],[-25,-27],[-75,-30],[-52,18],[-113,0],[-100,17],[-69,-5],[-50,-34],[-14,-88],[-125,19],[-64,18],[-10,31],[-55,2],[-107,-16],[-14,-26],[-78,-16],[-17,-30],[-80,-24],[-48,-95],[-25,47],[-60,-19],[-8,-65],[-40,-23],[-17,-33],[50,-89],[-54,-38],[-3,-35],[-104,8],[-125,-33],[23,-33],[-41,-44],[-119,42],[-66,-27],[-24,-24],[-23,-80],[-43,-20],[-46,26],[-46,-19],[-87,11],[-53,35],[-82,96],[0,37],[-126,5],[-3,-76],[50,-93],[-57,-29],[-9,-47],[-60,29],[-40,-4],[-100,-65],[-44,-74],[-140,59],[-53,8],[-66,-10],[-102,16],[11,40],[57,29],[-3,38],[-30,78],[-118,118],[-40,-5],[-45,45],[-73,-42],[-14,-76],[21,-28],[55,-1],[9,-53],[-48,-67],[-64,-25],[-82,-54],[-99,-11],[-44,-17],[-134,-23],[-129,-16],[-5,-31],[-102,-21],[-53,37],[-99,0],[-16,-86],[61,-14],[-55,-37],[-29,-69],[35,-8],[-58,-67],[-38,35],[20,22],[8,87],[-21,74],[-55,-24],[-50,31],[-124,25],[-41,-31],[-85,-32],[-93,-8],[16,-26],[50,11],[38,-13],[75,28],[67,-45],[20,-39],[-7,-39],[-136,-4],[-7,74],[-55,-36],[-4,-98],[28,-42],[-23,-20],[-91,27],[-70,51],[0,114],[-111,0],[-57,-9],[-56,9],[-31,-23],[77,-25],[-74,-26],[-69,5],[-134,27],[-28,33],[37,45],[-14,42],[-56,-30],[-44,-5],[-15,53],[-45,-40],[19,-41],[-12,-40],[9,-74],[-71,3],[-12,-22],[-82,7],[-99,-17],[-32,4],[-58,-41],[-44,-5],[-15,29],[-71,8],[-77,-11],[-1,37],[-90,29],[-61,-27],[-4,-36],[-94,-26],[-23,-16],[-157,-39],[-74,-65],[-79,-89],[62,-41],[-58,-15],[-197,35],[-25,-18],[-71,14],[-19,26],[13,36],[-5,99],[-48,57],[-17,44],[13,98],[-12,32],[27,51],[-88,58],[-54,-38],[-127,45],[-37,57],[-88,42],[-61,-21],[-26,-26],[-75,36],[-22,-21],[14,-63],[-85,-10],[-14,-83],[-145,-4],[-3,-19],[-128,-32],[-84,0],[-120,-29],[-32,-16],[-92,19],[-14,21],[-217,55],[-13,-40],[-70,1],[-49,-17],[-42,32],[-29,-72],[7,-28],[-111,22],[-20,100],[-100,-2],[-56,-20],[7,-60],[-115,-25],[-120,10],[38,-31],[96,-6],[52,18],[22,-33],[-39,-79],[-67,-17],[-44,-42],[-120,-2],[-35,-27],[61,-32],[-41,-66],[-48,1],[-45,49],[-45,-23],[-27,-59],[-42,-45],[81,-41],[37,-48],[103,59],[-9,-77],[-45,-41],[-43,15],[-15,35],[-65,-29],[-14,25],[35,43],[-46,24],[-51,-20],[-23,-55],[-30,-114],[95,-26],[45,-67],[13,-45],[50,-31],[-3,-43],[28,-58],[59,-46],[79,-34],[68,-17],[10,-47],[46,-31],[32,-107],[33,-189],[59,-95],[28,-20],[74,-19],[154,20],[56,26],[129,29],[49,-33],[-19,-94],[-2,-55],[-46,-28],[1,-73],[18,-50],[32,-149],[11,-133],[28,-95],[136,-57],[65,-17],[14,-56],[67,-74],[12,-31],[-53,-53],[-24,-59],[-3,-96],[62,-125],[141,-30],[91,17],[86,-4],[101,29],[91,111],[30,86],[39,42],[3,56],[138,62],[11,48],[78,53],[119,23],[85,78],[136,-5],[40,9],[76,48],[63,67],[61,-17],[154,26],[55,-41],[52,57],[26,64],[29,136],[7,192],[-25,9],[11,92],[32,9],[-4,54],[-27,27],[91,30],[-1,39],[106,32],[19,40],[17,95],[-28,36],[29,50],[38,-15],[32,27],[76,-40],[37,8],[103,-24],[62,19],[51,-11],[15,-50],[50,-55],[56,-5],[18,-43],[-3,-75],[-80,-237],[7,-64],[-35,-107],[9,-73],[20,-14],[27,-72],[-88,-266],[-3,-126],[19,-48],[53,-52],[74,-18],[58,6],[-26,-47],[-4,-71],[70,-21],[10,-170],[-20,-31],[46,-25],[-32,-29],[-36,14],[-66,-28],[3,-24],[-78,-22],[-149,-175],[-131,-191],[-104,-189],[-101,-242],[13,-50],[112,-194],[-2,-55],[-20,-45],[-45,-25],[-112,-10],[-11,-22],[7,-71],[50,-62],[87,-20],[32,55],[98,-29],[120,4],[41,-34],[52,-8],[52,-48],[-61,-10],[-37,-36],[81,-58],[-40,-24],[-71,24],[-33,-29],[70,-69],[30,36],[31,-19],[5,-42],[93,5],[-7,-67],[-30,-26],[34,-27],[77,-98],[-32,-17],[-1,-50],[-30,-8],[-126,35],[-61,25],[-62,45],[-53,54],[-101,-31],[-47,-58],[-5,-37],[-77,1],[-98,-25],[-65,-126],[-7,-107],[115,-68],[84,-38],[-39,-18],[-27,-96],[10,-24],[-15,-61],[-43,-24],[-52,17],[-18,-33],[16,-40],[-45,-10],[-32,-111],[39,-18],[22,-73],[-59,2],[-15,52],[-81,2],[-25,-29],[-63,-14],[-25,-27],[-104,-10],[-44,-33],[-76,7],[12,29],[-32,21],[-87,5],[-28,-50],[-146,-6],[-11,25],[-50,-3],[-59,46],[-30,-5],[-53,48],[-81,-2],[-34,57],[7,95],[-27,43],[-33,-1],[-68,52],[-5,62],[-32,37],[-95,63],[-18,55],[-25,23],[13,72],[-11,57],[36,14],[158,-26],[55,45],[28,70],[-1,129],[-101,19],[5,29],[-38,63],[-42,21],[-72,-42],[-72,-5],[25,52],[82,106],[-80,76],[-55,24],[-56,1],[-44,-61],[-38,-20],[-23,41],[43,107],[-55,60],[-67,-8],[-97,5],[-3,-36],[-85,21],[19,45],[62,30],[33,42],[-19,39],[-125,79],[-27,60],[-36,18],[-4,32],[-35,27],[-125,4],[-24,-38],[-58,60],[-65,-2],[2,25],[116,25],[67,-11],[6,56],[40,75],[-46,59],[12,54],[-72,80],[-138,199],[-72,158],[-35,42],[-72,125],[-64,90],[-184,204],[-94,83],[-173,173],[-205,174],[-157,86],[-176,112],[-146,101],[-105,58],[-59,43],[-162,91],[-85,33],[-83,45],[-135,54],[-196,65],[-231,49],[-61,9],[-204,9],[-96,-7],[-103,-25],[-129,-60],[-18,-20],[-74,-26],[-91,-59],[-30,-73],[-42,-73],[-25,-22],[-50,-93],[-17,-73],[7,-75],[19,-33],[39,-11],[-5,-72],[24,-27],[46,-102],[-51,-28],[-12,-32],[-47,-9],[-155,-94],[-96,-72],[-103,-24],[-83,8],[-25,-31],[-79,32],[-105,-2],[-43,14],[-75,-9],[-46,-19],[-41,-56],[-131,-82],[-63,17],[-33,77],[-40,35],[22,42],[-44,41],[38,86],[-16,26],[43,47],[-22,95],[-93,195],[-35,23],[-25,81],[-56,28],[14,47],[-38,66],[6,47],[-41,95],[-4,50],[-96,120],[-43,117],[-67,147],[-38,60],[-58,121],[-97,126],[-36,56],[-170,218],[-26,41],[-117,135],[-60,79],[-76,70],[-88,101],[-361,358],[-104,85],[-134,99],[-172,116],[-155,82],[-260,131],[-17,39],[-206,-6],[-71,-28],[-64,4],[-118,-23],[-96,-40],[-25,-43],[-87,-96],[-53,-23],[-12,-28],[-90,-42],[-112,-28],[14,-28],[-41,-31],[-87,0],[-107,25],[-45,34],[-50,-4],[-24,-23],[-73,21],[-81,-26],[-49,11],[-29,-26],[-71,-6],[-39,-29],[-90,54],[-56,52],[-95,29],[-59,43],[-72,84],[-88,41],[-99,14],[-54,39],[-34,88],[-85,141],[-58,105],[-60,94],[-255,292],[-89,76],[-73,73],[-114,140],[-120,119],[-139,108],[-116,54],[-62,11],[-52,-10],[-56,24],[-108,16],[-35,-4],[-28,38],[-102,39],[-49,32],[-111,26],[-40,-18],[-20,38],[-77,-18],[-118,13],[-71,-9],[-58,17],[-79,8],[-175,-2],[-49,-28],[-55,21],[-23,61],[2,54],[-84,42],[-2,44],[99,9],[67,-3],[77,15],[92,-6],[56,12],[63,31],[86,2],[109,35],[68,-1],[85,51],[42,57],[4,51],[80,105],[-31,112],[9,52],[-58,67],[-91,25],[-15,34],[72,62],[52,116],[-2,117],[-18,25],[14,42],[57,49],[6,51],[-13,79],[-88,160],[-37,50],[-89,67],[113,-17],[66,-25],[134,33],[53,-9],[54,-40],[67,-12],[78,51],[289,20],[33,-16],[27,-45],[45,-39],[158,-24],[93,12],[67,0],[72,28],[24,30],[86,69],[101,105],[39,78],[58,66],[53,138],[36,57],[0,45],[32,77],[14,99],[-22,103],[-74,91],[-36,25],[-113,34],[-132,6],[-33,-30],[-51,-12],[-23,17],[9,81],[0,140],[-12,19],[48,93],[30,77],[9,74],[-35,70],[-43,51],[-75,47],[-78,31],[-88,123],[-8,89],[-16,67],[-19,13],[-2,60],[-55,73],[9,106],[-37,81],[-83,57],[-37,-7],[-44,29],[-81,15],[-75,-4],[-53,15],[-43,35],[0,24],[-52,38],[-145,24],[-36,31],[-206,-2],[-60,-56],[-37,-66],[-52,-26],[-136,22],[-48,1],[-183,67],[-184,-24],[-73,12],[-151,92],[-71,15],[-51,-11],[-44,-46],[-16,-66],[43,-38],[-20,-45],[-77,-40],[-41,-46],[-78,-2],[-33,-54],[-32,-23],[-118,-47],[-27,-22],[-90,3],[-72,-14],[-121,17],[-122,5],[-76,35],[-6,25],[26,55],[39,45],[-54,50],[-41,79],[-46,-3],[-42,28],[-50,-5],[-25,-37],[-70,14],[22,-103],[-37,-12],[32,-50],[46,-15],[39,-32],[-13,-30],[-125,-43],[-39,-71],[-143,-155],[-135,-93],[-45,-65],[-34,-104],[11,-71],[79,-3],[-25,-42],[-4,-68],[-29,-14],[-4,-84],[-156,29],[-68,4],[-5,54],[-31,29],[-76,3],[-49,-35],[25,-24],[8,-61],[36,-13],[18,-56],[-25,-45],[-48,0],[40,-77],[-29,-32],[-38,4],[19,-58],[46,-20],[-10,-37],[57,-50],[43,-15],[23,-45],[110,-21],[45,-65],[0,-34],[-52,-58],[-14,-50],[3,-97],[18,-36],[91,-84],[3,-34],[-97,-26],[-50,17],[-30,33],[-101,35],[-8,46],[-51,41],[-49,-31],[1,-52],[-105,16],[-10,-38],[155,-26],[110,-27],[49,-34],[99,-23],[43,-64],[8,-49],[-19,-24],[114,-51],[41,-47],[0,-40],[39,-27],[-11,-39],[-120,32],[-87,-1],[-163,28],[-163,50],[-58,26],[-185,37],[-63,-10],[-99,20],[-100,30],[-161,15],[-83,23],[-60,-3],[-83,-44],[-28,6],[-68,-22],[-24,-44],[-46,-33],[-54,2],[-139,-19],[-67,-44],[-26,-32],[-68,-37],[-85,-90],[-22,-96],[-110,9],[-101,-32],[-43,-30],[-88,-5],[-16,-51],[-41,-23],[-11,-48],[-55,-41],[-4,-55],[-46,-65],[-63,-59],[-7,-114],[-66,-65],[-21,-64],[7,-56],[54,-28],[6,-45],[-73,31],[-76,-6],[-60,43],[-45,5],[-236,-79],[-51,21],[-123,-40],[-15,-30],[-42,-12],[-151,51],[-61,-3],[-90,-32],[-20,14],[-81,-20],[-31,-20],[8,-51],[-64,2],[-32,-25],[-36,26],[-117,-31],[-76,5],[11,30],[-60,25],[-4,31],[-46,14],[-63,-24],[-157,-5],[-81,-69],[-39,43],[-16,125],[33,85],[-132,123],[-64,103],[-138,125],[-141,113],[-56,31],[-7,22],[-65,63],[-83,63],[-49,28],[-100,84],[-61,34],[-99,91],[-163,109],[-164,147],[-28,-3],[-48,46],[-167,122],[-13,33],[-41,6],[-117,75],[-35,47],[-76,46],[-112,94],[-67,22],[-75,71],[-61,17],[-371,185],[-132,72],[-87,66],[-44,-2],[-115,100],[-51,20],[-32,51],[108,-18],[78,27],[84,9],[100,-50],[131,-42],[97,-39],[25,-29],[116,-15],[44,12],[52,-35],[132,-24],[80,-29],[20,-111],[46,-35],[4,-34],[64,-46],[95,-33],[95,-51],[-6,-63],[48,-38],[101,-39],[429,-91],[68,-17],[169,-23],[158,-10],[184,22],[113,21],[274,84],[42,6],[223,62],[77,31],[148,27],[83,23],[178,79],[107,27],[217,93],[175,86],[64,40],[90,71],[86,108],[15,72],[-59,54],[-82,25],[-9,28],[144,175],[81,71],[14,77],[70,2],[119,86],[135,142],[37,109],[-13,27],[15,45],[-40,125],[82,83],[1,61],[30,50],[51,-2],[42,23],[50,-5],[54,36],[37,42],[134,84],[95,113],[49,90],[14,62],[42,40],[15,44],[76,37],[46,87],[47,21],[28,-20],[73,29],[60,71],[118,56],[73,106],[47,136],[22,110],[18,174],[1,161],[-7,89],[-20,120],[-72,258],[-55,140],[-63,127],[-84,153],[-77,115],[-68,83],[-76,51],[-50,67],[-98,92],[-61,46],[-98,59],[-135,49],[-96,-53],[-75,-71],[-102,37],[-39,55],[-84,80],[-45,16],[-7,26],[-91,121],[11,88],[-33,56],[-82,93],[-127,104],[-10,52],[90,-22],[-18,50],[-104,113],[-57,37],[24,65],[-17,79],[-17,22],[11,66],[-24,27],[-5,65],[33,61],[-2,52],[-24,37],[-94,82],[-31,94],[12,78],[-74,67],[7,50],[-86,65],[-254,116],[-60,21],[-58,34],[-29,-17],[-85,49],[-111,5],[-67,-34],[51,-67],[-63,-30],[-77,101],[-3,34],[-46,-1],[25,-66],[-60,28],[-42,-2],[36,-56],[-48,-8],[1,-31],[70,-51],[30,-102],[101,-4],[52,-45],[-148,-90],[-44,3],[-110,58],[-98,-7],[-55,33],[-46,-20],[-57,89],[-61,22],[-98,-26],[-65,-35],[-77,-7],[-63,-55],[-68,-41],[-201,6],[-75,-20],[-68,-34],[-78,-67],[-13,-57],[12,-51],[-11,-35],[-59,-58],[-67,-120],[-17,-101],[7,-78],[26,-49],[-48,-18],[-53,-44],[-177,-6],[-106,-36],[-120,-84],[-112,-24],[-112,-1],[-135,-64],[-25,-33],[-113,-60],[-63,-76],[-67,-58],[-74,-42],[-27,-38],[-87,-66],[-99,-21],[-45,14],[-111,-79],[-18,-23],[-258,-172],[-85,-79],[-32,-13],[-135,-1],[-222,25],[-270,-29],[-45,-18],[-89,-10],[-89,-45],[-56,-38],[-63,-70],[-21,-55],[-96,-23],[-24,-48],[-41,-38],[-12,-50],[-75,-45],[-74,5],[-149,-51],[-76,-37],[-168,-15],[-69,-20],[-43,-83],[19,-35],[-24,-55],[45,-29],[2,-33],[-44,-95],[-13,-49],[2,-109],[-24,-52],[-32,-32],[-71,28],[-46,4],[-144,118],[-75,4],[-48,15],[-38,-22],[-52,-64],[-60,35],[-10,46],[-95,-1],[-19,-13],[-10,-60],[-45,8],[-69,-57],[-41,-66],[-39,16],[25,53],[-250,22],[-43,-8],[-117,15],[-77,36],[-43,52],[-75,46],[-111,-36],[-83,-96],[-14,-66],[14,-40],[-21,-66],[-80,-50],[-59,-5],[-70,-48],[11,-59],[-81,-59],[-18,-69],[11,-31],[-33,-68],[-22,-72],[5,-69],[56,-47],[108,-58],[71,-2],[83,31],[63,10],[49,-67],[77,-12],[22,-26],[62,-23],[22,-26],[50,10],[139,-6],[33,133],[-11,57],[41,121],[40,61],[21,-5],[38,-87],[46,-81],[134,-127],[127,-81],[104,-50],[103,-41],[68,-16],[97,-5],[121,14],[107,31],[98,-12],[138,16],[64,16],[82,-11],[57,22],[100,6],[53,20],[54,-2],[39,18],[59,-7],[135,56],[57,50],[137,96],[62,55],[63,31],[77,60],[107,46],[312,172],[72,61],[85,-15],[154,-55],[57,-4],[100,17],[94,-12],[82,-34],[32,1],[202,-67],[92,-96],[85,-30],[66,-83],[44,-82],[66,-41],[-29,-36],[-14,-54],[-2,-130],[39,-91],[6,-39],[-48,-75],[-20,-72],[-27,-50],[-24,-121],[-36,-83],[-20,-77],[-68,-116],[-76,15],[-13,22],[68,37],[51,141],[-29,40],[-38,-7],[-13,48],[-58,24],[-114,-53],[-67,-50],[-19,3],[-53,-61],[-102,-41],[-52,-93],[-57,-49],[-11,-26],[-53,-37],[-57,-67],[-56,-42],[0,-25],[-102,-79],[-39,-62],[-88,-74],[-23,-50],[137,-109],[-46,-49],[39,-13],[112,10],[65,36],[50,-3],[69,39],[70,2],[50,17],[17,-44],[-53,-26],[-33,-63],[-31,-18],[-109,23],[-87,6],[-190,-18],[-83,-19],[-69,-33],[-30,-45],[-19,-64],[20,-28],[-26,-57],[-86,19],[-43,22],[-90,26],[-275,96],[-149,41],[-117,20],[-97,25],[-139,16],[-174,4],[-177,-28],[-49,-17],[-72,-47],[-52,-63],[-55,9],[67,-101],[-190,29],[-132,3],[-141,30],[-108,9],[-115,24],[-162,23],[-109,-10],[-140,-69],[-45,-43],[-47,-1],[-63,-22],[-92,-58],[-105,-13],[-101,-27],[-55,-28],[-5,-46],[-101,-69],[-228,-79],[-164,-37],[-149,-69],[-27,-39],[10,-46],[-29,-73],[21,-32],[-66,-11],[-66,-56],[-93,-6],[-90,-31],[-76,-51],[-11,-47],[-100,-63],[-47,-89],[-31,-11],[-59,-54],[-94,-32],[-43,-47],[-42,-24],[-48,-2],[-67,-25],[-67,-73],[27,-55],[-28,-49],[-78,3],[-166,-19],[-110,-19],[-127,-33],[-56,-26],[-142,-38],[-58,-31],[-32,-69],[-59,3],[-92,-45],[-35,-75],[4,-76],[-136,-1],[-246,-9],[-152,-31],[-96,-42],[-45,-50],[-41,-85],[-55,-23],[-31,-59],[-17,-73],[-86,-35],[-78,-106],[-148,8],[-135,-6],[-212,-2],[-243,-33],[-69,-16],[-95,-37],[-43,-50],[12,-25],[-43,-37],[-22,-41],[-148,-66],[-36,-40],[-55,-35],[-129,-156],[-40,-23],[-112,-95],[-133,-162],[-38,-102],[5,-33],[60,-25],[66,-44],[-11,-44],[-56,-47],[-67,-9],[3,-66],[-50,-70],[-84,-9],[-34,-63],[-51,-48],[-153,-13],[-48,-53],[-84,-30],[-72,-70],[-88,-26],[-93,-87],[27,-47],[-31,-81],[-46,-59],[9,-29],[-52,-54],[-20,-51],[-42,-54],[-77,-46],[-43,-9],[-39,-34],[-56,-26],[11,-56],[-82,-60],[-33,-49],[-80,-39],[-54,-14],[-42,-43],[7,-21],[-77,-56],[-20,-103],[34,-32],[-61,-12],[-49,-26],[-65,-7],[-141,-49],[-23,-53],[5,-98],[-49,-26],[-100,3],[-178,-10],[-66,4],[-73,-26],[-52,-37],[-54,8],[-104,-20],[-169,-48],[-5,-28],[-71,-16],[-105,13],[-29,-24],[-75,-17],[-15,-28],[-59,-39],[-101,-17],[-174,-41],[-32,-53],[-46,-5],[-80,-44],[-71,5],[-36,-33],[-132,-31],[-84,-46],[-89,-20],[-101,-69],[-84,-101],[-13,-58],[10,-45],[112,-61],[-146,-70],[-41,-49],[-14,-91],[25,-21],[-63,-47],[-97,-46],[-121,-70],[-64,14],[-38,-10],[-117,-7],[-163,-46],[-83,-63],[-79,-79],[-88,-63],[-24,-52],[-78,-39],[-52,-48],[-30,-57],[18,-43],[-60,-75],[-104,-75],[-123,-57],[-94,-117],[-159,20],[-213,-35],[-121,12],[-91,-32],[-116,68],[-12,42],[-31,27],[-86,41],[14,41],[-12,40],[-83,92],[-244,202],[-35,61],[-104,61],[-94,70],[-55,25],[-35,42],[-133,71],[-82,86],[-61,12],[-60,-4],[-38,14],[-64,-25],[-42,9],[-25,35],[-53,8],[5,32],[-65,51],[-176,87],[-138,77],[-120,30],[-93,40],[-63,-13],[-62,14],[-73,-20],[-131,1],[-61,-19],[-53,30],[-120,34],[-141,28],[-61,-18],[-45,-53],[-190,-41],[-35,-50],[-67,17],[-25,-37],[-52,15],[-36,-43],[10,-37],[-103,-18],[-83,6],[-22,25],[-124,11],[-20,-8],[-71,24],[-31,48],[-144,27],[-72,43],[-200,155],[-41,10],[-16,41],[-66,10],[1,59],[-21,28],[-77,28],[-92,83],[-33,54],[-78,67],[-47,54],[-81,63],[-42,-1],[-46,74],[-170,128],[-26,32],[-86,58],[-90,92],[-42,17],[-101,80],[-103,48],[-24,29],[-81,41],[-123,43],[-12,30],[-71,45],[-122,18],[1,28],[-81,-8],[-58,8],[-102,89],[-112,14],[-18,23],[-70,12],[12,35],[-34,31],[-83,2],[-113,68],[-147,32],[-97,-3],[-47,14],[-67,-1],[-98,15],[-107,-44],[-131,7],[-78,28],[-101,6],[-104,30],[-48,-60],[-58,26],[-31,-9],[9,-40],[-30,-10],[-84,75],[-37,-3],[-26,33],[-55,9],[-85,-6],[-155,103],[-136,12],[-40,-14],[-44,28],[-49,5],[-98,-22],[-34,65],[-48,17],[-36,-28],[-57,2],[-46,51],[23,27],[-31,43],[-41,16],[-15,35],[-94,17],[-75,46],[-98,-10],[-85,39],[27,55],[-75,51],[-47,5],[-16,-28],[-87,68],[-46,25],[-44,-1],[-48,-25],[-51,5],[-36,44],[-81,7],[-47,52],[-84,29],[-62,52],[-116,75],[-54,46],[-38,-3],[-46,53],[-52,20],[-39,47],[-159,103],[-39,44],[-151,109],[-46,19],[-58,44],[-64,22],[-19,26],[-75,21],[-90,84],[-39,5],[-23,55],[-32,6],[-33,45],[-65,28],[-40,1],[-57,51],[-22,-16],[-66,46],[-33,40],[-144,85],[-100,80],[-163,90],[-75,53],[-117,44],[-31,49],[-119,51],[-40,8],[-14,32],[-37,4],[-94,74],[-99,38],[-19,25],[-61,26],[-109,82],[-81,34],[-11,23],[-97,35],[-101,55],[-101,36],[-36,26],[-140,55],[-134,27],[-107,7],[-114,81],[-108,41],[-117,2],[-59,-17],[-70,-86],[-50,0],[-34,37],[-105,22],[-78,73],[-57,23],[-24,35],[-121,55],[-27,35],[-125,76],[-288,147],[-188,82],[-101,31],[-49,28],[-90,31],[-123,-9],[-114,0],[-81,-16],[-55,1],[-90,-28],[-38,-64],[-73,17],[-123,-23],[-29,-14],[-54,37],[-49,10],[-71,-35],[-53,-14],[-66,5],[-75,-28],[-43,-34],[-52,26],[-71,6],[-104,-10],[-97,-23],[-138,-73],[-79,-84],[-27,-70],[3,-55],[24,-34],[59,-6],[57,-22],[-119,-67],[-30,9],[8,45],[-71,-39],[-44,11],[-20,28],[-86,8],[-24,-23],[-70,15],[-19,-28],[-61,-1],[-21,22],[-94,-6],[-78,-23],[-101,12],[-104,40],[-84,-10],[-58,23],[-123,-25],[-106,21],[-18,-20],[-71,28],[-31,-23],[-31,63],[-85,72],[-97,13],[-15,27],[-60,0],[-57,47],[-91,36],[-46,-5],[-139,79],[-151,55],[-178,73],[-201,114],[-137,95],[-49,14],[-85,78],[-148,93],[-163,109],[-56,25],[-107,63],[-157,81],[-262,120],[-226,95],[-268,101],[-152,48],[-208,54],[-97,15],[-177,52],[-383,47],[-220,22],[-258,10],[-206,18],[-118,17],[-175,33],[-160,18],[-170,6],[-195,-1],[-76,-7],[-193,-31],[-180,-38],[-53,-5],[-137,-41],[-198,-74],[-135,-85],[-60,-8],[-108,-91],[-61,-19],[-95,-55],[-85,-60],[-66,-17],[-318,-165],[-89,-83],[-30,-99],[20,-40],[51,-53],[34,-15],[34,-51],[3,-49],[-27,-65],[154,-2],[52,9],[-17,-48],[-15,-114],[60,-77],[-8,-23],[92,-118],[25,-52],[34,-26],[81,-15],[-16,-62],[113,-120],[-112,3],[-163,-10],[-40,-23],[-4,-28],[31,-46],[-5,-55],[-50,-14],[-89,72],[-5,47],[-28,31],[-155,19],[-117,47],[-53,10],[-151,5],[-76,-24],[-32,-29],[-39,-76],[-6,-46],[-25,-32],[-96,-21],[-16,-51],[4,-44],[-19,-46],[26,-76],[-25,-48],[-48,-20],[-9,-42],[-82,-15],[-80,16],[-44,41],[-58,17],[-83,63],[1,62],[-51,25],[7,45],[52,27],[36,50],[-46,98],[-40,38],[-37,61],[-263,149],[-504,212],[-142,28],[-62,4],[-138,-8],[-141,-22],[-155,-50],[-78,-46],[-25,-34],[7,-41],[42,-41],[31,-124],[33,-81],[-22,-20],[-70,-6],[-88,24],[-57,55],[-125,45],[-153,-2],[-47,49],[-56,33],[-32,44],[7,90],[23,33],[26,90],[43,44],[54,23],[103,77],[89,34],[18,36],[61,40],[21,36],[-22,100],[-54,137],[-58,102],[-141,185],[-83,101],[-121,125],[-54,70],[-77,55],[-70,72],[-100,79],[-78,83],[-138,116],[-121,92],[-93,83],[-255,203],[-33,20],[-152,124],[-150,112],[-193,136],[-226,147],[-25,21],[-369,218],[-25,9],[-178,105],[-58,14],[-38,28],[-138,71],[-245,134],[-261,123],[-114,48],[-30,1],[-157,82],[-121,37],[-124,81],[-109,49],[-252,97],[-128,63],[-159,70],[-299,108],[-322,93],[-330,50]],[[427709,67772],[-11,-19],[68,-52],[-27,-39],[-60,7],[-35,30],[43,70],[22,3]],[[425470,68127],[78,17],[51,32],[209,78],[51,49],[113,37],[110,13],[69,-13],[131,2],[88,32],[93,4],[51,-23],[392,-32],[170,14],[27,-38],[-157,-26],[-17,-34],[-69,-19],[39,-26],[55,26],[3,25],[52,17],[70,-11],[35,-20],[115,1],[30,-14],[79,-5],[6,-74],[-81,-9],[-46,-32],[-48,-98],[-81,-53],[6,-88],[56,-27],[75,13],[26,36],[31,1],[-20,-60],[39,-57],[-36,-38],[-60,8],[-32,-40],[-9,-65],[18,-29],[79,-14],[81,0],[72,-22],[131,40],[33,-2],[65,27],[81,-60],[103,-11],[85,27],[58,-4],[20,-33],[60,-55],[-25,-20],[-160,-31],[-73,-66],[-10,-60],[-28,-54],[2,-53],[104,-94],[55,-21],[48,-54],[84,-12],[-20,-66],[-44,-50],[32,-71],[-125,-19],[-19,51],[-70,13],[-30,53],[41,11],[8,53],[-30,50],[-72,81],[-117,102],[-192,151],[-94,64],[-145,62],[-57,12],[-73,33],[-85,7],[-88,19],[-18,36],[-87,-31],[-38,2],[-102,50],[-110,-13],[-8,-35],[-74,12],[-73,-37],[-22,-77],[-52,-33],[-34,-74],[-32,-2],[-41,-54],[-57,27],[-12,22],[-76,-12],[-48,73],[-81,39],[-42,-24],[-78,48],[-61,-14],[-24,32],[-154,-1],[-18,45],[-63,-11],[-140,17],[-60,-3],[-39,-24],[-5,-41],[-57,-14],[-36,12],[-73,-18],[-18,-19],[-96,3],[-88,-8],[-61,16],[59,44],[7,36],[52,18],[10,38],[31,14],[53,-41],[80,33],[68,2],[51,45],[16,49],[-8,80],[37,23],[22,54],[-11,30],[50,58],[22,61],[66,52],[14,27],[62,30]],[[487978,79778],[-16,70],[52,11],[3,35],[-35,76],[114,-92],[45,-59],[-17,-25],[13,-44],[-18,-40],[-35,-2],[-95,26],[-11,44]],[[444477,65310],[-23,-25],[-88,-4],[13,33],[61,8],[37,-12]],[[445637,65273],[1,36],[72,39],[73,61],[32,-5],[13,-48],[-21,-57],[47,-49],[-146,-26],[-54,-23],[-23,28],[6,44]],[[447180,65410],[6,-55],[82,-21],[80,-6],[-8,-24],[-203,46],[-217,11],[-85,-3],[-78,-15],[-170,-63],[-113,-55],[-15,26],[106,31],[70,35],[154,53],[71,12],[68,27],[71,12],[62,-22],[119,11]],[[443936,64562],[51,79],[117,15],[52,-51],[-18,-37],[44,-7],[19,28],[48,-21],[-97,-66],[62,0],[62,51],[112,-16],[-29,-38],[23,-64],[54,29],[33,-14],[179,-34],[-95,-37],[-105,-3],[-118,-36],[-82,-39],[-137,-80],[-120,-96],[-95,-85],[-105,-63],[-74,-29],[-77,-13],[-66,7],[-72,30],[-72,52],[-162,52],[-269,57],[-36,16],[-119,133],[-179,182],[-52,64],[-35,65],[83,56],[-12,40],[10,47],[57,-11],[88,0],[34,11],[77,-8],[94,17],[92,86],[21,-46],[88,-9],[38,-65],[-19,-20],[-107,-24],[28,-39],[70,-4],[73,63],[72,36],[8,22],[76,-16],[69,3],[66,20],[-99,-143],[-64,13],[-60,-32],[-17,-34],[-124,-41],[-65,-77],[12,-27],[52,-2],[79,30],[-2,-44],[-139,-53],[-96,-16],[12,-22],[98,8],[37,-11],[84,31],[58,-5],[154,44],[93,-16],[-1,34],[129,65],[0,20],[211,88]],[[446516,65637],[-90,14],[7,56],[55,5],[87,-24],[64,-63],[-56,-13],[-67,25]],[[446098,65535],[-13,52],[87,-52],[-10,-22],[-64,22]],[[446218,65533],[83,-10],[-20,-26],[-92,9],[29,27]],[[446283,65393],[-32,-19],[-45,9],[43,44],[34,-34]],[[447203,65637],[-120,-3],[-11,-25],[-69,-1],[-94,-38],[-31,-56],[-59,-10],[48,92],[52,69],[43,13],[40,-30],[143,1],[58,-12]],[[445269,65333],[9,24],[86,45],[28,-24],[17,-77],[48,-24],[-14,-37],[-98,30],[-74,43],[-2,20]],[[443628,64542],[118,37],[-6,-30],[-64,-28],[-48,21]],[[444718,64802],[-10,-11],[-178,23],[-65,-14],[-78,19],[-49,55],[-32,-30],[46,-28],[75,-20],[-26,-34],[-79,38],[-141,90],[-5,50],[28,34],[145,95],[91,50],[119,1],[67,-38],[147,8],[44,36],[16,-39],[-107,-23],[34,-30],[50,7],[32,-17],[24,60],[33,29],[133,-15],[8,-46],[72,29],[201,-6],[-73,-43],[70,-17],[51,6],[9,-58],[-27,-33],[-122,-19],[-86,0],[-90,-41],[-197,-41],[-47,11],[-83,-38]],[[444650,64460],[22,30],[89,0],[104,30],[-10,-40],[-64,-9],[-63,14],[-78,-25]],[[445180,62240],[34,-18],[-5,-41],[-52,7],[-16,53],[39,-1]],[[445369,61985],[-39,38],[17,20],[56,-44],[-34,-14]],[[442552,64932],[120,10],[55,12],[74,-2],[74,-23],[35,4],[45,-34],[81,-38],[-92,-68],[-74,42],[-43,43],[-71,1],[-23,-23],[-111,28],[-64,-62],[-57,-33],[-46,-8],[-95,-42],[-90,-2],[-35,45],[65,129],[32,40],[65,22],[60,-5],[39,-28],[56,-8]],[[444754,64797],[71,5],[46,24],[47,-16],[121,5],[123,43],[41,-20],[-135,-77],[-111,12],[-193,8],[-10,16]],[[447688,65957],[-91,-29],[-63,-31],[-50,-9],[-239,-96],[15,-45],[-89,12],[6,23],[-158,5],[-75,16],[-27,19],[13,54],[-45,86],[10,27],[47,19],[44,-42],[40,31],[-5,100],[21,40],[77,26],[19,27],[62,0],[43,35],[72,2],[1,-46],[51,12],[138,-21],[70,2],[22,46],[67,18],[112,-13],[95,-36],[105,1],[68,17],[20,-22],[-28,-84],[2,-37],[-88,-36],[-85,-17],[-75,-5],[-66,-43],[-36,-6]],[[447902,65804],[-99,-100],[-141,-113],[-194,-175],[17,120],[36,35],[49,13],[84,79],[-20,14],[-150,3],[17,37],[55,-7],[18,20],[149,65],[94,75],[27,33],[68,-24],[103,-2],[-113,-73]],[[445999,65402],[-58,-52],[-38,-11],[-45,17],[-16,61],[53,-21],[58,17],[20,40],[-19,83],[92,-3],[44,-36],[65,-31],[-10,-46],[-48,-11],[-32,25],[-66,-32]],[[445943,65071],[-100,-59],[-64,-54],[-211,-130],[86,97],[37,30],[96,26],[108,82],[71,41],[-8,22],[84,33],[-13,-42],[-86,-46]],[[418868,70856],[18,-63],[51,-37],[-18,-18],[-57,28],[16,36],[-18,55],[-47,8],[3,49],[34,9],[52,63],[102,92],[40,-31],[-42,-114],[58,18],[57,-4],[36,18],[-2,47],[139,19],[28,-33],[-57,-54],[-115,-43],[-98,-12],[-120,-34],[-60,1]],[[426900,69145],[-25,71],[39,84],[-27,89],[-22,39],[-5,105],[63,142],[38,130],[26,142],[-11,37],[54,115],[11,52],[-17,56],[17,115],[27,34],[-13,56],[26,75],[89,20],[93,-6],[71,-38],[64,-5],[69,-53],[143,-31],[53,-58],[46,-90],[128,-82],[58,-14],[84,-1],[104,-23],[109,-11],[138,15],[140,61],[136,37],[66,10],[167,-44],[151,7],[79,-5],[81,19],[85,-14],[72,-47],[82,-108],[12,-78],[93,-94],[60,-38],[56,-11],[44,-33],[60,-1],[31,-54],[40,-25],[98,-101],[-35,-8],[-93,-51],[-173,-67],[-52,-48],[-80,-2],[-122,8],[-138,-30],[-31,-25],[-44,16],[-53,-10],[-103,1],[-81,-25],[-88,20],[-118,-9],[-109,-55],[-68,-68],[-63,-31],[-43,-74],[48,-69],[-9,-34],[-98,-34],[13,-99],[-67,-2],[-53,-38],[-33,61],[-43,17],[-52,-25],[-41,2],[-73,-46],[-13,-45],[-42,-20],[-23,-76],[-49,2],[-51,31],[-32,39],[-117,34],[-54,-20],[-51,28],[-79,-21],[-18,57],[-60,65],[-37,19],[-75,6],[-67,38],[-38,2],[-135,35],[-59,-21],[-61,8],[25,-83],[-8,-34],[-40,-4],[-52,-47],[-35,82],[60,66],[31,84],[-1,54]],[[428081,68772],[23,35],[57,-51],[-48,-19],[-32,35]],[[383784,68762],[-13,-31],[-126,-67],[-35,92],[1,27],[63,31],[95,19],[60,2],[17,-29],[-62,-44]],[[439498,60091],[-86,42],[-2,63],[-32,47],[-11,52],[23,23],[42,-23],[2,-35],[45,-109],[40,1],[112,-66],[-49,-101],[-51,12],[-7,59],[-26,35]],[[439399,61625],[1,39],[87,8],[39,-32],[-126,-47],[-1,32]],[[439539,59756],[63,0],[-31,-43],[-32,43]],[[439601,60987],[58,-9],[-14,-63],[-44,9],[-31,35],[31,28]],[[440542,59202],[-51,62],[37,30],[37,-33],[26,-74],[-49,15]],[[440690,59366],[-58,34],[-43,65],[70,-20],[69,2],[69,-44],[-58,-72],[-49,35]],[[443226,62393],[-9,-37],[-68,-21],[-29,21],[87,61],[19,-24]],[[426060,69902],[-58,-52],[-6,63],[45,17],[19,-28]],[[370465,190419],[1,3993],[0,1954],[1,1375],[0,895],[0,1201],[0,1540],[1,786],[1,1092],[0,1127],[0,564],[0,2868],[0,561],[0,1204],[0,2320],[0,656],[0,1225],[0,1128],[-1,2443],[-1,1969],[0,1224],[0,1130],[0,753],[0,1503],[0,1128],[0,564],[0,3279],[0,306],[-1185,-1],[-937,0],[-1061,0],[-4243,-1],[-1061,0],[-3188,0],[-3176,0],[-1061,-1],[-5303,0],[-1060,-1],[-1355,0],[-639,0],[-2248,-1],[-3181,0],[-683,0],[-9206,-1]],[[330880,229201],[-1,1501],[-2,4316],[1,1689],[0,3565],[0,3940],[-1,5816],[0,1689],[0,938],[0,2652],[-1,1342],[-1,2734],[-1,1800],[-3,4609],[-1,1314],[-1,825],[0,865],[-1,751],[-2,1126],[0,563],[0,1686],[0,375],[-1,1690],[-1,1196],[-1,909],[-1,2775],[-1,1689],[-1,1315],[-1,939],[-1,1121],[-2,2445],[-2,3862],[-2,3067],[0,582],[-1,1547],[-1,1270],[-1,1323],[0,555],[-2,2841],[0,1343],[-2,3522],[-1,746],[-1,2818],[-2,2818],[-2,2123],[0,883],[1,686],[2,1442],[-2,3318],[-2,1612],[-1,357],[1,457],[-3,5648],[-1,1315],[-1,1012],[-2,2734],[-1,2262],[-1,1503],[-1,939],[-2,2817],[0,939],[-2,2818],[-1,2818],[-1,2028]],[[330822,351381],[86,-80],[239,-137],[116,-100],[25,-73],[78,-29],[80,-40],[70,-58],[73,-91],[43,-83],[55,-78],[32,-21],[110,-98],[120,-72],[29,-51],[32,-15],[75,-73],[139,-124],[155,-127],[54,-68],[32,-22],[50,-6],[84,-50],[85,-65],[146,-75],[93,-39],[60,-45],[25,-60],[132,-73],[71,-57],[256,-131],[253,-97],[165,-53],[108,-29],[415,-93],[85,-26],[25,-30],[186,-151],[96,-50],[92,-25],[39,-24],[116,-28],[115,-94],[19,5],[-6,58],[68,14],[-1,50],[49,28],[98,5],[-31,-31],[94,-25],[43,28],[56,7],[96,-14],[23,6],[127,-37],[190,-84],[219,-125],[63,-60],[106,-85],[56,-6],[107,-80],[38,40],[67,22],[195,-10],[123,-59],[122,-22],[105,-48],[4,46],[-47,-4],[-32,51],[29,13],[40,-33],[52,11],[49,-79],[48,29],[82,16],[111,-9],[91,-18],[115,-6],[287,-1],[81,8],[191,45],[142,14],[230,-5],[98,24],[142,9],[25,35],[49,12],[72,-7],[82,9],[33,35],[79,-11],[21,-23],[62,-11],[52,-20],[166,-50],[25,-15],[-21,-54],[42,-50],[51,-42],[69,-38],[75,-51],[97,-49],[116,-47],[151,-48],[121,-47],[187,-53],[204,-83],[82,-25],[79,-35],[66,-92],[47,7],[137,-67],[192,-71],[291,-76],[196,-43],[110,-72],[76,-73],[102,-51],[175,-53],[167,-25],[133,-42],[38,-53],[39,-15],[56,45],[51,0],[-33,-45],[31,-17],[56,-1],[42,27],[80,24],[44,40],[62,11],[71,-20],[-8,-21],[68,-35],[168,-35],[40,-35],[46,-21],[20,21],[112,14],[189,-28],[71,-3],[57,18],[143,-43],[41,0],[93,-20],[53,-30],[77,-24],[70,-40],[39,-35],[60,-28],[76,-47],[133,-58],[15,-22],[5,-66],[-42,-27],[-32,-54],[27,-151],[87,-168],[29,-35],[121,-101],[76,-33],[66,-59],[62,-35],[93,-90],[-9,-45],[21,-80],[28,-55],[90,-94],[84,-59],[29,6],[101,-40],[168,-84],[225,-90],[168,-47],[160,-93],[-60,-67],[-25,-100],[-75,-123],[-18,-55],[-42,-209],[-6,-133],[26,-168],[30,-96],[38,-67],[36,-204],[6,-85],[41,-205],[2,-142],[10,-72],[50,-161],[26,-10],[13,-38],[-14,-47],[38,-32],[64,-161],[4,-54],[38,-9],[-1,-79],[44,-90],[25,-7],[55,-102],[37,-54],[71,-159],[30,-93],[44,-61],[47,-93],[-9,-22],[37,-56],[10,-49],[28,6],[33,-69],[27,-84],[98,-156],[96,-136],[92,-77],[50,-66],[49,-47],[139,-105],[130,-75],[102,-71],[214,-110],[70,-54],[131,-57],[113,-68],[22,-44],[33,22],[118,-31],[71,-12],[183,-79],[53,-32],[73,6],[178,-6],[78,12],[271,9],[86,8],[177,-2],[138,-27],[154,-85],[31,-10],[200,-111],[51,-42],[-21,-65],[-74,-97],[-14,-133],[20,14],[2,80],[35,79],[64,69],[15,31],[48,15],[53,-20],[101,-20],[120,-45],[176,-126],[36,-43],[52,-10],[56,-53],[83,-96],[56,-22],[8,-32],[69,-32],[75,-18],[118,-58],[42,-32],[93,-94],[132,-153],[-50,-30],[-10,-56],[76,-43],[63,-4],[31,-19],[55,2],[101,-57],[44,-3],[120,-34],[96,-55],[65,-170],[80,-112],[70,12],[90,-160],[37,-36],[52,-29],[99,-37],[117,-60],[45,-38],[12,-38],[51,-37],[51,12],[165,-40],[102,-41],[29,14],[65,-6],[205,-39],[37,-49],[27,36],[121,-9],[27,-17],[20,-50],[45,6],[47,57],[48,-6],[12,-24],[62,-40],[59,-18],[73,-90],[143,-59],[-6,38],[55,-4],[37,-37],[-2,-58],[-23,-63],[60,-15],[66,8],[109,36],[85,3],[84,-13],[93,-38],[22,-27],[60,2],[37,44],[52,4],[12,-35],[62,2],[32,50],[67,47],[70,0],[59,-41],[23,-61],[45,-45],[38,-21],[48,-47],[17,-33],[-14,-45],[-56,-49],[-19,-68],[19,-40],[140,5],[-6,38],[-31,8],[34,76],[39,-6],[263,-119],[136,-57],[209,-69],[43,-7],[132,-40],[46,-4],[45,-31],[65,-7],[68,-23],[164,-78],[36,-30],[34,-70],[-64,-89],[45,-43],[-11,-70],[24,-87],[63,-120],[89,-117],[171,-163],[115,-95],[117,-85],[67,-39],[111,-50],[138,-48],[162,-36],[134,-21],[235,-27],[118,-6],[142,3],[65,-9],[97,12],[189,-9],[137,31],[69,8],[207,9],[31,20],[151,41],[179,31],[103,-9],[133,47],[87,15],[103,-3],[55,32],[151,31],[96,6],[73,-39],[22,-41],[30,-6],[37,38],[129,43],[44,3],[137,42],[161,25],[84,-7],[128,27],[106,14],[59,-13],[15,25],[128,21],[29,-7],[77,32],[81,19],[138,12],[196,5],[146,25],[97,7],[155,40],[184,30],[190,61],[278,140],[110,80],[107,62],[79,69],[156,79],[88,-8],[-4,-50],[87,-22],[17,-13],[76,53],[105,-7],[119,29],[138,53],[55,15],[222,91],[75,44],[99,41],[51,41],[151,75],[32,31],[111,69],[135,76],[93,15],[197,45],[75,-12],[37,19],[47,57],[54,15],[28,25],[320,182],[183,131],[48,44],[65,76],[37,-1],[53,34],[-7,20],[44,47],[113,104],[-2,38],[48,48],[34,3],[162,103],[170,87],[53,40],[46,64],[35,0],[54,-38],[128,-27],[122,35],[5,22],[108,153],[34,38],[54,38],[113,107],[134,88],[104,17],[118,31],[189,75],[78,17],[73,26],[46,-7],[170,1],[-15,89],[20,42],[85,97],[133,125],[9,48],[68,86],[96,156],[100,126],[57,86],[70,92],[53,87],[53,45],[49,-7],[-46,86],[24,86],[51,109],[50,144],[11,13],[-7,79],[20,51],[28,110],[40,82],[-14,31],[0,150],[12,110],[25,11],[29,51],[11,56],[26,40],[-33,34],[6,75],[40,22],[-8,42],[17,18],[2,269],[18,118],[34,158],[48,92],[43,59],[33,73],[40,15],[-12,77],[5,91],[38,62],[79,90],[63,24],[27,26],[-22,28],[-7,48],[49,150],[47,109],[64,102],[-17,70],[25,113],[30,188],[16,190],[-7,114],[40,97],[57,7],[-80,55],[8,100],[-15,43],[-8,124],[-39,77],[5,92],[-11,56],[-28,16],[-22,81],[9,72],[73,288],[65,189],[125,243],[80,122],[104,36],[17,37],[65,54],[36,18],[75,58],[169,150],[31,24],[85,106],[128,140],[76,99],[84,96],[72,103],[77,97],[185,269],[77,139],[37,85],[25,98],[44,117],[11,134],[-33,-1],[12,108],[31,141],[35,47],[144,-9],[60,45],[80,36],[131,80],[190,149],[159,141],[42,50],[102,94],[141,146],[291,332],[99,147],[90,142],[33,67],[41,14],[55,136],[113,198],[53,130],[23,118],[27,95],[11,134],[11,51],[-1,79],[43,35],[-1,57],[43,108],[3,80],[-13,49],[10,74],[72,115],[28,6],[47,54],[4,36],[46,126],[31,41],[62,48],[59,26],[59,-5],[42,-43],[47,-13],[38,61],[14,51],[-9,82],[97,169],[25,9],[-4,62],[51,97],[22,71],[51,99],[56,93],[6,62],[50,122],[31,126],[12,114],[13,45],[-14,118],[-29,91],[-116,118],[-76,115],[11,31],[-14,70],[4,80],[-16,46],[20,41],[43,28],[-26,31],[37,48],[28,-22],[36,15],[56,134],[8,53],[54,86],[71,165],[85,140],[47,130],[91,329],[41,121],[40,88],[-8,26],[36,75],[3,45],[34,70],[24,85],[38,93],[3,63],[28,84],[-1,66],[26,70],[-26,171],[11,66],[59,144],[39,64],[162,235],[28,54],[65,85],[60,106],[124,172],[6,31],[99,124],[68,100],[42,82],[34,47],[82,141],[77,155],[46,73],[37,111],[73,140],[22,102],[0,110],[-16,94],[-39,104],[-37,31],[-50,82],[-14,54],[-26,8],[-21,68],[-51,71],[1,31],[-29,17],[-38,148],[-47,234],[-16,16],[-41,141],[-33,165],[-29,73],[3,72],[-32,117],[-24,8],[-17,59],[-56,127],[-109,165],[-49,83],[8,17],[91,50],[79,6],[78,-24],[63,46],[-21,65],[7,57],[42,95],[45,77],[82,201],[22,125],[24,80],[39,228],[15,242],[14,88],[28,350],[7,137],[14,110],[-3,119],[15,50],[5,207],[13,137],[31,199],[49,232],[7,61],[56,248],[-6,23],[20,108],[-15,16],[43,80],[41,94],[58,231],[42,221],[62,192],[10,56],[100,389],[65,217],[33,137],[52,139],[87,211],[68,80],[-15,22],[30,57],[94,118],[60,97],[35,81],[64,194],[130,335],[110,237],[25,78],[40,93],[27,85],[38,94],[32,117],[80,259],[-28,22],[-2,54],[85,228],[128,142],[62,89],[47,81],[36,106],[41,85],[28,106],[66,324],[40,289],[7,182],[-22,127],[-14,45],[46,13],[67,108],[78,47],[3,33],[28,51],[49,53],[117,102],[25,30],[74,63],[162,116],[13,36],[33,19],[70,96],[23,61],[31,151],[-4,31],[-89,187],[-40,100],[2,43],[34,48],[52,33],[3,62],[-20,30],[34,72],[41,115],[57,89],[76,21],[4,28],[49,83],[23,91],[41,-24],[33,114],[25,118],[15,28],[9,95],[22,109],[1,130],[-29,138],[-29,63],[-28,95],[-63,123],[-47,26],[49,-92],[78,-188],[-8,-15],[-75,187],[-61,123],[-48,72],[-24,19],[-158,192],[-15,-5],[-51,92],[-39,85],[-7,39],[-62,154],[-3,62],[-34,14],[-72,131],[-137,279],[-66,168],[-23,43],[-30,100],[-37,57],[0,65],[-14,9],[-11,149],[-37,229],[-9,95],[-25,89],[-16,92],[-43,130],[-43,164],[-42,83],[0,82],[-34,140],[-33,184],[14,62],[-11,17],[-3,191],[-14,161],[-36,247],[-24,124],[-97,403],[-7,60],[4,172],[6,35],[9,229],[-18,208],[-31,128],[-38,127],[-43,117],[-75,387],[-29,47],[-17,64],[-15,102],[-40,142],[-81,248],[0,50],[78,439],[118,403],[79,306],[53,189],[46,137],[53,137],[77,219],[36,68],[20,63],[140,301],[21,8],[38,80],[134,341],[67,214],[32,165],[22,156],[-42,486],[-37,103],[-30,150],[14,29],[-23,231],[23,102],[36,116],[20,131],[2,68],[-9,93],[-33,87],[0,58],[-29,41],[-66,187],[-92,194],[-129,200],[-173,201],[-97,101],[-44,33],[-227,218],[-27,21],[-168,166],[-66,70],[-218,264],[-177,269],[-73,96],[-29,66],[-56,198],[-22,42],[11,23],[-6,198],[-25,148],[-1,288],[8,92],[20,91],[11,101],[33,175],[98,405],[67,200],[68,229],[11,136],[35,132],[51,332],[30,156],[11,159],[12,92],[13,277],[14,111],[1,72],[19,64],[29,190],[58,277],[17,43],[23,106],[29,62],[23,125],[67,238],[37,77],[65,171],[34,58],[60,174],[22,38],[74,156],[68,168],[61,92],[71,73],[87,66],[114,119],[27,21],[61,77],[98,102],[44,67],[41,88],[37,53],[23,59],[50,98],[49,136],[112,350],[18,34],[67,177],[47,74],[43,113],[56,50],[264,319],[-3,26],[235,283],[33,29],[101,132],[100,184],[49,122],[26,116],[9,71],[-38,228],[-32,133],[-20,32],[-37,13],[-33,104],[-53,97],[-41,49],[-34,19],[-61,-11],[-52,43],[-27,58],[-78,15],[-25,99],[-72,95],[-3,93],[-29,98],[-38,70],[-55,65],[-65,46],[-58,-1],[-28,13],[8,76],[-9,109],[-17,72],[-65,99],[0,98],[-19,168],[-66,134],[-12,84],[-25,32],[38,93],[8,80],[23,89],[0,123],[-24,76],[0,64],[19,67],[-13,79],[-55,132],[-58,65],[-62,56],[-117,64],[-31,-4],[-39,-37],[-22,18],[6,58],[-15,113],[-24,48],[-40,46],[104,203],[25,60],[9,54],[60,127],[42,132],[17,24],[46,-1],[49,50],[52,68],[106,156],[91,169],[64,39],[38,54],[36,-50],[0,-50],[24,-23],[47,-11],[67,11],[125,79],[83,101],[60,129],[90,30],[119,112],[126,5],[70,18],[43,22],[81,13],[43,39],[63,111],[30,37],[49,16],[49,60],[33,-6],[70,21],[57,51],[51,73],[20,71],[58,95],[61,60],[54,74],[54,103],[48,136],[24,50],[10,52],[29,86],[14,91],[71,118],[117,328],[40,65],[11,45],[69,159],[31,97],[21,102],[40,118],[8,54],[5,145],[16,95],[17,49],[55,31],[45,10],[90,40],[44,-15],[47,-41],[9,-25],[148,-125],[73,-11],[29,-14],[87,45],[50,-15],[80,-78],[193,285],[-47,-26],[-78,28],[-39,49],[-27,-19],[-30,46],[-68,52],[-76,-40],[-135,-29],[-48,55],[-48,28],[-30,64],[-29,28],[-10,58],[29,63],[36,23],[40,-38],[33,-5],[44,19],[58,67],[123,17],[58,-6],[23,16],[69,116],[70,-6],[29,15],[24,39],[16,60],[62,-12],[61,36],[40,44],[52,106],[9,48],[0,109],[-34,49],[-94,37],[-22,28],[-42,10],[-50,-33],[-29,-47],[-45,10],[-99,-22],[-66,-30],[-103,-32],[-45,28],[-61,9],[-35,-13],[-55,15],[-56,-10],[-43,-27],[-62,-75],[-34,1],[-51,53],[-1,92],[-33,52],[-67,50],[-44,14],[-83,-20],[-69,7],[-2,33],[-29,36],[-85,34],[-68,2],[-71,37],[-29,40],[-47,32],[-28,76],[31,36],[6,62],[-56,-6],[-43,40],[29,47],[-10,54],[-107,72],[-67,2],[-64,-13],[-64,24],[-46,60],[-40,30],[-40,4],[-55,33],[-23,-9],[-98,38],[-47,36],[-56,17],[-43,-17],[-55,9],[-82,-183],[33,-84],[-2,-61],[-34,-54],[-48,-54],[-6,-44],[-61,-58],[-67,6],[-118,-5],[-62,6],[-95,-9],[-85,-26],[-47,-27],[-81,-74],[-26,-38],[6,-44],[-126,9],[-75,-31],[-21,-44],[-29,6],[-58,63],[-75,46],[-80,28],[-98,-2],[-30,45],[-92,54],[7,67],[24,71],[26,39],[66,129],[79,189],[30,140],[109,259],[133,236],[53,129],[231,462],[102,234],[111,276],[71,191],[40,91],[49,146],[48,118],[50,151],[46,116],[40,143],[26,74],[30,114],[37,96],[19,87],[23,68],[-1,70],[25,170],[46,86],[60,158],[25,91],[41,68],[122,55],[87,77],[45,67],[50,99],[139,303],[50,92],[83,188],[6,29],[56,115],[53,132],[23,42],[67,154],[56,107],[66,154],[36,69],[34,86],[75,154],[140,352],[107,215],[83,123],[42,11],[29,61],[81,74],[41,60],[101,191],[100,209],[90,91],[38,49],[101,90],[85,95],[75,63],[50,23],[53,6],[93,-24],[75,9],[78,-2],[34,-26],[-4,-25],[-60,-8],[-76,-60],[-76,-91],[-36,-57],[-45,-141],[20,-38],[43,-45],[6,-109],[95,-163],[38,-51],[33,-23],[53,4],[-2,-52],[13,-39],[66,-95],[48,-116],[7,-48],[-17,-81],[-15,-27],[-5,-92],[9,-65],[-2,-113],[13,-47],[15,-109],[27,-49],[16,-120],[42,-256],[17,-48],[52,-105],[98,-87],[49,-51],[34,-21],[17,-47],[-99,-71],[-83,-78],[-42,-31],[-152,-30],[-39,-13],[147,-48],[54,22],[23,27],[120,72],[89,80],[28,77],[-10,65],[-49,55],[-100,86],[-73,199],[-4,114],[-27,95],[1,86],[11,119],[16,49],[4,60],[20,49],[112,115],[74,68],[105,142],[47,44],[104,3],[54,-25],[174,-141],[48,-6],[71,-31],[27,-24],[238,266],[-71,77],[-29,145],[-32,54],[-10,50],[-88,88],[-28,54],[-84,108],[-175,161],[-18,25],[-95,46],[-34,9],[-49,-12],[-115,-56],[-58,43],[-22,1],[-22,54],[-10,84],[1,89],[12,104],[3,85],[42,184],[-2,64],[34,155],[27,254],[2,126],[15,82],[12,118],[30,130],[7,76],[94,422],[78,241],[43,101],[83,224],[92,111],[135,87],[49,21],[47,87],[-6,12],[2,136],[18,138],[48,148],[46,186],[27,87],[25,136],[8,95],[17,98],[15,20],[92,45],[22,63],[-20,53],[7,98],[24,97],[125,377],[20,87],[75,214],[49,244],[58,229],[81,189],[10,9],[119,190],[24,95],[29,57],[64,171],[60,132],[67,220],[38,101],[27,26],[130,-6],[-1,123],[-42,-6],[1,118],[45,141],[15,75],[48,139],[49,209],[52,149],[49,207],[41,68],[7,98],[-8,37],[-2,103],[34,169],[22,136],[5,75],[19,115],[-2,112],[7,70],[-1,225],[9,65],[0,89],[-13,116],[-3,154],[-28,93],[-1,35],[-59,53],[5,90],[74,27],[48,35],[29,82],[55,35],[57,130],[36,139],[42,220],[21,240],[10,231],[24,96],[105,117],[-39,46],[-11,49],[4,51],[-44,67],[-41,85],[4,58],[70,5],[-19,133],[-35,75],[-40,154],[-12,26],[16,180],[-19,140],[-55,156],[-16,32],[-48,143],[-12,151],[-36,116],[-81,147],[23,25],[24,60],[9,52],[-7,117],[48,65],[26,95],[61,50],[48,52],[68,37],[102,79],[95,56],[174,89],[48,11],[78,40],[97,30],[105,12],[56,-18],[108,-77],[34,-16],[133,8],[90,29],[75,43],[123,86],[54,-26],[47,10],[35,-51],[80,-6],[86,39],[26,-32],[38,-1],[64,-37],[47,-2],[45,15],[65,37],[92,90],[35,-8],[93,75],[47,8],[39,-10],[33,-52],[38,13],[25,41],[73,73],[27,12],[48,57],[37,-1],[67,56],[85,20],[61,42],[27,36],[63,163],[10,75],[51,38],[12,39],[0,90],[96,65],[72,42],[76,91],[62,34],[59,99],[33,102],[28,150],[25,-5],[55,66],[27,61],[37,44],[38,130],[5,86],[-9,13],[28,123],[59,129],[60,63],[50,116],[-9,80],[-38,66],[7,16],[70,38],[-11,41],[85,85],[48,66],[55,-32],[30,-68],[38,-28],[131,-18],[25,-10],[134,0],[158,21],[69,17],[74,35],[77,-14],[39,32],[67,25],[56,42],[-17,47],[26,62],[35,8],[0,-42],[99,47],[85,51],[33,40],[9,51],[63,-71],[62,-56],[-41,-26],[-5,-28],[22,-60],[69,-73],[102,-12],[27,-72],[25,-28],[0,-51],[39,-41],[69,23],[30,51],[56,-34],[-4,-79],[75,-20],[72,96],[20,-17],[-11,-66],[20,-34],[65,12],[56,-40],[0,-59],[107,-43],[72,-50],[44,-16],[-43,-35],[-40,-1],[-79,-85],[-6,-48],[39,-20],[-26,-44],[-84,-29],[-48,-56],[-26,-52],[36,-44],[-60,-44],[-24,2],[-40,-59],[-10,-48],[6,-41],[-101,32],[-49,-19],[-48,-77],[-39,-160],[-32,-40],[-3,-71],[-40,3],[-45,-60],[-30,-73],[-68,-22],[-52,-88],[-33,-4],[-74,-36],[-70,18],[-70,-20],[-56,-2],[17,-57],[-26,-70],[-44,-86],[7,-189],[-15,-66],[3,-51],[35,-13],[3,-48],[30,-53],[-6,-61],[-28,-50],[20,-16],[-11,-89],[-51,-54],[-79,-11],[-67,-42],[67,-40],[-9,-50],[-29,-77],[-39,-58],[-41,-26],[31,-74],[7,-124],[-9,-46],[-72,-82],[-159,-119],[2,-87],[95,29],[33,37],[33,10],[57,56],[27,61],[30,32],[64,99],[6,77],[54,98],[44,48],[76,41],[35,33],[75,100],[24,4],[155,185],[-6,113],[19,39],[24,3],[1,52],[72,87],[62,43],[9,53],[41,22],[36,-21],[44,15],[96,-19],[-10,23],[-50,25],[8,34],[72,26],[21,-91],[59,-51],[146,-56],[-4,31],[-50,35],[-35,63],[-1,54],[51,33],[97,-55],[84,-70],[44,-60],[27,-5],[42,-55],[38,-24],[29,-42],[2,-53],[26,-131],[-21,-57],[12,-25],[-38,-42],[50,-1],[1,-63],[-42,16],[-42,-63],[-9,-44],[-23,-23],[-12,-51],[72,-104],[109,-21],[78,21],[41,45],[79,16],[61,-12],[65,-27],[50,2],[217,-60],[38,-39],[59,-94],[-12,-36],[85,-179],[61,-36],[73,-19],[77,1],[19,-27],[30,39],[53,22],[92,54],[27,32],[5,59],[33,11],[21,-31],[-6,-40],[37,-63],[54,-2],[29,-27],[1,-72],[42,-61],[48,-14],[52,-51],[47,-6],[22,-33],[39,-19],[0,-89],[11,-46],[40,-37],[30,-7],[-27,-112],[14,-27],[-25,-114],[77,-90],[14,-113],[44,-32],[29,24],[35,-43],[29,4],[31,-101],[-21,-38],[22,-42],[59,-51],[91,-27],[31,-42],[8,-41],[42,-18],[-5,-45],[30,-37],[4,-77],[-20,-51],[19,-37],[5,-101],[22,-38],[-22,-36],[19,-110],[-17,-41],[-15,-96],[6,-31],[62,-47],[-18,-99],[12,-49],[40,-24],[-1,-71],[45,-34],[10,-49],[-3,-78],[-42,-159],[-4,-153],[-24,-109],[-34,-71],[-35,-121],[-3,-66],[-18,-35],[-51,-53],[52,-47],[4,-152],[21,-62],[-8,-54],[38,7],[25,-43],[20,-108],[-13,-35],[-3,-63],[14,-86],[-20,-51],[20,-47],[26,-12],[17,-54],[61,-81],[120,-40],[73,43],[50,-27],[-1,-44],[39,-41],[7,-47],[32,-49],[29,-92],[42,-32],[23,7],[87,-40],[39,-90],[19,-19],[59,-110],[26,-4],[47,-79],[13,-123],[28,-40],[74,-42],[-22,-121],[0,-36],[36,-107],[54,-32],[-5,-36],[-134,-181],[-53,-63],[-86,-126],[-137,-162],[-62,-121],[-11,-110],[-16,-74],[-27,-77],[3,-78],[-8,-143],[-16,-87],[53,-55],[44,-85],[73,-36],[8,-168],[-47,-94],[4,-101],[-6,-98],[8,-70],[-14,-185],[-13,-59],[6,-102],[23,-57],[36,-33],[70,-148],[56,-23],[-1,-38],[40,-54],[-8,-288],[12,-41],[-8,-92],[26,-29],[32,-80],[-3,-48],[40,-43],[2,-95],[-17,-74],[21,-22],[1,-159],[-16,-50],[5,-58],[28,-40],[-4,-88],[0,-191],[-7,-200],[-25,-10],[-7,-78],[16,-37],[14,-180],[15,-47],[15,-108],[-2,-50],[-64,-35],[26,-36],[10,-52],[2,-84],[-55,-130],[-30,-92],[-15,-80],[-5,-128],[-8,-60],[-20,-14],[28,-53],[10,-56],[16,-15],[-4,-90],[-20,-28],[19,-149],[30,-119],[33,-6],[58,-56],[108,-56],[-6,-21],[27,-97],[40,-52],[52,-11],[23,-41],[59,-24],[91,-1],[35,21],[56,5],[37,-32],[26,-91],[59,-113],[67,-36],[94,-72],[24,79],[72,-6],[30,-25],[47,-9],[149,-65],[-5,-45],[41,8],[70,-70],[19,-61],[75,-55],[-4,-45],[57,-26],[18,-54],[51,-46],[57,-26],[66,-6],[14,35],[44,6],[54,-41],[121,-36],[156,-12],[106,6],[65,15],[114,14],[12,-11],[111,25],[117,52],[40,6],[53,40],[66,27],[61,-58],[-10,60],[22,44],[40,27],[152,74],[115,67],[84,81],[17,46],[6,57],[69,-46],[37,-9],[3,-53],[44,-63],[67,28],[30,-32],[59,18],[33,-31],[41,-14],[65,-40],[50,20],[25,-22],[3,-34],[43,-53],[53,14],[33,-26],[-1,-106],[12,-181],[31,-59],[35,-12],[30,-36],[39,-9],[45,-49],[-5,-50],[22,-36],[2,-42],[28,-52],[48,-54],[47,-31],[51,16],[45,31],[67,12],[83,35],[55,8],[188,62],[44,100],[18,-65],[45,5],[21,27],[-4,37],[72,0],[65,-69],[36,-71],[116,-11],[30,-25],[3,-52],[22,-22],[-35,-49],[-36,-7],[-69,-85],[-82,-30],[-15,-29],[-82,65],[0,44],[-30,16],[-7,38],[-34,23],[-74,-8],[-82,-45],[-121,-79],[-44,-19],[-76,-58],[-38,-100],[-27,-49],[-1,-54],[-32,-64],[-85,-114],[-35,-86],[-36,-41],[-18,-85],[-41,-89],[-25,-37],[-59,-35],[-51,-59],[4,-37],[-120,-236],[-68,-84],[-27,-45],[-18,-76],[-32,-20],[-25,-40],[-77,-89],[-62,-95],[-3,-52],[-25,-11],[-38,-67],[-33,-28],[-16,-45],[-44,-79],[-5,-37],[-77,-146],[-90,-136],[-19,-19],[-130,-40],[-21,30],[-37,-11],[-7,-70],[76,-49],[13,-56],[61,-28],[30,34],[41,-23],[-19,-25],[-8,-86],[11,-41],[-52,-70],[-30,-88],[15,-58],[66,-3],[-11,-93],[33,-40],[22,-80],[-70,-82],[-29,-79],[-6,-43],[-32,-59],[-8,-111],[26,-45],[77,-17],[14,-21],[-6,-62],[-23,-3],[-37,-53],[-18,-45],[-15,-102],[-51,-87],[-29,-90],[-37,-225],[-3,-61],[-15,-26],[6,-117],[-3,-117],[30,-125],[46,-85],[92,12],[25,47],[56,1],[92,-19],[47,31],[85,13],[67,-52],[44,13],[41,-34],[44,-11],[27,17],[62,-8],[43,20],[47,0],[212,-30],[65,6],[23,19],[42,-19],[56,19],[10,32],[50,-19],[38,21],[36,-91],[149,-7],[27,-35],[94,-52],[28,-37],[34,-16],[90,-10],[27,-23],[70,-118],[41,-23],[8,-32],[68,-62],[81,-20],[48,3],[71,54],[37,-8],[23,-133],[21,-20],[68,8],[32,-23],[100,-26],[-13,-72],[25,-46],[58,-10],[26,-42],[-18,-41],[5,-116],[-17,-71],[5,-42],[-24,-55],[5,-48],[27,-18],[41,5],[26,-33],[9,-69],[-9,-87],[-68,-177],[21,-86],[20,-7],[4,-98],[19,-16],[-43,-143],[-40,-41],[64,0],[-14,-73],[0,-86],[53,-81],[72,-13],[69,-53],[16,-44],[-14,-38],[20,-47],[29,-20],[67,14],[23,-79],[3,-71],[14,-39],[71,-91],[49,-34],[69,-23],[65,3],[97,-8],[113,-117],[88,-15],[138,44],[24,-8],[34,-64],[24,-20],[115,-49],[26,-24],[72,-30],[106,-85],[49,-75],[73,-54],[76,-22],[100,-10],[82,56],[27,-5],[25,-74],[64,-83],[-58,-57],[19,-69],[103,36],[112,-6],[23,30],[27,-27],[-4,-47],[-20,-65],[-150,-143],[-33,-51],[-58,-63],[-57,-79],[-54,-62],[-58,-51],[-47,-70],[-18,-48],[1,-88],[34,-96],[66,15],[88,4],[22,28],[31,-16],[-8,-49],[-27,-30],[-66,-33],[-49,-63],[-113,-85],[-56,-161],[-24,-32],[-45,-25],[-43,-99],[-21,-29],[0,-38],[-23,-88],[-9,-76],[2,-83],[-23,-65],[-46,-62],[-91,-92],[-62,-150],[-27,-88],[-21,-98],[-43,-77],[-30,-104],[-2,-175],[8,-89],[27,-117],[0,-34],[-35,-33],[13,-87],[-50,-84],[-12,-59],[-2,-79],[16,-109],[-35,-132],[-17,-104],[6,-28],[46,-26],[40,-55],[6,58],[27,29],[93,-8],[45,-53],[71,-48],[81,68],[31,82],[82,33],[32,-23],[-21,-103],[6,-28],[63,-42],[68,-4],[16,40],[-61,120],[0,25],[39,58],[15,61],[-5,41],[45,78],[24,14],[100,5],[99,44],[75,24],[24,49],[55,38],[57,22],[142,41],[110,-91],[35,-45],[80,-37],[102,-25],[53,-2],[37,20],[117,8],[97,24],[86,37],[85,51],[84,85],[10,37],[120,20],[64,-8],[50,60],[21,-27],[54,-5],[40,-52],[-27,-25],[-80,-101],[-55,-87],[-12,-47],[18,-72],[-44,-76],[-72,-101],[-139,-225],[-29,-94],[-17,-102],[-66,-87],[-34,-66],[-19,-148],[-23,-106],[0,-45],[47,-80],[36,1],[99,-21],[9,-12],[-23,-134],[-83,-175],[14,-65],[31,-36],[46,-9],[-16,-94],[33,-72],[29,-31],[-20,-62],[-18,-157],[-55,-83],[-21,-61],[8,-45],[80,-83],[-6,-56],[-21,-44],[25,-21],[3,-64],[-45,-78],[-37,-111],[-15,-171],[-12,-54],[-5,-104],[-13,-51],[-6,-227],[-6,-18],[41,-259],[-3,-47],[40,-93],[25,-7],[68,-122],[67,-78],[22,-99],[-39,-84],[-13,-56],[-9,-112],[13,-97],[-21,-165],[-2,-258],[7,-55],[-7,-97],[3,-101],[41,-155],[36,-71],[2,-145],[-13,-54],[27,-112],[16,-149],[1,-101],[25,-106],[39,-62],[19,-7],[55,-116],[32,-108],[29,-38],[65,-41],[109,-92],[75,-53],[180,-70],[99,-13],[22,-24],[5,-90],[33,-22],[6,-158],[30,-109],[51,-77],[63,-31],[-8,-69],[23,-74],[-5,-229],[-46,-129],[-104,-269],[-32,-162],[-40,-113],[-14,-76],[-1,-114],[44,-53],[-1,-96],[10,-57],[51,-78],[2,-88],[-10,-81],[-19,-46],[-115,-161],[-43,-42],[-155,-279],[-30,-72],[-29,-128],[-68,-220],[-26,-119],[4,-67],[-37,-143],[4,-102],[-6,-62],[-4,-322],[-13,-81],[-9,-125],[4,-72],[-15,-46],[-3,-87],[-21,-132],[-21,-49],[-48,-81],[-54,-124],[-24,-127],[5,-38],[38,-129],[63,-84],[21,-77],[7,-132],[83,-203],[68,-111],[42,-27],[11,-36],[34,-24],[10,-30],[40,-5],[111,-86],[61,-95],[30,-72],[31,-111],[84,-77],[27,1],[32,-46],[53,-161],[35,-73],[-3,-33],[22,-47],[-7,-193],[21,-133],[94,-163],[62,-161],[38,-182],[26,-47],[44,-112],[58,-98],[80,-115],[70,-72],[144,-83],[63,-44],[116,-116],[30,-22],[151,-70],[46,-46],[34,-76],[14,-56],[8,-226],[27,-120],[52,-161],[50,-72],[18,-69],[-8,-24],[6,-128],[-3,-59],[-17,-41],[53,-105],[-14,-60],[19,-94],[77,-197],[-17,-80],[-8,-146],[21,-99],[-4,-104],[-17,-155],[-16,-75],[-7,-90],[19,-139],[45,-169],[37,-112],[57,-136],[73,-151],[70,-113],[1,-19],[49,-57],[53,-133],[18,-63],[8,-89],[59,-238],[65,-236],[18,-111],[39,-141],[72,-175],[192,-379],[102,-174],[147,-219],[88,-113],[113,-135],[90,-94],[146,-114],[127,-111],[70,-35],[269,-216],[117,-71],[272,-101],[175,-41],[110,-3],[76,16],[78,-5],[36,10],[65,-5],[31,13],[65,-5],[66,-23],[35,-34],[41,-80],[116,-15],[42,56],[114,66],[188,-36],[116,1],[199,38],[192,53],[65,10],[97,-13],[29,9],[22,-29],[34,10],[3,42],[43,54],[76,39],[126,48],[123,36],[36,24],[214,113],[68,39],[139,93],[143,126],[86,101],[200,290],[76,42],[81,-7],[30,-30],[77,57],[-9,39],[54,98],[98,61],[129,46],[-4,58],[32,62],[139,163],[32,51],[148,217],[5,80],[46,126],[24,134],[9,209],[-52,48],[33,105],[12,110],[-57,28],[21,78],[-58,33],[27,48],[91,24],[49,-33],[59,15],[22,62],[55,26],[35,-16],[47,-44],[22,-52],[65,-56],[48,-22],[65,20],[8,44],[26,20],[55,-23],[30,-33],[58,-40],[32,-37],[30,-65],[78,-122],[96,-111],[70,-22],[80,-53],[69,-23],[63,70],[31,-1],[122,-73],[123,-51],[36,-10],[27,19],[57,1],[70,-17],[92,16],[183,61],[78,38],[68,47],[29,37],[-2,25],[94,-5],[91,5],[56,26],[159,157],[119,69],[106,-32],[-14,42],[113,27],[80,33],[117,35],[95,60],[0,21],[114,81],[92,107],[68,59],[99,132],[41,78],[18,64],[47,74],[26,25],[52,88],[23,59],[57,82],[43,160],[40,105],[-15,24],[18,35],[57,21],[42,-25],[29,3],[84,-21],[81,3],[34,11],[99,-42],[11,-87],[47,-43],[33,-54],[70,-53],[22,-51],[4,-84],[11,-29],[39,-31],[42,-83],[106,-73],[9,-56],[68,-124],[85,5],[69,-30],[53,-59],[40,2],[-36,-100],[6,-43],[26,-30],[62,18],[24,-38],[32,-10],[52,-54],[18,-52],[58,-8],[-22,-65],[12,-26],[-53,-94],[-8,-54],[-73,-158],[-62,-220],[27,-67],[35,-21],[-15,-161],[40,-35],[-6,-47],[9,-110],[-10,-10],[-14,-121],[13,-79],[36,-62],[79,-26],[69,3],[90,40],[23,41],[66,-4],[79,-37],[98,13],[55,41],[78,13],[57,42],[20,63],[31,-10],[25,-36],[2,-41],[46,-38],[4,-60],[-32,-94],[-70,-78],[-6,-45],[-34,-9],[-80,-196],[-19,-28],[-38,-112],[-26,-54],[-28,-94],[-25,-29],[-33,-124],[-11,-91],[-17,-59],[31,-47],[6,-107],[-44,-146],[0,-93],[12,-52],[30,-40],[16,-61],[24,-36],[148,-77],[24,-45],[39,-9],[21,-29],[90,-41],[84,-26],[23,-50],[26,-13],[40,-49],[33,21],[36,-96],[9,-53],[41,-39],[29,-114],[37,-95],[35,-64],[67,-79],[28,10],[90,-16],[-14,-29],[184,-37],[21,-19],[96,-15],[-1,51],[240,9],[145,30],[68,3],[30,20],[36,51],[29,-27],[84,-31],[27,22],[50,1],[17,40],[66,22],[7,-116],[24,-36],[1,-208],[14,-123],[41,-120],[112,-31],[61,-23],[20,-28],[137,-9],[23,16],[64,-87],[40,-34],[49,14],[90,3],[45,-7],[3,-44],[35,-32],[75,-15],[216,21],[69,-2],[39,15],[88,4],[27,-16],[58,7],[61,-15],[34,46],[127,0],[75,-21],[39,13],[112,-55],[8,-63],[36,-124],[36,-13],[80,-100],[16,-59],[-23,-61],[-3,-85],[27,-127],[46,-44],[115,1],[43,28],[58,-21],[8,-40],[47,-33],[34,-72],[22,-108],[-27,-60],[-22,-100],[10,-33],[-2,-114],[12,-81],[19,-49],[-7,-108],[36,-110],[64,-7],[47,-35],[104,-109],[105,-20],[59,-1],[106,-20],[60,-26],[18,-21],[57,38],[35,0],[61,-47],[-8,-60],[-70,-5],[14,-44],[-17,-27],[27,-48],[5,-38],[47,-46],[76,-20],[26,-25],[75,-34],[19,-27],[-21,-48],[20,-70],[30,-30],[30,14],[80,-18],[90,-3],[56,-41],[44,17],[136,-20],[36,13],[125,14],[49,-12],[72,-53],[14,-24],[88,7],[48,17],[36,-38],[53,-24],[94,-106],[21,-43],[81,-41],[37,-45],[92,-2],[114,-55],[6,-23],[52,-24],[32,22],[69,7],[122,-12],[39,-29],[42,8],[61,-24],[31,-47],[28,0],[139,-40],[97,8],[43,54],[91,13],[34,-21],[74,0],[250,25],[42,85],[63,-21],[-6,-40],[-49,-119],[-59,-166],[-40,-152],[5,-97],[23,-51],[0,-36],[26,-17],[66,-79],[45,-13],[80,-100],[79,-39],[10,-88],[27,-48],[33,-29],[133,-98],[23,-27],[58,-31],[6,-41],[106,-99],[10,-46],[34,-32],[20,-59],[39,-81],[36,-16],[85,-74],[99,-22],[79,19],[47,-12],[33,24],[16,73],[50,30],[58,-11],[35,-21],[88,-12],[64,16],[15,44],[53,44],[28,39],[95,1],[57,-97],[-8,-162],[-26,-49],[63,-147],[0,-29],[-49,6],[-41,-28],[-128,-123],[-105,-92],[-168,-164],[-42,-31],[-240,-251],[-87,-99],[-116,-166],[-92,-145],[-133,-230],[-29,-97],[-20,-36],[-67,-84],[-73,-110],[-53,-96],[-36,-91],[-55,-176],[-54,-3],[11,-55],[59,-57],[15,-63],[-17,-91],[-36,-64],[-10,-46],[21,-117],[32,-39],[-10,-208],[24,-78],[41,-58],[44,-44],[27,-56],[0,-41],[23,-59],[44,-63],[16,-38],[10,-90],[41,-103],[38,-65],[65,-74],[50,-37],[104,-1],[50,-8],[187,-2],[195,-20],[59,22],[21,21],[78,26],[73,91],[19,89],[-13,48],[31,91],[18,27],[85,30],[45,-31],[29,-105],[-14,-49],[9,-40],[-12,-47],[35,-44],[50,-40],[32,-51],[19,-76],[-7,-47],[12,-55],[39,-35],[-5,-34],[-34,-7],[-57,23],[-81,-20],[-31,36],[-71,-18],[-63,-28],[-237,-154],[-73,-60],[-54,-56],[-181,-152],[-52,-70],[-40,-99],[13,-77],[26,-7],[10,-54],[103,-78],[31,-5],[10,-37],[-32,-83],[-50,-50],[-80,-114],[-4,-22],[33,-67],[4,-76],[-16,-29],[-64,-56],[-69,-16],[-70,-62],[-135,-134],[-122,-151],[-52,-73],[-12,-67],[-28,-44],[-70,-172],[-14,-67],[0,-81],[31,-109],[-41,2],[-79,-32],[14,-46],[102,-28],[79,15],[23,26],[4,48],[38,24],[60,11],[39,-17],[48,-42],[-16,-16],[25,-43],[-2,-80],[52,14],[51,-26],[25,-155],[31,-105],[19,-29],[66,21],[24,-47],[-4,-29],[-84,-103],[-36,-67],[-34,-121],[2,-72],[-25,-42],[-5,-67],[32,-68],[52,-36],[46,-6],[22,-25],[5,-52],[25,-56],[36,-47],[51,-16],[46,3],[65,23],[65,82],[49,-15],[49,-95],[91,-75],[13,-41],[28,-28],[-44,-35],[15,-55],[43,-22],[-36,-43],[16,-80],[123,-64],[-36,-69],[19,-26],[-25,-31],[-67,9],[-13,-38],[-51,-11],[-27,-78],[44,-117],[18,-132],[-92,-126],[8,-61],[27,-50],[35,-32],[94,-43],[53,-47],[58,-33],[-12,-48],[27,-48],[-8,-66],[24,-46],[2,-35],[33,-18],[84,-131],[86,-55],[15,-72],[66,-105],[56,-112],[1,-35],[32,-87],[18,-79],[5,-102],[17,-72],[-15,-117],[39,-57],[-20,-110],[-16,-10],[-17,-67],[-73,-93],[-39,-88],[-18,-113],[-31,-66],[-2,-51],[33,-17],[23,-63],[-3,-70],[25,-136],[57,-38],[138,4],[38,-41],[18,-39],[1,-54],[-28,-52],[-27,-11],[-96,-191],[-60,-172],[-9,-53],[-37,-83],[-20,-68],[-9,-138],[29,-108],[61,-85],[7,-49],[42,14],[57,-50],[89,-24],[53,35],[61,-76],[0,-18],[117,-120],[34,7],[93,-8],[13,-39],[46,-14],[5,-28],[61,-57],[8,-74],[108,-119],[6,-29],[35,-47],[28,-13],[-10,-86],[26,-76],[34,-53],[36,-28],[0,-83],[69,-29],[105,-89],[37,-21],[25,-113],[2,-61],[43,-107],[59,-24],[46,-46],[13,-203],[-11,-150],[14,-40],[43,-45],[5,-32],[33,-45],[52,29],[26,-32],[-27,-59],[-62,-32],[-34,-57],[-12,-103],[2,-73],[-51,-78],[-54,-61],[11,-114],[0,-72],[-40,-42],[-42,-76],[-20,-73],[-49,-69],[-38,-123],[1,-150],[-35,-70],[-8,-42],[2,-129],[20,-148],[14,-41],[56,-23],[49,22],[33,-6],[44,-55],[44,-23],[52,-2],[43,-42],[-9,-23],[14,-62],[28,-41],[-21,-54],[-5,-76],[8,-66],[83,-33],[22,-25],[39,-6],[9,-87],[-35,-82],[-25,-88],[37,-26],[-17,-69],[13,-26],[38,-17],[25,-40],[-31,-13],[-69,3],[-87,-69],[-139,-126],[-91,13],[-50,-20],[-47,-119],[-76,-129],[-79,-99],[-88,-86],[-96,-136],[-25,-44],[-26,-90],[-6,-86],[13,-88],[-33,-77],[-27,-116],[0,-32],[29,-42],[45,-25],[25,-45],[3,-40],[-20,-39],[-17,-75],[-60,-118],[-36,-120],[-21,-105],[-11,-107],[-18,-21],[29,-90],[13,-80],[3,-121],[23,-84],[28,-49],[53,-48],[55,-8],[71,-54],[40,-13],[56,38],[80,5],[39,-7],[101,-79],[140,2],[61,17],[45,-48],[7,-47],[-29,-152],[-1,-89],[8,-61],[23,-80],[66,-76],[19,-67],[47,-53],[65,-95],[77,-62],[-9,-49],[60,-50],[47,-24],[45,-58],[51,-116],[54,-62],[4,-37],[39,-26],[-8,-34],[12,-85],[24,-29],[73,2],[16,-19],[16,-177],[55,-34],[40,-58],[9,-40],[175,-114],[49,-59],[17,-40],[38,-12],[19,-34],[39,-21],[37,-64],[56,-47],[40,-61],[16,-64],[36,-88],[11,-80],[78,-189],[65,-113],[32,-13],[76,-6],[92,-65],[98,-2],[51,-28],[66,-8],[53,-28],[35,0],[43,-27],[35,-44],[27,-4],[74,-86],[29,-14],[80,-108],[82,-77],[61,-49],[38,5],[94,-74],[47,19],[74,-57],[-10,-118],[9,-85],[24,-72],[56,-108],[42,-65],[53,-59],[52,-26],[36,-2],[29,63],[16,-2],[49,-105],[57,-88],[23,6],[85,-112],[43,-30],[94,7],[78,-142],[38,-45],[19,-63],[60,-146],[36,-69],[65,-101],[122,-142],[92,-81],[114,-44],[72,-60],[-26,-67],[43,-8],[12,-68],[-156,-90],[-4,-40],[-25,-41],[-5,-50],[32,-121],[82,-67],[72,-74],[44,-6],[47,21],[-30,-73],[-31,-153],[5,-77],[76,-9],[-21,78],[36,146],[57,67],[27,93],[67,31],[17,-22],[59,10],[48,21],[27,-8],[33,25],[8,48],[66,15],[75,43],[34,73],[10,54],[104,54],[14,29],[62,56],[99,23],[23,68],[47,-40],[10,-73],[59,-53],[71,-92],[-8,-28],[25,-38],[-35,-30],[10,-69],[87,-34],[54,-10],[107,-1],[75,28],[35,67],[56,-1],[47,62],[84,-28],[37,6],[26,65],[-1,42],[70,81],[25,66],[44,58],[-37,69],[-6,36],[44,6],[65,-28],[54,7],[18,-33],[53,-50],[36,-57],[77,-51],[57,-115],[48,-28],[27,26],[35,-23],[33,-58],[-33,-15],[7,-51],[19,-27],[-10,-31],[-90,-23],[-65,11],[-88,-89],[-87,-123],[-21,-70],[46,-60],[36,-107],[-9,-63],[-25,-40],[-50,-22],[-25,8],[-131,-132],[-150,-170],[-71,-103],[-33,-104],[9,-47],[-29,-42],[23,-78],[25,-28],[-11,-47],[-39,-65],[-43,-133],[-32,-82],[-15,-103],[-9,-126],[5,-125],[34,-86],[56,-24],[47,-85],[30,-19],[80,-102],[47,-40],[57,-24],[34,-75],[32,-150],[106,-167],[82,-44],[51,-47],[23,-5],[93,-59],[28,-44],[24,-137],[2,-153],[45,-89],[23,-24],[74,-38],[25,-42],[-28,-95],[-16,-13],[0,-150],[40,-166],[75,-99],[33,-186],[-17,-67],[-8,-78],[36,-124],[49,-31],[35,13],[38,-20],[28,-38],[47,-123],[46,-73],[33,-70],[18,-12],[6,-88],[22,-80],[35,-58],[0,-76],[56,-180],[54,-160],[31,-72],[84,-146],[43,-89],[61,-88],[82,-90],[54,11],[67,-142],[80,-124],[54,-55],[53,-28],[44,4],[46,22],[69,-33],[77,-88],[6,-40],[-14,-116],[-22,-108],[-14,-124],[-32,-85],[-22,-99],[-10,-105],[3,-161],[34,-108],[48,-79],[35,-38],[55,-25],[-6,-262],[-14,-79],[-56,45],[-32,-13],[-65,-71],[-157,38],[-25,-25],[10,-27],[76,21],[-20,-72],[5,-55],[23,-22],[-23,-29],[-70,0],[-91,-10],[-60,-26],[-70,-13],[132,-52],[22,2],[46,52],[81,10],[37,-14],[41,35],[0,35],[-34,54],[29,63],[54,10],[53,-22],[7,-55],[-3,-88],[37,-22],[93,-85],[-2,-67],[59,-88],[66,-78],[28,-70],[3,-71],[86,-82],[113,-72],[62,-60],[62,-30],[95,-95],[68,-86],[14,-43],[-2,-47],[-67,-3],[-25,-15],[-87,-119],[111,-53],[36,52],[-9,50],[5,62],[87,7],[42,-80],[-3,-38],[18,-42],[5,-52],[-11,-64],[32,-42],[59,-53],[-39,-76],[4,-61],[34,-13],[75,-94],[-139,-100],[-94,-99],[-69,-89],[-78,-115],[-91,-170],[-94,-327],[-5,-67],[-18,-58],[3,-224],[44,-194],[60,-136],[-55,-79],[-87,-78],[-83,-64],[-44,-74],[-13,-73],[9,-59],[31,-25],[39,2],[33,-79],[46,-6],[36,-70],[-45,-79],[1,-33],[-33,-57],[3,-56],[25,-22],[42,-77],[-4,-50],[18,-70],[45,-18],[63,-50],[34,47],[31,-28],[-81,-55],[-42,-52],[-37,-78],[-40,-132],[-54,-102],[-32,-111],[-9,-86],[2,-197],[9,-69],[-9,-81],[-48,-136],[-30,-104],[1,-80],[18,-126],[36,-39],[59,19],[9,-84],[-107,-24],[-85,-73],[-80,-104],[-129,-115],[-59,-86],[-95,-176],[-33,-127],[-61,-44],[-13,-26],[-92,-89],[-34,-50],[-39,-97],[-52,-171],[-6,-48],[-46,-199],[-50,-38],[11,-58],[-38,-27],[-216,-355],[-17,-75],[-8,-94],[3,-92],[40,-258],[-19,-47],[-6,-109],[9,-137],[22,-65],[-4,-48],[15,-19],[13,-81],[1,-72],[22,-109],[43,-164],[20,-35],[-1,-80],[-24,-32],[-1,-91],[42,-105],[91,-121],[62,-62],[72,-54],[168,-66],[4,-74],[29,-44],[78,-69],[32,-45],[4,-39],[55,-60],[64,-25],[33,-38],[67,-45],[61,-52],[11,-50],[-5,-48],[94,-104],[80,-73],[30,-36],[25,-58],[45,-69],[66,-61],[73,-47],[61,-26],[64,-10],[52,-26],[17,-58],[112,-24],[2,53],[23,25],[36,-27],[55,-157],[72,-101],[-14,-64],[52,0],[53,-54],[20,-48],[24,-143],[30,-109],[25,-46],[3,-42],[30,-48],[-8,-50],[86,-52],[-9,-40],[-71,-95],[43,-34],[117,26],[70,-10],[44,28],[59,-3],[102,-98],[-14,-39],[-86,-30],[-57,-30],[1,-53],[-15,-61],[25,-64],[98,-13],[89,1],[70,33],[82,-2],[38,-72],[77,-82],[80,-68],[153,-37],[127,-1],[142,-26],[183,-105],[122,-51],[76,-4],[54,-17],[71,-57],[30,-35],[81,-36],[64,-50],[84,34],[54,-42],[53,-4],[6,29],[61,-10],[-1,-33],[60,-24],[7,-34],[-31,-35],[3,-24],[77,-165],[19,-79],[23,-29],[7,-66],[-74,-48],[31,-127],[3,-63],[-42,-122],[-15,-78],[-8,-118],[19,-58],[-17,-69],[-115,-197],[-24,-22],[-17,-54],[-43,-76],[-39,-28],[-4,-57],[68,-12],[64,40],[29,36],[39,87],[9,73],[26,68],[34,-14],[-34,-139],[-126,-219],[-84,-138],[-20,-55],[-105,-199],[-130,-295],[-125,-387],[-46,-175],[8,-19],[-25,-129],[-31,-23],[3,-61],[-14,-88],[-31,-107],[-4,-62],[-47,-181],[-24,-164],[-13,-143],[1,-235],[8,-154],[-12,-44],[45,-142],[44,-7],[26,-70],[-2,-74],[28,-35],[15,-49],[48,-78],[59,-35],[45,-85],[80,-54],[102,-123],[67,-21],[78,-125],[20,-40],[74,-107],[13,-32],[11,-98],[54,-98],[49,-30],[56,-11],[131,-5],[57,-56],[62,-36],[53,-148],[77,-152],[92,-96],[28,-8],[140,5],[46,-8],[49,-59],[19,-41],[50,-17],[81,-144],[82,-79],[39,-82],[83,-91],[78,-109],[66,-108],[136,-170],[80,-71],[33,-18],[169,6],[46,-24],[119,-134],[121,-93],[132,-53],[62,15],[53,-22],[62,3],[80,-40],[76,-56],[55,-71],[138,-63],[64,-68],[46,-88],[39,-59],[71,-82],[75,-48],[126,-33],[62,-3],[61,13],[58,-3],[71,-28],[75,-14],[50,-49],[24,-6],[125,-100],[102,-69],[111,-62],[58,-10],[80,-32],[166,-31],[20,-24],[149,-92],[194,-75],[124,-34],[20,17],[53,-10],[24,35],[92,-40],[81,34],[43,-2],[32,35],[44,1],[46,32],[-6,22],[49,31],[52,-15],[39,22],[67,8],[150,-5],[67,-9],[116,-45],[52,8],[103,-57],[10,-23],[-2,-89],[18,-163],[51,-174],[71,-132],[65,-76],[43,-34],[48,-12],[44,52],[62,7],[140,-145],[63,-35],[43,43],[134,-19],[38,62],[52,-23],[80,-102],[-150,-172],[94,-49],[70,-9],[53,-37],[83,-86],[67,-93],[31,1],[89,-94],[125,-78],[89,-27],[111,-4],[84,10],[46,15],[38,28],[60,6],[114,-7],[35,8],[38,39],[59,-3],[50,25],[82,11],[86,-13],[49,-24],[19,-28],[6,-72],[30,-6],[6,71],[34,60],[2,39],[70,58],[153,66],[35,41],[11,52],[104,117],[51,98],[91,124],[30,10],[3,54],[44,57],[-42,45],[6,40],[40,33],[26,69],[141,86],[46,51],[21,61],[-4,42],[-61,56],[45,39],[-27,28],[-22,90],[-41,27],[-10,43],[80,-18],[25,-84],[81,-58],[19,-37],[56,-17],[60,-39],[27,-32],[16,-116],[28,-27],[-11,-45],[25,-39],[-2,-35],[-26,-26],[39,-115],[60,-13],[35,-85],[44,-16],[1,-34],[41,-47],[-24,-29],[-4,-72],[33,-141],[19,-47],[-45,0],[-92,53],[-59,-26],[-23,-65],[-12,-113],[-47,-77],[13,-35],[57,1],[29,-22],[57,-161],[42,-102],[65,-131],[63,-108],[-1,-60],[33,-11],[142,-169],[111,-105],[194,-164],[94,-62],[70,-76],[-47,-69],[-1,-54],[56,-71],[41,-107],[61,-1],[21,-95],[31,-53],[55,7],[60,38],[22,45],[1,40],[-24,68],[100,4],[90,-14],[43,22],[43,-14],[78,23],[11,-59],[91,-45],[42,42],[162,-20],[147,-48],[46,-26],[13,-31],[88,-17],[29,4],[23,-32],[62,3],[62,46],[115,14],[73,-1],[50,-75],[41,-47],[71,-56],[157,21],[-1,23],[100,62],[111,17],[61,39],[35,-17],[66,37],[17,31],[41,0],[12,35],[70,44],[83,28],[34,-3],[64,-39],[23,34],[57,-5],[106,-85],[37,15],[119,-29],[135,-19],[77,4],[92,-27],[22,12],[78,-6],[274,18],[98,-23],[98,-40],[35,-28],[57,-15],[128,-2],[149,27],[134,43],[51,82],[90,110],[38,137],[-2,71],[-23,62],[-78,88],[-11,151],[-60,81],[-76,46],[-48,66],[-77,78],[-19,48],[5,45],[-91,31],[-34,69],[0,48],[53,73],[-64,31],[-21,29],[-98,35],[-99,87],[50,-9],[45,-33],[54,-4],[97,-56],[42,-62],[56,-49],[103,-125],[97,-139],[89,-160],[25,-21],[48,-111],[44,-62],[60,-145],[35,-51],[31,-109],[39,-101],[13,-98],[30,-94],[37,-201],[37,-95],[62,-81],[-15,-42],[72,-150],[12,-49],[27,-14],[29,-56],[38,-31],[80,-99],[12,-53],[54,-18],[56,13],[-10,63],[-44,41],[-74,92],[20,6],[85,-84],[33,-80],[44,-68],[-1,-17],[56,-31],[16,-99],[69,-102],[76,-91],[3,-34],[42,-43],[60,-87],[91,7],[21,-11],[101,-171],[145,-294],[80,-236],[30,-182],[-17,-31],[-12,-102],[38,-14],[30,-48],[21,-118],[39,-73],[-58,-42],[-31,-9],[74,-77],[17,-2],[58,-116],[1,-53],[136,29],[35,17],[78,-70],[92,-179],[55,-117],[35,-109],[-10,-43],[-27,-32],[-207,6],[29,-45],[-17,-71],[-39,-71],[-24,-103],[-46,-50],[-72,-151],[24,-9],[44,-69],[19,-9],[25,-79],[25,-49],[7,-87],[48,-116],[84,-122],[153,-152],[147,-124],[232,-152],[165,-100],[37,-41],[35,-87],[19,-23],[-12,-40],[15,-33],[48,-42],[67,-29],[92,-20],[108,-7],[161,9],[90,107],[17,-12],[-81,-97],[-75,-44],[112,-73],[142,-21],[4,39],[128,-24],[53,12],[-53,34],[32,28],[162,3],[41,24],[25,-9],[205,-33],[107,133],[-44,90],[-35,54],[54,64],[-5,43],[-23,36],[-9,74],[-17,49],[16,35],[-51,90],[-65,56],[-72,38],[-27,38],[-64,54],[-20,73],[20,69],[-7,24],[43,63],[9,51],[34,20],[25,50],[-22,14],[49,53],[-13,21],[20,57],[43,54],[-1,63],[-81,199],[28,17],[116,11],[70,-12],[121,-50],[61,32],[31,-31],[127,-2],[74,23],[72,12],[104,-29],[46,23],[67,-15],[48,-56],[62,-34],[34,-52],[0,-46],[40,-41],[62,-36],[47,35],[70,-149],[20,-79],[-29,-78],[-25,-33],[7,-34],[42,-30],[4,-86],[-41,-33],[12,-43],[-10,-73],[-54,-65],[63,-45],[22,-148],[49,-278],[50,-214],[35,-126],[34,-80],[61,-109],[115,-144],[43,-42],[42,-20],[11,-27],[84,-31],[77,-39],[77,-105],[98,-114],[33,-48],[131,-112],[76,-35],[124,-45],[68,5],[37,20],[66,5],[80,-46],[94,-37],[120,-19],[89,7],[69,-29],[109,8],[54,-6],[40,13],[70,80],[147,68],[2,123],[17,35],[108,94],[36,1],[76,22],[68,2],[46,15],[35,59],[182,-56],[137,46],[25,25],[68,33],[37,-6],[29,-53],[67,-179],[57,-132],[25,-88],[36,-94],[59,-100],[37,-36],[115,-76],[57,-21],[45,3],[162,-37],[161,-55],[34,-44],[59,-20],[81,-12],[78,-28],[9,38],[64,29],[16,32],[165,24],[29,35],[35,4],[82,-73],[67,-9],[65,-21],[13,32],[92,-22],[73,-58],[24,13],[40,-45],[87,-188],[76,-95],[48,-37],[172,-22],[60,10],[31,106],[52,-37],[11,-49],[37,-7],[14,-120],[-25,-16],[1,-144],[30,-47],[11,-59],[-20,-53],[-11,-87],[-25,3],[-82,76],[-31,-13],[-4,-32],[-63,-29],[-48,74],[-70,-49],[-25,0],[-70,-41],[5,-19],[-83,-142],[-1,-37],[54,-117],[65,-60],[75,10],[120,-45],[121,-133],[80,-20],[63,-32],[37,-3],[36,-33],[77,-47],[-112,-67],[-20,-42],[26,-62],[-8,-59],[28,-45],[63,-4],[31,-29],[96,-40],[149,-70],[21,-30],[9,-74],[149,-154],[-1,-28],[52,-43],[128,-44],[62,31],[58,-45],[-14,-81],[46,-79],[79,-5],[47,-16],[51,-42],[130,-6],[54,18],[42,-34],[51,-23],[101,-3],[70,-27],[58,9],[79,31],[54,-18],[26,-26],[76,-18],[75,12],[86,43],[69,-72],[77,-23],[27,44],[-22,41],[4,60],[23,41],[58,60],[85,63],[66,-9],[95,19],[74,70],[43,101],[-14,58],[55,48],[42,6],[41,39],[2,29],[-52,16],[-90,-9],[-90,2],[-8,34],[-57,30],[-63,-1],[-33,-26],[-5,-34],[-66,60],[8,90],[-40,50],[13,37],[-16,45],[17,29],[0,58],[-20,63],[7,28],[-7,81],[48,100],[101,87],[43,-16],[20,-35],[78,-10],[48,29],[45,-28],[63,-8],[48,-51],[30,-57],[59,-82],[49,-36],[58,4],[9,-70],[18,-16],[80,-27],[29,2],[53,43],[68,-75],[50,-3],[33,30],[33,-29],[113,-10],[25,30],[4,44],[54,5],[44,25],[-16,58],[27,57],[53,20],[56,38],[85,-28],[20,50],[-26,36],[44,15],[66,0],[-22,-59],[38,-21],[20,-33],[-19,-33],[25,-42],[-76,-47],[9,-47],[-22,-35],[-66,-36],[-12,-25],[39,-27],[-37,-35],[12,-69],[27,-63],[-22,-37],[37,-44],[68,15],[39,-5],[28,-30],[-45,-71],[2,-31],[64,-86],[55,13],[1,37],[62,28],[20,-92],[-23,-28],[-3,-57],[-45,-15],[-91,-58],[-22,-68],[51,-34],[77,11],[17,-35],[-30,-30],[-39,-68],[-19,-81],[38,-34],[61,4],[65,68],[58,-42],[52,-11],[62,7],[-37,-62],[-87,-18],[-48,-59],[-7,-141],[24,-49],[49,-22],[87,-21],[51,-25],[32,22],[33,66],[2,31],[64,94],[28,29],[41,1],[55,59],[37,-8],[-16,-46],[-38,-52],[-30,-78],[-68,-83],[-68,-32],[8,-56],[-29,-15],[-12,-52],[51,-44],[71,-20],[56,-58],[25,7],[21,49],[62,10],[43,-45],[52,-10],[29,21],[21,45],[-13,126],[-27,32],[-30,95],[1,50],[37,83],[36,31],[26,63],[7,53],[23,31],[98,-41],[1,-308],[30,-46],[-28,-72],[-9,-60],[-31,-20],[85,-39],[47,0],[51,69],[24,8],[36,57],[-11,47],[82,50],[4,42],[29,32],[61,20],[29,27],[7,47],[-37,43],[1,25],[53,16],[4,-94],[-19,-74],[-47,-28],[-45,-48],[-22,-51],[-40,-35],[-12,-94],[-45,-56],[1,-52],[17,-37],[43,-44],[30,-93],[-19,-28],[-42,-8],[-9,-61],[18,-34],[-13,-51],[81,4],[27,40],[8,68],[57,49],[24,44],[45,9],[36,-74],[17,-62],[-78,-138],[-30,-27],[28,-64],[-18,-46],[22,-46],[-24,-74],[-70,-43],[16,-41],[-10,-42],[62,-24],[79,36],[16,28],[59,-4],[19,17],[1,67],[49,24],[61,-37],[54,3],[7,41],[38,13],[3,33],[53,47],[71,1],[3,-39],[54,-33],[42,17],[50,-1],[13,-32],[-20,-61],[134,-104],[22,44],[-56,59],[-26,47],[30,53],[1,75],[21,35],[-35,56],[80,10],[17,-72],[87,-49],[58,12],[18,56],[-6,59],[-20,38],[20,48],[-8,132],[62,-1],[88,25],[73,-27],[19,-54],[34,-29],[12,-79],[32,-102],[-21,-58],[11,-109],[24,-62],[20,-10],[63,47],[76,-75],[50,17],[90,-35],[-48,-20],[-35,-35],[-47,4],[11,-40],[37,-42],[-84,-26],[-44,-26],[-66,41],[-54,-16],[-57,58],[-61,-8],[-9,-52],[49,-67],[-5,-42],[104,-74],[68,-23],[13,-23],[62,-26],[84,-54],[-46,-18],[2,-35],[29,-21],[52,4],[73,-12],[71,30],[32,-26],[64,2],[57,-55],[37,-55],[1,-34],[-27,-30],[-91,-52],[-46,26],[-38,-82],[31,-17],[34,22],[56,-16],[18,-42],[35,-25],[-34,-52],[8,-21],[60,-4],[10,38],[-6,72],[-18,20],[6,53],[56,35],[119,-105],[19,-35],[49,-41],[6,-56],[-18,-62],[-32,-69],[-40,23],[-56,-42],[1,-23],[39,-41],[3,-91],[-29,-61],[-56,11],[-113,-8],[27,-25],[57,-12],[45,-28],[58,-3],[55,16],[27,-19],[28,-84],[-6,-40],[11,-67],[-17,-60],[-58,-48],[1,-39],[31,-25],[1,-147],[18,-33],[53,9],[49,-14],[80,-123],[50,-60],[29,-49],[35,-16],[60,-53],[70,-30],[24,-90],[47,-70],[64,-28],[56,28],[31,35],[56,37],[40,-15],[48,18],[46,-35],[29,-57],[42,-48],[-3,-31],[-30,-22],[-46,24],[-65,11],[-89,-9],[-36,-39],[-9,-45],[-41,-52],[48,-80],[61,-21],[21,-49],[41,-24],[91,2],[26,-20],[16,-56],[24,-22],[84,-21],[53,-38],[63,-71],[43,-85],[20,-70],[19,-29],[-18,-35],[-39,-16],[-56,34],[-22,29],[-82,-49],[-102,5],[-89,-46],[-22,-58],[-23,-8],[-45,45],[-53,173],[-49,52],[-114,0],[-42,-31],[-52,25],[-37,-65],[-40,-9],[-89,25],[-27,81],[27,20],[-3,57],[-130,-1],[-21,48],[11,21],[-3,83],[-117,40],[-33,-23],[-51,-8],[-74,23],[-4,34],[20,38],[17,122],[-54,74],[48,16],[33,80],[-35,-2],[-41,69],[-71,80],[-9,44],[71,0],[16,15],[-7,95],[86,-29],[22,17],[-79,46],[5,50],[32,28],[-60,55],[43,56],[4,26],[-60,70],[-23,-6],[-4,-52],[-25,-67],[12,-46],[31,-13],[-4,-50],[-69,20],[-43,25],[24,113],[-12,49],[9,41],[-13,36],[-39,-4],[-20,32],[-46,-5],[-70,-57],[-26,92],[-32,15],[-33,-27],[-38,29],[-14,-73],[-28,-59],[3,-45],[31,-88],[43,-87],[13,-67],[26,-14],[-11,-43],[-58,93],[-29,18],[-27,66],[9,32],[-23,71],[-16,-2],[-89,49],[-33,-5],[-70,19],[-38,30],[-71,-22],[-16,75],[-42,-17],[11,-53],[72,-34],[52,24],[94,-72],[50,-56],[31,-62],[-3,-46],[21,-23],[27,-98],[-24,-135],[-16,-21],[-92,-59],[-27,4],[-120,-102],[-32,8],[-17,48],[-116,-6],[-196,-108],[-59,42],[-14,26],[-71,18],[-45,29],[-43,99],[-52,55],[-131,46],[-23,34],[-42,17],[-7,59],[-23,47],[-59,51],[-62,27],[-96,-15],[-16,-27],[65,-49],[69,10],[32,-13],[-24,-86],[-1,-56],[38,-76],[52,-63],[109,-83],[108,-113],[-16,-31],[26,-51],[10,-66],[-25,-43],[-18,-72],[-47,-52],[12,-56],[-54,-110],[-55,-89],[-92,-133],[-61,-77],[-72,-74],[-52,-25],[-42,-112],[-38,-42],[-27,-70],[-33,-29],[-11,-66],[-82,-97],[11,-47],[68,-40],[14,-29],[76,28],[33,-21],[25,-39],[87,-60],[24,28],[32,-19],[-39,-48],[11,-52],[31,-17],[23,-50],[-48,-58],[-34,1],[26,-81],[52,-62],[0,-21],[42,-74],[63,-63],[34,-10],[99,-2],[20,-37],[94,16],[20,63],[-8,29],[32,37],[70,-21],[10,-28],[-14,-48],[54,-50],[-91,-44],[-70,-138],[-16,-13],[3,-53],[-47,-13],[-16,-24],[-49,0],[-32,-33],[-7,-34],[131,-108],[54,5],[26,-16],[32,-90],[17,-18],[54,12],[33,-22],[-1,-54],[-32,-71],[-2,-114],[10,-115],[40,0],[40,-26],[44,8],[39,-35],[30,11],[41,-11],[24,-27],[81,-10],[37,-36],[49,-71],[55,-32],[107,34],[40,-13],[-14,-89],[17,-79],[-22,-56],[8,-68],[43,-92],[23,-13],[69,8],[48,-54],[35,-4],[42,-59],[64,-47],[71,-1],[30,51],[20,4],[131,-31],[55,-28],[57,-8],[56,-105],[54,-58],[-5,-41],[-60,42],[-101,-14],[-91,-59],[25,-63],[-56,-45],[-102,-12],[-108,-48],[-68,-61],[78,3],[134,-25],[62,-42],[31,-5],[71,-49],[68,8],[75,-16],[59,-29],[-10,-45],[86,-152],[7,-39],[54,-35],[-11,-27],[-73,-32],[-14,-63],[27,-20],[41,7],[3,-43],[-35,-68],[-1,-71],[-11,-27],[15,-47],[97,50],[30,3],[55,34],[51,2],[49,17],[48,-43],[38,-80],[63,24],[4,77],[-36,30],[-2,57],[34,49],[35,20],[-22,35],[7,36],[77,38],[22,-59],[-11,-53],[66,-95],[-10,-80],[13,-63],[-10,-27],[96,-59],[88,-38],[117,-11],[28,-74],[50,-6],[19,51],[42,2],[59,59],[21,-2],[46,-58],[42,16],[29,-14],[37,20],[62,105],[120,22],[23,-118],[29,-67],[89,-84],[70,-34],[47,-9],[110,9],[-22,39],[21,69],[76,-7],[47,-27],[43,31],[37,-55],[-33,-48],[-1,-35],[31,-35],[98,-87],[50,11],[108,-9],[51,68],[36,84],[66,35],[79,-14],[55,-53],[45,-11],[28,14],[37,-20],[20,-35],[-57,-52],[-11,-57],[27,-19],[10,-52],[41,-38],[56,-18],[30,6],[56,-20],[-14,-43],[-139,-27],[-76,12],[-49,87],[-40,-22],[-30,14],[-77,9],[-38,-13],[-81,-54],[-62,-106],[42,-52],[93,-31],[27,-86],[25,-16],[11,-49],[26,-30],[-12,-34],[-87,37],[-47,-11],[24,-33],[0,-57],[-29,-49],[4,-102],[-7,-47],[-59,-112],[26,-52],[62,14],[110,72],[26,-11],[121,-22],[40,81],[73,55],[36,-29],[151,84],[323,-15],[68,-34],[140,-126],[43,-55],[-7,-33],[48,-58],[60,-39],[179,31],[73,64],[47,-11],[12,-33],[78,-31],[72,-14],[90,21],[25,-15],[-22,-90],[1,-101],[34,-102],[24,-46],[70,-83],[41,-36],[-6,-32],[38,-29],[23,109],[39,15],[55,-41],[40,24],[27,-9],[24,-93],[45,-104],[24,-30],[21,-64],[88,-141],[109,-122],[50,35],[9,32],[45,9],[33,46],[57,54],[27,7],[42,-102],[-3,-99],[-37,-177],[-14,-116],[73,-17],[34,-62],[-110,-119],[-22,6],[-12,-97],[-21,-101],[-5,-97],[18,-116],[-33,-3],[-69,130],[-40,46],[-46,24],[7,27],[-63,23],[-54,-2],[-43,41],[-1,-98],[27,19],[68,-14],[-1,-26],[-62,-37],[-126,-4],[-83,58],[-56,22],[-113,-20],[-57,1],[-37,16],[-58,-58],[-29,-54],[-53,-30],[-3,-33],[84,70],[34,58],[33,14],[113,6],[136,-28],[0,-11],[155,-49],[103,-6],[51,14],[44,-18],[17,-32],[42,-13],[2,-24],[-87,-42],[-55,-58],[-71,-159],[-28,-126],[-4,-57],[-32,-17],[8,-34],[-1,-137],[34,-151],[-17,-56],[-58,-16],[-26,31],[11,89],[-65,58],[-77,33],[-61,-21],[66,-39],[62,-14],[34,-69],[-1,-73],[50,-38],[45,10],[45,55],[59,-17],[61,-76],[105,-297],[0,-36],[-49,-31],[-35,-83],[-25,-38],[-61,-44],[4,-60],[-29,-51],[-91,-52],[-49,10],[-92,-39],[-24,-46],[-9,-87],[19,-28],[45,67],[15,49],[75,12],[143,-19],[-46,-66],[-30,-21],[-76,-120],[39,-45],[65,19],[29,27],[17,69],[50,59],[60,30],[45,37],[28,53],[-9,17],[102,71],[32,60],[63,23],[37,-7],[43,69],[42,13],[44,37],[128,46],[34,51],[41,6],[7,-111],[31,-105],[53,-48],[16,-67],[108,-87],[64,-20],[46,34],[95,25],[26,58],[47,-9],[48,-32],[-28,-75],[-14,-83],[-1,-121],[-9,-22],[11,-61],[-14,-92],[12,-81],[-12,-81],[41,-62],[33,-98],[-38,-95],[102,-58],[64,-56],[10,-41],[60,-23],[5,-48],[-77,-18],[-14,-66],[42,-81],[29,-10],[47,31],[19,-33],[-22,-46],[3,-30],[-26,-65],[-8,-100],[21,-45],[-58,-20],[-7,50],[-46,14],[-38,-26],[-22,-78],[-30,-16],[-58,44],[-54,11],[-13,47],[-41,35],[-45,1],[-49,-40],[19,-45],[-85,-37],[14,-42],[118,21],[51,-36],[-11,-25],[-76,-24],[-18,-42],[53,-9],[116,-63],[31,0],[68,53],[28,-9],[42,21],[47,-9],[63,6],[23,-24],[67,-28],[32,0],[13,45],[60,16],[21,-21],[28,-118],[43,-77],[-25,-70],[-98,55],[-93,115],[-63,-12],[-30,-35],[8,-44],[-86,-18],[-52,15],[-32,-18],[-56,19],[-3,-33],[-66,-159],[-6,-220],[-41,-25],[-5,-37],[31,-50],[46,9],[43,-31],[3,-28],[-40,-13],[-88,-53],[-48,-9],[-112,24],[-25,-57],[158,-104],[55,-122],[-8,-19],[12,-82],[25,-1],[41,-48],[47,-11],[6,70],[22,41],[45,-7],[59,44],[96,50],[29,42],[86,17],[71,34],[60,13],[30,64],[-7,53],[39,26],[51,-17],[35,-52],[-9,-28],[59,-62],[51,-34],[2,-38],[35,-63],[-52,-55],[30,-19],[78,-12],[110,41],[27,35],[32,2],[103,33],[84,4],[29,16],[76,-6],[-36,-52],[-24,-6],[-25,-93],[-68,-11],[0,-77],[-19,-14],[-9,-57],[16,-28],[-36,-63],[5,-29],[-22,-44],[-52,-38],[46,-17],[26,-28],[-2,-31],[89,-2],[83,24],[61,-32],[18,-58],[-45,-41],[-6,-48],[70,-33],[-11,61],[79,26],[67,-9],[29,29],[110,-8],[29,-37],[94,-28],[92,-43],[13,-47],[-34,-38],[30,-17],[39,-73],[0,-54],[21,-46],[-17,-22],[-73,-7],[-2,-19],[131,1],[14,41],[69,-43],[-41,116],[18,72],[23,39],[61,34],[-10,51],[13,32],[76,78],[22,47],[-5,44],[38,24],[1,50],[36,21],[34,-21],[60,5],[29,30],[57,6],[0,-31],[38,-102],[-14,-74],[19,-47],[-4,-74],[-25,-75],[7,-100],[-39,-10],[-34,17],[-70,-50],[-34,-103],[7,-96],[-79,-71],[-38,-10],[-116,-67],[-28,-27],[-84,-123],[-63,-161],[-26,-82],[-7,-82],[-16,-43],[16,-21],[2,-111],[42,-52],[38,-5],[34,-30],[-14,-32],[-40,16],[10,-111],[53,-46],[40,1],[10,-48],[37,-61],[-17,-68],[-36,-27],[24,-45],[16,-105],[43,-122],[-5,-57],[169,52],[35,-35],[-20,-126],[12,-68],[24,-39],[46,17],[36,-29],[-39,-177],[-42,29],[2,42],[-82,43],[-25,27],[-50,6],[-44,53],[-103,-69],[-42,-43],[-116,-84],[-75,0],[-32,29],[-62,-21],[-20,-50],[25,-21],[17,-66],[-51,-73],[34,-61],[-40,-32],[-3,-32],[-31,-37],[52,-8],[15,30],[-12,45],[45,31],[-31,77],[33,24],[18,134],[55,-78],[1,-97],[-22,-137],[-10,-134],[15,-93],[-1,-80],[-19,-41],[44,-125],[45,-48],[59,-28],[34,14],[86,-70],[77,-8],[48,-29],[15,-32],[-48,-80],[-47,-22],[61,-67],[29,-48],[120,-9],[-41,-72],[-55,-180],[-30,-216],[0,-54],[20,-133],[28,-81],[-13,-145],[18,-143],[0,-118],[44,-26],[64,-191],[88,-148],[3,-22],[51,-5],[-4,-80],[-14,-35],[16,-73],[-7,-62],[25,-8],[31,-108],[63,-93],[62,-57],[68,-40],[91,-65],[21,-54],[32,-15],[4,-70],[36,-45],[44,-28],[35,-54],[3,-36],[-49,-67],[-43,-245],[16,-141],[-1,-91],[-10,-42],[44,-112],[42,-51],[3,-88],[123,-218],[79,-120],[58,-26],[8,-27],[-27,-38],[16,-81],[29,-30],[68,-18],[40,-33],[2,-89],[36,-55],[14,-102],[13,-35],[5,-77],[34,-41],[57,9],[18,-46],[-54,-35],[-21,-55],[-51,-25],[-24,-45],[2,-50],[75,-7],[-6,-48],[16,-84],[61,-124],[76,-249],[59,-96],[85,-54],[52,-86],[57,-6],[90,-65],[26,-94],[-40,-43],[14,-57],[55,-20],[-8,-41],[-53,-19],[-14,-82],[362,-194],[50,1],[19,-22],[11,-55],[42,-41],[34,-61],[76,-90],[33,-75],[102,-85],[61,-112],[2,-98],[14,-69],[-1,-48],[152,-11],[69,44],[81,86],[40,8],[39,-26],[67,-4],[21,-56],[46,-61],[15,-60],[58,-59],[19,-49],[82,-3],[19,45],[3,80],[14,44],[125,73],[32,3],[78,38],[27,-39],[73,-55],[89,-7],[31,-50],[99,-72],[124,-57],[29,-42],[-27,-22],[-80,-13],[-61,-25],[-89,-105],[-5,-66],[15,-26],[-11,-146],[-16,-29],[9,-88],[-31,-49],[-11,-60],[15,-37],[-6,-39],[104,-117],[137,100],[120,106],[35,58],[68,180],[41,141],[24,139],[294,-25],[59,2],[88,-97],[37,-82],[77,-61],[27,-41],[61,-30],[156,-61],[79,-93],[11,-89],[55,-86],[5,-46],[38,-123],[76,-155],[65,-122],[69,-71],[35,-48],[60,-110],[53,-84],[33,-35],[141,-55],[122,-59],[92,-65],[86,-26],[50,-62],[-7,-56],[24,-45],[51,-17],[60,-39],[56,9],[59,-17],[87,-80],[156,-87],[66,-112],[78,-106],[52,-59],[47,-85],[60,-146],[73,-102],[8,-42],[-8,-62],[-37,-32],[38,-59],[46,-28],[82,-17],[77,-105],[17,-61],[-13,-27],[43,-52],[80,-139],[44,-37],[96,-43],[55,-43],[37,-42],[14,-53],[26,-47],[57,-54],[69,-18],[-60,67],[-5,108],[-79,69],[31,57],[-4,44],[-46,17],[-14,-33],[-40,27],[-16,83],[20,109],[-25,44],[-58,67],[-55,90],[-31,93],[1,82],[-92,86],[-14,71],[12,27],[-37,34],[-32,111],[-9,153],[-36,74],[2,66],[23,46],[-15,100],[-109,97],[-50,67],[-80,135],[-36,108],[-10,163],[-26,39],[-33,124],[-44,91],[-83,70],[-54,64],[-23,91],[-29,47],[-3,48],[-29,74],[-94,191],[-37,67],[-38,90],[-26,40],[-26,70],[-51,74],[-61,73],[-178,377],[-4,46],[-61,134],[-2,41],[35,12],[64,-28],[87,-11],[28,275],[-78,19],[-78,-14],[-31,24],[-5,67],[80,57],[23,85],[-42,41],[-45,87],[0,68],[36,65],[-13,113],[24,57],[87,87],[69,9],[15,83],[-8,45],[44,109],[34,58],[28,113],[56,44],[-25,93],[3,104],[17,51],[70,110],[49,97],[44,113],[49,73],[32,24],[25,46],[58,27],[103,34],[141,76],[47,80],[22,94],[72,59],[100,34],[83,-23],[37,3],[81,-26],[59,-6],[66,35],[-11,38],[17,63],[51,28],[17,66],[72,17],[44,31],[8,-46],[46,-10],[66,-67],[52,-11],[9,36],[51,-64],[-9,-47],[24,-57],[9,-64],[87,-56],[60,1],[-5,42],[60,21],[35,-26],[-14,-58],[41,-15],[-38,-37],[5,-39],[45,-59],[44,-10],[-24,-67],[15,-26],[7,-81],[27,-68],[92,-190],[18,-24],[29,-92],[10,-86],[22,-37],[87,-77],[11,-76],[76,-66],[74,4],[25,-85],[58,-50],[72,-17],[36,-50],[54,-19],[30,36],[25,-34],[97,-65],[-26,-34],[-6,-48],[11,-70],[97,-185],[-9,-53],[30,-60],[-53,-40],[32,-93],[78,-44],[39,21],[65,-53],[78,-21],[20,-31],[99,-63],[81,-71],[-45,-17],[-38,-122],[-50,-52],[-44,-11],[-41,-97],[-12,-48],[13,-60],[30,-20],[-9,-28],[84,-56],[73,-12],[21,-18],[111,-45],[51,0],[35,20],[47,-149],[30,-45],[51,-18],[5,-76],[79,15],[23,-34],[42,-19],[29,29],[165,-36],[55,-21],[75,-11],[50,13],[69,-22],[42,19],[23,-57],[126,-4],[57,39],[115,-52],[76,-11],[66,30],[-5,-70],[29,-67],[-10,-81],[40,-62],[33,1],[123,-52],[101,-5],[39,-28],[10,-46],[59,-11],[-18,-36],[58,-65],[63,-18],[40,11],[52,-61],[26,-5],[55,-42],[61,2],[24,-40],[108,-78],[34,-48],[73,-15],[81,8],[48,-27],[27,-86],[134,-46],[54,-32],[4,-35],[32,-5],[-2,-41],[30,-61],[0,-29],[-30,-56],[31,-10],[130,28],[86,-60],[38,1],[99,-78],[47,-51],[6,-48],[45,2],[13,-34],[46,-43],[33,-53],[1,-64],[58,62],[82,-8],[74,-25],[123,-13],[49,-55],[51,-11],[18,-29],[41,-9],[98,-103],[-7,-84],[27,-69],[63,-79],[31,32],[-4,51],[26,61],[-8,98],[-60,52],[-35,44],[-68,63],[-33,101],[74,-1],[54,-115],[82,-98],[32,-22],[86,-32],[131,-98],[158,-41],[93,-53],[63,-57],[3,-57],[-20,-55],[-46,-29],[-60,4],[-139,55],[-47,47],[-3,43],[-27,40],[-56,3],[52,-60],[17,-54],[-45,-27],[104,-21],[106,-41],[10,-49],[46,27],[78,20],[-3,-58],[-56,-67],[-45,-69],[-7,-83],[15,-54],[88,-39],[-34,98],[-29,54],[54,86],[27,18],[43,76],[72,-44],[8,23],[-43,41],[-4,68],[30,38],[60,45],[61,-8],[78,-46],[79,-89],[6,-41],[248,32],[3,46],[-15,46],[18,37],[-42,37],[4,38],[-54,48],[-19,65],[-46,97],[-62,79],[-109,175],[-15,46],[30,35],[5,156],[-59,36],[-44,61],[-53,42],[-58,108],[37,51],[192,6],[55,-12],[76,-33],[105,-79],[198,-106],[29,-37],[35,13],[-34,40],[-73,44],[-105,46],[-57,42],[-5,22],[-91,49],[-13,22],[-192,35],[-70,-7],[-40,15],[-108,88],[-41,67],[-56,44],[-38,49],[-63,101],[-6,45],[26,17],[31,-22],[44,-5],[167,-65],[101,-1],[83,-30],[72,-14],[93,-52],[20,-68],[85,32],[-46,64],[-51,20],[-57,60],[-74,-8],[-120,33],[-17,16],[-72,6],[-23,18],[-44,-3],[-95,44],[9,41],[-13,39],[-52,62],[24,41],[82,-10],[69,3],[35,-30],[24,19],[-46,30],[-105,32],[-50,68],[-2,59],[14,29],[-13,108],[-68,-17],[-29,83],[5,52],[39,44],[-16,30],[-3,76],[-18,42],[13,22],[-2,59],[39,13],[27,30],[-6,46],[20,65],[-15,51],[10,109],[49,75],[37,-7],[54,35],[7,75],[26,8],[40,60],[7,67],[-10,38],[44,9],[47,31],[-3,51],[48,3],[41,-50],[33,-3],[55,-63],[67,-12],[65,-43],[41,44],[107,-25],[20,-65],[59,-18],[45,20],[5,32],[67,3],[26,-31],[62,-11],[19,28],[65,45],[14,-53],[105,-91],[64,-35],[52,-12],[34,-28],[6,-34],[-36,-62],[-26,-67],[-5,-79],[-70,28],[-48,46],[-37,11],[-45,45],[-22,42],[-60,34],[-28,-30],[62,-92],[2,-24],[49,-6],[33,-29],[13,-48],[54,-70],[89,-43],[-27,-39],[52,-20],[3,-20],[-61,-27],[-76,19],[1,-63],[-39,-4],[-74,-33],[-28,12],[-34,63],[-81,-24],[83,-53],[-30,-23],[1,-42],[46,14],[43,-14],[42,12],[55,-45],[47,60],[60,14],[18,-38],[49,28],[27,-21],[114,-193],[22,-24],[20,-59],[-37,-61],[-63,-33],[-72,1],[-67,33],[-125,-9],[-10,-28],[84,15],[80,-17],[55,-34],[-42,-34],[-47,-65],[-56,-4],[-88,-84],[32,2],[53,47],[43,-9],[53,35],[28,57],[60,47],[99,29],[-5,-48],[-52,-43],[-21,-62],[22,-46],[48,-53],[28,-53],[56,-45],[41,-12],[-15,67],[-52,76],[21,19],[-22,65],[13,107],[21,26],[-12,59],[39,83],[-7,64],[72,78],[-42,119],[-132,139],[-73,120],[-4,36],[90,33],[27,50],[31,7],[-41,70],[27,80],[65,15],[70,-55],[-17,-43],[29,-19],[48,25],[24,-25],[-4,-44],[40,-31],[-10,-45],[18,-38],[-29,-20],[1,-33],[67,-23],[37,-33],[-11,-79],[-24,-26],[11,-111],[43,-186],[-3,-44],[75,-221],[44,-29],[88,-85],[74,3],[102,-59],[69,6],[115,-50],[64,-6],[29,16],[-16,38],[62,8],[11,-30],[64,-11],[39,17],[48,-20],[-56,-29],[7,-48],[-30,-10],[62,-62],[-10,-30],[54,-47],[41,-60],[-61,-36],[10,-34],[-68,-14],[-27,-33],[-37,55],[-61,-10],[-87,-99],[-53,-86],[-30,-93],[-5,-44],[7,-95],[-7,-103],[-46,-11],[-79,24],[-57,4],[-63,25],[-3,32],[-38,1],[-85,22],[-33,47],[46,64],[-52,33],[5,32],[-36,23],[-31,-21],[-34,20],[-32,-13],[-30,45],[-4,105],[-35,32],[-38,-4],[47,-79],[-46,-14],[1,-40],[-50,-39],[-59,6],[-15,50],[-32,0],[-94,39],[-1,68],[-25,16],[-23,-82],[18,-46],[93,-80],[51,-62],[46,4],[35,-31],[14,-62],[-53,-25],[-30,6],[-47,-20],[-8,-42],[60,-89],[-8,-49],[58,-61],[21,-70],[111,-62],[34,-38],[36,-15],[-8,-40],[-45,-33],[-15,-54],[17,-43],[-76,-95],[-17,-48],[26,-88],[88,4],[-57,62],[24,18],[41,74],[64,25],[7,67],[103,8],[30,14],[89,5],[39,-35],[76,7],[51,-35],[49,-88],[22,-64],[0,-154],[-26,-73],[-55,-94],[-18,-60],[11,-76],[46,-60],[15,-61],[56,-12],[27,-29],[15,-108],[-42,-60],[-99,-55],[-63,-8],[-60,33],[-16,42],[28,26],[-44,26],[-77,81],[-57,101],[-28,0],[67,-143],[34,-47],[6,-69],[51,-62],[58,-25],[110,7],[64,32],[70,51],[35,44],[30,-15],[83,-92],[18,31],[-64,58],[-18,61],[71,82],[-16,102],[-17,65],[-9,84],[26,66],[11,62],[22,55],[45,-1],[-1,38],[46,59],[43,15],[15,39],[35,13],[49,237],[22,23],[61,15],[-16,28],[-49,27],[-65,19],[-38,53],[24,65],[-34,61],[-13,78],[133,-40],[35,16],[12,35],[45,-32],[6,-42],[37,-8],[40,37],[30,-35],[39,-15],[80,-81],[-43,-33],[-49,10],[-25,-33],[16,-84],[88,-43],[-2,-25],[35,-33],[-67,-8],[1,-59],[-53,-96],[-23,-76],[-22,-142],[-43,-381],[8,-147],[29,-175],[44,-96],[60,-43],[62,-7],[45,59],[64,-10],[35,14],[44,-42],[1,-97],[-22,-24],[4,-93],[15,-81],[74,-60],[44,-48],[82,-23],[30,10],[72,-24],[33,13],[17,-38],[-40,-57],[-16,-46],[-8,-69],[46,-70],[-90,-105],[-14,-50],[26,-59],[-32,-15],[10,-56],[27,-63],[-30,-33],[-37,3],[-30,-85],[6,-63],[-7,-53],[-55,-41],[-39,-164],[-24,-130],[-24,-184],[5,-84],[44,-55],[-23,-26],[-19,-63],[20,-23],[5,-54],[20,-20],[12,-50],[-93,20],[-46,-40],[-40,-84],[-54,-270],[-65,-387],[-20,-217],[-6,-282],[12,-108],[20,-32],[41,15],[23,-62],[76,-25],[-38,-50],[-43,-1],[-8,-88],[-21,-15],[-180,-241],[11,-39],[-11,-75],[-14,-272],[-11,-112],[-32,-164],[-10,-111],[0,-220],[-5,-172],[-12,-87],[-36,-111],[-118,-249],[-95,-234],[-21,-116],[-10,-103],[1,-124],[13,-54],[46,-39],[61,-3],[23,-48],[25,8],[41,-119],[41,-88],[78,-91],[44,5],[43,-28],[28,9],[-2,60],[22,29],[57,2],[42,-41],[-16,-61],[5,-65],[23,-75],[25,-18],[51,4],[10,-51],[-45,-33],[-40,-11],[-14,-118],[14,-67],[-16,-53],[-57,38],[16,-88],[35,-80],[46,-73],[44,-49],[1,-48],[106,-29],[69,34],[67,78],[38,-16],[-11,-57],[20,-95],[65,-77],[-16,-67],[6,-86],[20,-26],[43,-7],[-22,-160],[-45,-109],[1,-35],[-48,-7],[-38,-37],[-58,-93],[-40,25],[-45,-29],[-97,-144],[-83,-87],[-54,-35],[-49,-3],[-61,31],[-49,-4],[-62,53],[-25,44],[-96,38],[-46,8],[-9,-45],[19,-36],[33,14],[58,-8],[39,-65],[-31,-43],[19,-90],[75,-51],[88,-33],[15,14],[120,20],[18,-154],[60,-18],[0,-30],[-64,16],[-23,-72],[12,-173],[-20,-30],[8,-39],[30,-8],[26,-67],[34,-136],[76,-214],[57,-129],[87,-164],[76,-113],[185,-230],[113,-127],[88,-88],[169,-147],[67,-62],[44,-65],[-57,-44],[-19,-38],[-28,-134],[-34,-60],[-38,-24],[-105,-39],[-310,36],[-152,-7],[-134,43],[-115,2],[-65,-15],[-8,-48],[79,-36],[158,-116],[494,-242],[137,-45],[303,-29],[-16,-130],[23,-128],[-142,-114],[-23,-41],[14,-33],[60,-5],[33,20],[136,24],[60,20],[87,45],[58,63],[92,62],[156,60],[108,65],[59,60],[65,14],[68,-31],[104,-28],[48,-2],[62,-66],[-2,-55],[-29,-28],[22,-42],[-3,-66],[-22,-130],[15,-39],[10,-136],[13,-45],[-11,-66],[-58,-49],[-42,-15],[-203,-37],[-41,-18],[-104,-111],[9,-58],[63,-5],[65,69],[44,9],[16,32],[42,13],[161,14],[120,44],[53,52],[30,86],[17,93],[1,153],[11,135],[17,67],[0,89],[42,23],[81,-33],[44,-28],[126,-34],[156,-55],[21,-19],[68,43],[82,-38],[76,-55],[21,-33],[30,-87],[-4,-154],[42,-103],[85,-165],[12,-65],[43,-84],[95,-93],[66,-50],[74,-1],[89,-22],[56,-27],[62,-56],[42,5],[40,-32],[80,-45],[55,-82],[29,-22],[177,-38],[71,-48],[12,-31],[37,-17],[46,-44],[6,-62],[47,-109],[57,-83],[49,-39],[11,-28],[-20,-35],[-150,-21],[-42,42],[-31,-57],[55,-20],[56,-77],[41,-1],[61,37],[18,-20],[-15,-69],[26,-31],[79,-26],[84,-62],[54,-71],[25,-143],[54,-40],[28,-57],[-92,-97],[-107,-166],[0,-33],[74,-109],[63,-5],[14,143],[46,37],[80,23],[20,-145],[40,-141],[33,19],[87,-77],[-191,-70],[63,-86],[28,-56],[-23,-20],[22,-33],[16,-61],[95,-59],[100,-21],[29,8],[55,-55],[33,-5],[63,14],[67,36],[74,3],[48,-29],[79,12],[124,89],[39,0],[94,-70],[-14,-19],[137,-97],[26,-24],[53,8],[197,-50],[23,-54],[8,-106],[38,-24],[22,-56],[37,-21],[60,1],[32,18],[48,-41],[56,3],[71,-28],[95,37],[46,53],[111,-93],[-19,-186],[51,6],[25,-18],[19,-129],[14,-45],[62,-125],[42,-114],[62,-92],[40,-44],[46,-24],[66,-95],[49,-110],[18,-19],[68,-1],[35,-18],[37,6],[47,-37],[44,-60],[73,-78],[87,-67],[140,-86],[111,-43],[29,-19],[96,-89],[169,-169],[32,-66],[12,-58],[29,-69],[2,-47],[-53,-107],[25,-7],[14,-65],[45,-66],[2,-27],[-34,-64],[-57,-26],[-38,-95],[-3,-57],[125,-139],[49,-135],[-7,-36],[34,-93],[34,-1],[14,69],[-11,71],[44,17],[-50,54],[-5,49],[23,78],[-4,100],[-47,116],[16,69],[24,36],[93,-43],[53,-43],[45,-77],[-5,-65],[-32,-38],[15,-20],[16,-133],[16,-28],[50,-17],[-12,70],[22,27],[50,-59],[-6,-85],[9,-27],[49,-46],[-3,87],[39,14],[90,-9],[46,-64],[43,-35],[14,56],[-36,19],[3,42],[-54,3],[-26,26],[4,69],[-29,135],[-120,113],[-36,17],[-61,64],[-57,39],[-89,36],[-113,108],[15,13],[-53,74],[-12,91],[-4,98],[35,30],[45,-8],[102,-54],[67,-20],[62,-5],[62,17],[18,35],[102,-49],[81,-48],[133,-52],[132,-87],[62,-25],[26,-28],[50,-11],[215,-79],[78,-24],[74,-10],[60,-33],[23,-39],[-7,-58],[-44,-13],[-173,37],[-163,-46],[-37,9],[-81,-34],[-83,8],[0,-66],[20,-13],[109,-14],[41,-18],[21,-33],[66,-12],[83,-108],[8,-45],[-54,-36],[-73,-28],[-7,-55],[16,-39],[82,-112],[10,-62],[94,-9],[83,1],[73,33],[43,-23],[6,-75],[-39,-67],[0,-43],[91,-85],[-2,45],[-48,35],[-12,38],[44,42],[14,34],[1,65],[-14,70],[34,34],[26,-78],[-3,-271],[41,7],[21,114],[31,-145],[16,81],[-11,67],[3,188],[-39,77],[-5,53],[28,16],[82,-39],[52,-57],[28,-4],[24,-77],[58,4],[-29,96],[-58,45],[-73,20],[-84,36],[-60,2],[-23,22],[60,157],[-7,28],[90,128],[0,61],[-18,44],[18,17],[104,-9],[20,-19],[-1,-49],[31,-51],[81,-46],[13,23],[71,2],[25,-16],[69,30],[62,-22],[39,4],[52,37],[18,36],[34,-15],[11,-35],[58,-42],[18,-51],[45,-24],[49,12],[63,-6],[63,-25],[28,-62],[-12,-32],[15,-76],[63,-58],[-2,-42],[57,-60],[21,4],[-3,89],[40,20],[28,-33],[-7,-78],[26,-61],[32,-25],[31,54],[46,7],[48,-28],[52,-77],[13,39],[42,11],[45,-46],[16,-102],[-27,-44],[-6,-74],[64,64],[23,106],[-11,41],[10,50],[-47,17],[-73,111],[36,31],[-136,92],[28,31],[-55,32],[-7,74],[30,22],[77,-22],[39,-42],[3,-53],[57,25],[58,-6],[-46,57],[-10,58],[-84,91],[-28,-44],[-40,3],[-37,45],[-18,56],[-47,79],[-51,44],[-73,30],[-86,-15],[-78,-3],[-37,41],[19,17],[97,12],[-1,38],[-40,20],[-63,53],[-26,42],[14,48],[-51,18],[50,90],[-40,-12],[-28,-39],[1,-48],[-42,-16],[-48,53],[-41,-12],[-39,30],[-79,1],[-97,-23],[-31,37],[7,58],[24,20],[21,62],[-13,14],[-3,80],[38,47],[25,72],[139,-3],[30,26],[51,12],[55,-43],[91,-21],[49,47],[55,-6],[25,-32],[61,-34],[31,2],[87,-52],[68,6],[83,-33],[48,-66],[82,-51],[78,-95],[116,-75],[182,-73],[51,-28],[137,-8],[33,-29],[-31,-98],[-78,-72],[-115,-57],[-87,0],[30,-90],[41,17],[21,-49],[-6,-75],[-21,-39],[83,0],[36,-54],[14,-69],[16,-17],[-13,-50],[-28,-38],[-29,-74],[89,8],[-11,41],[44,54],[2,45],[96,117],[-28,45],[-43,35],[-20,65],[77,69],[50,-26],[21,78],[57,28],[42,45],[12,35],[2,113],[-54,62],[-12,119],[-20,24],[-2,54],[30,29],[43,-29],[-2,-33],[48,-97],[79,-66],[40,-12],[32,34],[54,29],[33,-20],[4,-37],[39,-25],[-11,-43],[16,-60],[-34,-22],[-43,-54],[48,-73],[-7,-42],[21,-214],[43,-167],[18,-35],[21,-97],[109,-298],[28,-44],[22,-73],[2,-41],[-29,-7],[-78,-97],[50,-20],[29,50],[44,17],[84,-54],[21,-58],[121,-183],[196,-169],[64,-44],[37,-12],[52,-46],[125,-50],[-5,-18],[-86,-11],[-44,20],[-18,38],[-79,37],[11,-62],[28,-5],[51,-41],[80,-38],[52,-11],[75,45],[22,28],[106,-20],[71,-2],[177,46],[23,-17],[-83,-82],[-49,-19],[-32,-89],[-4,-102],[-54,-81],[-50,-44],[-47,-97],[-39,-54],[43,-24],[-3,53],[65,35],[30,54],[112,88],[54,75],[91,-6],[-25,29],[-91,4],[-8,27],[18,52],[46,37],[73,40],[45,53],[-1,67],[-30,18],[41,43],[7,58],[-23,21],[39,55],[38,25],[14,-35],[70,-251],[9,-98],[33,-74],[29,-102],[83,-145],[29,-13],[34,25],[44,-34],[38,7],[43,-24],[30,-43],[26,-106],[43,-40],[6,-32],[44,-52],[45,-24],[29,9],[49,-41],[3,-32],[51,-112],[9,-70],[18,-21],[40,-173],[-8,-42],[54,-212],[37,-61],[21,-95],[23,-41],[22,-95],[52,-65],[29,-59],[18,-93],[75,-236],[52,-101],[14,-103],[23,-76],[29,-56],[-2,-36],[25,-51],[21,-80],[146,-386],[52,-127],[81,-177],[84,-140],[31,-70],[104,-184],[71,-100],[51,-103],[121,-206],[29,-35],[138,-116],[23,-7],[-39,-72],[-47,-26],[-93,-70],[27,-23],[56,20],[87,50],[41,41],[81,-69],[26,-36],[41,-92],[85,-150],[173,-247],[104,-122],[79,-66],[49,-53],[40,-20],[140,-160],[189,-227],[102,-108],[138,-116],[164,-113],[143,-79],[4,-12],[108,-52],[67,-21],[113,-7],[84,-46],[111,-83],[187,-117],[46,-42],[109,-129],[123,-117],[199,-143],[210,-126],[239,-113],[35,-6],[155,-59],[78,-24],[185,-44],[110,-32],[62,-4],[21,-28],[69,-15],[58,25],[40,2],[58,29],[-20,57],[36,22],[148,-8],[94,-74],[63,-62],[81,-67],[16,-48],[-80,-14],[-53,-27],[-47,-50],[-52,-98],[-15,-75],[17,-74],[31,-81],[-6,-104],[7,-62],[22,-13],[35,136],[10,109],[-53,43],[-17,50],[33,96],[76,46],[111,27],[128,9],[72,-15],[61,-116],[7,-49],[36,-57],[102,-53],[111,-105],[32,-76],[60,-75],[149,-42],[19,-51],[43,-16],[34,-62],[73,-62],[-31,-56],[7,-59],[33,-62],[35,-26],[26,-52],[67,-43],[3,-39],[-21,-40],[46,-65],[33,-90],[-14,-38],[15,-48],[-5,-73],[68,-152],[-9,-55],[2,-74],[36,-84],[22,-163],[25,-43],[-21,-76],[-75,-124],[8,-40],[-18,-90],[-4,-74],[9,-102],[31,-147],[-29,-15],[47,-79],[21,-102],[67,-154],[153,-271],[58,-92],[199,-276],[168,-240],[89,-91],[-79,-27],[-22,-46],[-25,-12],[-32,-81],[101,41],[51,38],[46,-77],[45,-133],[37,-68],[53,-75],[143,-155],[74,-68],[119,-89],[168,-97],[218,-96],[142,-78],[92,-63],[0,-37],[-119,-200],[-37,-26],[-81,-20],[-74,3],[-18,18],[-95,32],[-100,-9],[-64,-16],[-48,9],[-27,30],[-64,21],[-102,-6],[-77,-23],[-76,-42],[-42,9],[-21,-63],[-57,-32],[-88,-82],[-30,-47],[-2,-57],[61,-68],[30,23],[15,114],[22,24],[84,51],[91,15],[79,-7],[58,-17],[37,-25],[81,-19],[128,-3],[37,-10],[101,17],[104,35],[56,1],[82,-69],[109,-131],[67,-119],[91,-137],[109,-111],[17,-37],[54,-39],[93,-93],[18,-49],[59,-23],[87,12],[85,-37],[83,-58],[86,-50],[111,-46],[117,-37],[135,-31],[83,-27],[543,-26],[142,3],[175,20],[64,16],[57,51],[49,-13],[36,103],[3,32],[-50,51],[-1,18],[91,16],[27,33],[129,-48],[57,-8],[-34,-71],[11,-94],[70,-146],[29,-49],[36,-20],[112,-27],[48,-29],[55,-16],[97,-11],[124,1],[128,12],[153,28],[118,-5],[53,-23],[65,-67],[0,-32],[78,-39],[-59,-70],[-17,-53],[-51,-52],[-40,-92],[36,-74],[15,-63],[-20,-72],[22,-55],[40,-46],[-22,-29],[9,-43],[53,-54],[41,-82],[-7,-54],[27,-26],[18,-55],[-64,-54],[-39,-109],[16,-28],[6,-64],[27,-90],[22,-40],[12,-67],[-16,-28],[-3,-69],[43,-95],[42,-63],[-19,-18],[35,-120],[-46,29],[-49,57],[-27,9],[-51,49],[-49,8],[-116,-21],[-77,-38],[-18,-28],[101,-16],[67,-2],[63,13],[13,-52],[-156,-57],[-43,-38],[-151,-84],[-106,9],[-35,-20],[-29,-38],[-39,-174],[-71,-38],[-57,-70],[-25,-50],[-41,-148],[-30,-23],[-67,-1],[-40,11],[-55,-12],[-108,-65],[-36,4],[-26,-41],[176,-22],[151,-34],[33,28],[79,32],[61,37],[56,53],[84,130],[44,85],[33,40],[95,65],[154,81],[100,25],[73,-9],[126,16],[87,58],[26,31],[28,66],[-4,45],[59,78],[50,13],[66,-46],[61,23],[72,1],[40,-16],[-39,-56],[12,-69],[-70,-98],[-53,-22],[-30,6],[51,-118],[-143,-88],[-24,10],[-100,-31],[-18,-48],[-48,-35],[-37,-63],[-79,-75],[-83,-51],[-80,-61],[-55,-61],[-3,-59],[96,51],[14,-161],[9,-45],[60,-122],[8,-42],[-19,-58],[-49,-9],[-100,10],[3,-34],[86,-29],[-22,-40],[-263,-122],[-78,-60],[-36,4],[-35,51],[-84,4],[-24,-30],[85,-1],[51,-50],[4,-27],[56,-35],[-55,-93],[23,-41],[42,-37],[-20,-67],[26,-39],[-13,-58],[13,-45],[-21,-41],[15,-88],[-16,-87],[-31,-11],[31,-60],[105,-42],[51,20],[39,-28],[-8,-68],[22,-39],[41,-25],[19,-64],[-14,-19],[32,-53],[28,-105],[1,-75],[-44,9],[-22,-25],[8,-64],[86,-66],[18,-64],[23,-34],[54,-34],[-42,-26],[-134,26],[-34,18],[-34,-25],[-117,-1],[-28,-39],[-29,3],[-9,-79],[47,-13],[87,-58],[64,-11],[60,-72],[114,-54],[59,-79],[116,-15],[39,-54],[-72,-108],[-64,-49],[-57,-14],[-11,-46],[70,-1],[58,-73],[-24,-67],[58,-26],[157,-5],[65,-29]],[[527963,232472],[31,-45],[-50,-167],[34,-104],[59,35],[-20,34],[59,44],[156,24],[80,-24],[45,-28],[39,-5],[43,-46],[48,-74],[0,-91],[-14,-58],[-60,-80],[6,-71],[-45,-56],[-43,-30],[-35,21],[-83,-1],[-74,-27],[-41,42],[-62,7],[-29,20],[11,-161],[-45,-86],[37,4],[17,-61],[106,17],[-50,36],[-15,41],[42,6],[211,-2],[124,28],[73,-23],[24,-33],[-19,-54],[35,-77],[27,7],[-5,46],[46,29],[-65,87],[37,68],[74,-2],[75,-79],[71,-52],[44,14],[40,-53],[41,-12],[78,-48],[53,-70],[32,-157],[-10,-46],[49,-44],[0,-45],[-43,-42],[-72,22],[-36,-21],[-20,-45],[20,-86],[-68,-57],[-39,-11],[-43,-60],[-43,-34],[-63,-9],[-19,-31],[112,1],[58,21],[63,-4],[25,59],[-6,22],[108,85],[67,-81],[11,-28],[56,-13],[10,-29],[-23,-81],[-2,-54],[-24,-68],[-27,-30],[-67,-2],[-12,35],[-102,-41],[-52,-56],[-2,-33],[42,-6],[-41,-73],[-21,-96],[18,-48],[44,-27],[27,-61],[-3,-40],[-24,-25],[-56,16],[-40,-46],[66,4],[10,-45],[30,-7],[53,51],[44,-3],[17,57],[100,-62],[-17,-43],[-87,-52],[-101,-34],[-123,-90],[-7,-40],[15,-58],[42,-10],[-34,-36],[-16,-47],[31,-19],[38,-72],[-5,-56],[75,-27],[30,-23],[-36,-53],[27,-35],[83,63],[-7,56],[-67,65],[137,20],[51,-5],[-76,99],[2,76],[30,12],[-8,53],[40,-8],[24,-81],[74,-21],[21,31],[-18,33],[31,29],[-23,26],[52,53],[-49,18],[-28,-13],[-34,20],[33,41],[-25,12],[33,64],[41,39],[23,-25],[-11,-45],[26,-13],[75,61],[7,25],[-31,67],[48,11],[59,-9],[23,32],[-82,13],[-57,-11],[-108,22],[-91,39],[-34,32],[10,23],[-32,64],[-6,40],[13,48],[73,15],[16,-61],[47,-10],[8,57],[26,3],[70,44],[52,64],[40,-6],[-36,-64],[22,-62],[54,-2],[-28,44],[6,29],[37,13],[26,35],[10,77],[-24,57],[4,35],[106,7],[5,58],[-86,65],[21,79],[-56,2],[-54,30],[-18,40],[-56,58],[4,107],[-11,43],[15,39],[54,36],[0,19],[44,74],[4,119],[68,51],[98,-43],[46,5],[-11,90],[-36,36],[-66,30],[-71,14],[-39,32],[-100,6],[-7,26],[76,-14],[133,7],[66,-28],[50,-1],[26,-42],[13,-224],[11,-115],[26,-186],[18,-91],[49,-200],[64,-174],[39,-76],[89,-117],[52,-79],[105,-135],[87,-92],[88,-73],[141,-92],[74,-36],[112,-37],[78,-16],[157,-9],[104,21],[64,35],[62,109],[7,110],[56,17],[78,-82],[-17,-51],[-49,12],[-25,-32],[-182,-350],[-294,-603],[-113,-260],[-22,-64],[-52,-106],[-41,-114],[-91,-223],[-49,-140],[-109,-267],[-106,-310],[-114,-340],[-146,-480],[-29,-115],[-88,-321],[-35,-144],[-83,-376],[-31,-177],[-24,-187],[-28,-257],[3,-220],[30,-197],[35,-134],[28,-80],[43,-90],[68,-106],[52,-50],[60,-40],[101,-29],[100,91],[53,-2],[45,33],[48,-30],[52,37],[52,-30],[-40,-20],[-17,-105],[22,-53],[-30,-63],[-59,-284],[-61,-245],[-83,-415],[-28,-226],[-36,-210],[-25,-297],[1,-60],[39,-82],[92,-108],[-31,-118],[-25,-185],[-9,-131],[-3,-200],[13,-126],[46,-129],[-11,-99],[4,-166],[-6,-48],[-30,-39],[28,-57],[33,-9],[10,-122],[36,-121],[29,-54],[47,-21],[118,-109],[77,-36],[39,-2],[47,26],[-4,29],[53,-1],[-28,-346],[-12,-303],[5,-121],[18,-164],[13,-70],[-3,-214],[27,-107],[59,-101],[68,-21],[-1,-70],[35,-68],[-19,-10],[-94,-1],[-92,-78],[-23,-3],[-69,48],[-52,-8],[-24,-47],[-24,-131],[8,-78],[-32,-93],[-60,-109],[-60,7],[23,-39],[-21,-38],[-15,-103],[2,-37],[41,-127],[-29,-66],[-51,-72],[11,-64],[20,-44],[-115,-65],[-107,-45],[-133,-5],[-51,-58],[-71,-103],[-24,-11],[-55,59],[-10,43],[-64,107],[-5,-45],[27,-43],[-27,-54],[14,-49],[-39,-25],[6,-36],[42,-43],[-29,-109],[21,-57],[-44,-65],[-57,13],[-31,-10],[-54,-71],[-27,-18],[-34,-77],[122,-123],[15,-38],[60,-47],[99,-23],[16,-38],[-12,-102],[-35,-39],[-74,35],[-108,39],[2,-36],[48,-10],[24,-60],[56,6],[93,-48],[47,-59],[-17,-64],[-49,-2],[-16,-42],[43,-31],[58,-16],[15,-57],[3,-67],[68,-55],[46,-20],[26,9],[32,-39],[2,-32],[-29,-25],[16,-62],[52,18],[64,-22],[118,-97],[10,-60],[23,-47],[33,-26],[19,-42],[46,-55],[-19,-51],[-61,-15],[-59,20],[-36,-22],[83,-33],[57,-6],[33,-44],[92,22],[83,1],[106,-51],[59,-68],[52,-18],[26,-32],[-27,-31],[10,-29],[-86,-39],[-45,-34],[-40,-11],[-72,2],[-74,24],[-134,-33],[-72,-53],[-81,-28],[-225,-116],[-72,-48],[-73,-36],[-70,-63],[-19,-49],[-88,-132],[-94,-212],[-92,-119],[31,-31],[-6,-38],[-39,6],[-66,-51],[15,-36],[-93,-175],[2,-48],[54,-121],[49,-60],[96,12],[26,18],[49,-7],[125,-41],[64,-9],[82,-30],[127,-12],[52,-39],[55,-2],[51,14],[136,55],[25,29],[-16,47],[37,40],[111,-6],[13,-73],[-3,-54],[21,-40],[-10,-64],[35,-41],[-35,-74],[-15,-118],[34,-58],[-41,-59],[-47,-134],[-18,-82],[11,-22],[-36,-90],[-58,-20],[-39,58],[-103,31],[-70,-39],[-35,14],[-69,-66],[-107,88],[-31,124],[17,74],[32,23],[52,102],[-13,47],[-78,22],[-26,-28],[-114,-18],[-61,0],[18,-63],[74,-32],[15,-52],[53,-73],[34,-128],[42,-63],[81,-37],[-164,-217],[-28,-29],[13,-68],[-8,-110],[7,-52],[42,-127],[20,-38],[75,-84],[40,-16],[56,0],[55,-45],[10,-53],[-47,-24],[-19,-28],[149,-73],[27,-39],[51,-8],[106,-68],[88,-18],[105,-39],[120,-58],[94,-55],[70,5],[110,-7],[53,-30],[15,-89],[-1,-59],[40,-24],[-24,-39],[-76,-59],[-85,-47],[54,-83],[-29,-24],[-35,-80],[15,-26],[-21,-70],[-60,-96],[-62,-45],[-216,-102],[-52,-47],[-73,-98],[-45,-8],[-156,-52],[-63,-11],[-86,5],[-178,47],[-183,31],[-90,-15],[-34,-29],[3,-74],[40,-71],[22,-134],[38,-66],[-73,-62],[-45,-17],[-45,14],[-35,112],[-37,38],[-39,-2],[-31,-37],[-6,-34],[22,-104],[-19,-30],[-41,-9],[-98,116],[-44,34],[-61,-5],[-98,-66],[-81,-76],[-51,-76],[-10,-60],[30,-25],[68,-12],[133,14],[40,-12],[49,-44],[23,-59],[-93,-32],[-85,-9],[-87,-42],[-31,-55],[-5,-47],[54,-29],[75,-2],[27,-32],[-22,-21],[-86,-14],[-45,4],[-101,53],[-52,52],[2,17],[-126,86],[-84,18],[-33,-35],[-30,-97],[13,-55],[51,-79],[6,-37],[-17,-91],[48,-72],[-2,-27],[-91,-10],[-38,43],[-17,53],[-39,44],[-123,70],[-154,24],[-65,-37],[162,0],[96,-30],[70,-53],[71,-116],[100,-23],[40,11],[10,65],[-38,50],[-10,38],[20,83],[-67,137],[0,43],[31,63],[31,20],[31,-14],[88,-69],[114,-111],[58,-37],[172,0],[36,19],[18,40],[-45,44],[-61,4],[-53,20],[27,64],[54,40],[179,15],[38,26],[5,63],[-21,38],[-103,64],[-187,0],[-37,29],[16,30],[94,112],[119,84],[43,10],[22,-18],[75,-104],[38,-35],[37,-7],[43,23],[16,49],[-6,114],[28,38],[32,-54],[20,-78],[69,-37],[105,40],[46,37],[8,50],[-47,84],[-10,122],[-29,94],[38,34],[134,-14],[213,-53],[-3,-15],[121,-6],[23,-11],[76,30],[38,-7],[211,107],[79,84],[135,85],[75,19],[80,57],[49,68],[76,122],[42,37],[-15,19],[123,2],[-1,45],[-75,-16],[0,62],[-24,28],[57,120],[92,90],[80,120],[-25,14],[77,82],[12,-7],[134,188],[176,-96],[-302,-424],[55,-98],[-35,-6],[-41,-34],[-132,33],[-29,-58],[4,-37],[58,-4],[44,-42],[11,-49],[-9,-95],[-47,-15],[6,-77],[-19,-20],[33,-49],[-1,-45],[31,-36],[20,-74],[81,-65],[72,-11],[-6,-63],[72,6],[27,-22],[6,-86],[-58,-38],[31,-43],[26,-61],[-5,-77],[41,24],[75,11],[16,-86],[43,-24],[75,-8],[66,14],[58,-24],[124,20],[44,23],[29,37],[20,59],[-21,28],[4,38],[51,19],[-22,-93],[33,-29],[-17,-40],[10,-31],[78,-15],[56,4],[24,-16],[82,-1],[19,-51],[-9,-32],[-40,-29],[39,-29],[7,-42],[42,-35],[-19,-45],[3,-38],[-32,-98],[24,-31],[80,5],[69,-6],[203,29],[-2,-37],[-61,-181],[6,-50],[-37,-13],[-55,-61],[55,-28],[22,-46],[-37,-26],[52,-89],[51,-29],[24,-46],[-15,-47],[74,3],[61,15],[57,-2],[56,-20],[6,-53],[-35,-28],[-14,-36],[47,-76],[49,-23],[37,31],[36,-23],[-67,-42],[-38,-62],[-36,-17],[-62,-64],[-8,-103],[29,-23],[-10,-57],[17,-31],[91,-75],[-12,-119],[19,-11],[-4,-81],[17,-111],[-33,-27],[-24,-51],[22,-50],[-26,-56],[40,-84],[38,-30],[77,-90],[8,-32],[-54,-45],[-4,-46],[64,-134],[-1,-39],[24,-46],[-15,-34],[-50,-4],[-57,-43],[-80,-23],[-86,9],[-78,91],[-5,-48],[48,-86],[32,-40],[38,-20],[77,7],[39,23],[52,-1],[64,26],[31,39],[13,64],[46,68],[55,10],[86,-26],[42,4],[82,36],[69,-60],[16,-88],[25,-66],[85,25],[49,-25],[37,6],[33,51],[68,-8],[79,-24],[63,9],[45,27],[104,-117],[38,-50],[34,-79],[16,-108],[50,-63],[73,-33],[67,-7],[81,6],[100,38],[71,41],[-41,-110],[-13,-115],[13,-76],[-8,-49],[-88,-162],[-54,-54],[-202,-40],[-25,8],[-201,-22],[-107,-8],[-30,-26],[101,-63],[25,-34],[-61,-35],[-48,5],[4,-43],[-39,-22],[-20,22],[-77,-2],[-37,29],[-51,15],[-136,-17],[-84,-31],[19,-22],[88,17],[49,0],[39,26],[53,-43],[30,-76],[-16,-52],[17,-57],[61,-39],[61,-21],[75,-98],[-55,-38],[-21,-66],[70,-56],[98,21],[23,-17],[13,-64],[9,-145],[32,-18],[38,-62],[-20,-43],[-72,-25],[-17,-82],[-34,-8],[-74,10],[-62,49],[-32,-44],[-11,-50],[58,-77],[-12,-71],[-120,-58],[-197,34],[-25,-76],[-36,-67],[-33,16],[-33,48],[-24,-11],[41,-49],[-19,-17],[-50,-90],[61,-82],[28,30],[37,-12],[58,23],[15,83],[-24,82],[6,51],[20,41],[130,-46],[97,29],[75,37],[28,36],[3,84],[-24,34],[-37,12],[-9,51],[21,15],[71,-42],[94,-2],[32,18],[34,45],[38,-32],[-54,-119],[6,-42],[84,-121],[25,-73],[27,-45],[16,-78],[-2,-62],[-18,-75],[-10,-106],[29,-120],[31,-37],[-8,-80],[5,-77],[26,-7],[82,-137],[39,-103],[-69,-105],[18,-77],[53,-75],[34,-8],[22,74],[-57,-35],[-32,62],[-7,58],[40,39],[37,64],[-21,84],[42,18],[-24,37],[-3,149],[17,28],[-11,73],[-41,43],[56,49],[58,11],[6,-36],[-4,-312],[-9,-147],[13,-208],[15,-159],[31,-217],[51,-266],[82,-325],[85,-234],[53,-70],[66,-14],[7,-60],[90,-176],[74,-129],[72,-91],[72,-31],[40,16],[30,-58],[165,-226],[123,-117],[101,-74],[88,-41],[107,-5],[50,23],[58,-26],[34,4],[17,32],[36,1],[32,28],[28,-30]],[[534045,211803],[-26,41],[16,70],[65,74],[46,30],[5,-46],[-11,-64],[7,-47],[36,-76],[-30,-42],[-42,0],[-62,33],[-4,27]],[[531738,211203],[22,57],[54,93],[50,64],[38,28],[56,-27],[27,-133],[37,-74],[1,-41],[-58,-108],[-44,-26],[-81,67],[-89,50],[-13,50]],[[531866,210806],[57,-23],[9,-58],[-18,-37],[-30,0],[-56,91],[38,27]],[[531910,211882],[0,118],[25,32],[82,33],[43,34],[65,-25],[60,-71],[141,-45],[40,-97],[-61,-10],[-38,-32],[-18,-43],[-49,-43],[-47,-20],[-81,4],[-95,41],[-66,75],[-1,49]],[[531291,211062],[-9,-28],[-123,92],[67,34],[48,-50],[17,-48]],[[385244,433910],[7,38],[-52,21],[-41,-4],[-18,-41],[-35,-7],[-60,58],[-6,22],[-44,21],[-57,8],[-105,139],[36,33],[12,36],[-12,60],[-77,80],[44,18],[0,27],[37,36],[24,48],[21,76],[45,-13],[35,22],[64,88],[24,89],[52,-7],[19,15],[22,62],[-9,68],[5,51],[77,-42],[104,-15],[44,18],[59,-3],[75,28],[46,33],[85,9],[141,35],[27,26],[80,-3],[73,17],[30,18],[62,-10],[26,-99],[-2,-145],[29,-104],[36,-4],[-1,-71],[13,-27],[36,-160],[-13,-98],[-26,-70],[-29,-182],[18,-18],[-15,-35],[-1,-73],[10,-38],[-20,-61],[-108,10],[-118,-117],[-44,-84],[15,-31],[-38,-136],[-44,-4],[-22,72],[-34,11],[-94,-6],[-95,-48],[-77,25],[-50,-6],[-29,78],[-1,70],[-66,139],[-90,57]],[[461488,308565],[13,37],[41,22],[34,-22],[-35,-28],[-53,-9]],[[466497,306173],[15,44],[3,73],[36,-13],[40,-47],[72,-1],[46,26],[3,-69],[-39,5],[-19,-32],[-78,-20],[-30,44],[-49,-10]],[[466930,305314],[54,54],[41,-30],[-37,-24],[-58,0]],[[469147,306641],[-26,-23],[30,-80],[-15,-42],[-29,-14],[2,-63],[-17,-44],[26,-23],[2,-148],[-15,-46],[-2,-67],[11,-29],[-18,-40],[-86,-29],[-162,24],[-150,86],[36,52],[-2,50],[-33,68],[-54,86],[-33,33],[11,74],[56,67],[18,42],[-4,64],[-57,83],[8,65],[-7,90],[36,80],[50,56],[66,15],[84,-36],[49,-98],[57,-89],[-1,-37],[46,-21],[32,-34],[71,-28],[20,-44]],[[470033,305896],[-10,-34],[-47,-27],[-73,-16],[17,69],[62,46],[51,-38]],[[385429,445279],[-19,30],[4,49],[46,36],[38,4],[33,28],[69,18],[79,7],[139,50],[153,39],[122,86],[104,40],[22,30],[115,10],[122,65],[76,1],[65,22],[71,-56],[61,-146],[39,-48],[92,-89],[9,-43],[24,0],[69,35],[64,-13],[38,50],[102,32],[104,-9],[91,-40],[54,-11],[131,-59],[14,-35],[-12,-65],[-21,-46],[-43,-56],[-25,-16],[4,-38],[-47,-62],[-124,-64],[-101,-2],[-122,33],[-29,-21],[-77,-18],[-104,-4],[-56,23],[-59,-5],[-46,10],[-206,13],[-96,10],[-123,2],[-67,-5],[-84,23],[-79,4],[-194,47],[-60,-2],[-49,21],[-72,12],[-170,63],[-69,60]],[[467602,306857],[-14,36],[47,12],[70,-17],[0,-29],[-103,-2]],[[407097,441321],[38,9],[67,-16],[17,-25],[-10,-58],[-27,-67],[-20,9],[-37,-73],[5,-23],[-51,-45],[-69,7],[-64,-26],[-39,7],[-72,122],[8,71],[39,50],[92,-15],[86,20],[37,53]],[[533731,205882],[38,-3],[16,37],[36,-27],[-45,-51],[-40,-21],[-25,39],[20,26]],[[500147,261141],[-41,53],[81,5],[44,-23],[37,-60],[-14,-22],[-107,47]],[[500485,261015],[-89,17],[-76,68],[-44,66],[8,19],[178,-10],[128,-42],[48,-39],[-41,-75],[-112,-4]],[[500461,261283],[0,47],[60,19],[181,37],[22,-9],[-20,-82],[-76,-61],[-65,7],[-102,42]],[[505779,257457],[-19,59],[26,28],[24,-52],[-31,-35]],[[505794,257744],[-12,78],[41,10],[28,-20],[14,-45],[-9,-55],[-35,-8],[-27,40]],[[506169,257508],[-2,54],[56,-50],[-20,-84],[-30,28],[-4,52]],[[506854,257185],[29,45],[37,-29],[-47,-30],[-19,14]],[[506714,257897],[21,46],[38,0],[33,49],[-15,40],[3,48],[-12,54],[29,36],[33,-21],[22,-56],[2,-63],[16,-128],[17,-76],[40,-81],[40,-61],[53,-52],[90,-32],[39,0],[39,-65],[60,-68],[81,-48],[18,-41],[35,-146],[23,-51],[41,-26],[35,-67],[20,-96],[76,-195],[-1,-34],[27,-19],[-74,-59],[0,-68],[-69,-20],[-44,-57],[-81,-9],[-16,51],[-81,34],[12,19],[-24,54],[9,48],[-16,42],[-28,23],[35,56],[0,48],[20,36],[-52,80],[4,54],[-22,77],[10,22],[-21,82],[-60,65],[-71,3],[-126,-78],[-68,13],[-1,70],[-15,56],[24,43],[-14,61],[-64,56],[14,17],[-54,40],[6,26],[-30,109],[-10,68],[10,40],[-38,27],[32,24]],[[421725,376928],[21,33],[64,-42],[-23,-41],[-29,11],[-33,39]],[[439200,326548],[-6,-96],[-22,-41],[-86,-23],[-91,4],[-29,10],[-24,41],[25,99],[22,19],[90,28],[71,6],[50,-47]],[[438943,326840],[-44,-66],[-178,-42],[-12,43],[56,72],[72,2],[93,29],[13,-38]],[[438802,326872],[-15,28],[32,71],[31,22],[63,-54],[-8,-45],[-103,-22]],[[417026,382607],[-59,14],[24,101],[57,-38],[38,-65],[-17,-65],[-43,53]],[[438866,327151],[14,27],[-49,57],[14,89],[-44,110],[3,43],[27,76],[1,52],[20,17],[35,-76],[42,-62],[6,-31],[68,-67],[-16,-168],[40,-122],[-11,-50],[8,-47],[-38,-47],[-46,12],[-47,48],[-32,16],[0,45],[-40,34],[45,44]],[[438719,327742],[-3,-24],[65,-68],[28,-47],[1,-50],[-34,-111],[2,-27],[47,-83],[-22,-124],[-47,8],[-31,38],[-61,10],[-31,31],[-52,178],[-81,105],[-58,111],[-24,73],[-56,99],[40,20],[42,-45],[80,-39],[33,-41],[44,-23],[26,36],[53,18],[39,-45]],[[414389,382912],[1,61],[106,93],[42,-27],[13,-83],[-37,-85],[-51,-41],[-79,0],[-26,20],[-16,54],[47,8]],[[413170,382411],[41,-34],[26,1],[21,-55],[57,18],[74,-65],[51,17],[34,33],[31,-9],[83,-66],[0,-19],[-97,7],[-40,-29],[-44,19],[-89,-4],[-41,-27],[-39,-62],[-29,-82],[-52,18],[-57,2],[-60,-80],[-68,23],[-7,-101],[-66,1],[-17,-65],[-29,-55],[-33,-19],[20,155],[33,17],[11,31],[49,29],[23,43],[57,48],[68,81],[-2,26],[-42,25],[10,86],[35,64],[23,75],[24,-5],[42,32],[28,-1],[-29,-73]],[[413542,381137],[-13,17],[-61,0],[-30,24],[-42,74],[-47,16],[-28,41],[77,21],[92,-63],[82,-11],[24,30],[65,10],[53,28],[20,-73],[-17,-93],[-25,-35],[-75,-44],[-40,13],[-35,45]],[[413583,383427],[-67,30],[-16,49],[40,12],[50,-11],[6,-52],[-13,-28]],[[412727,381181],[13,39],[78,81],[40,15],[71,56],[44,77],[17,57],[52,13],[34,-12],[37,-63],[-13,-45],[-78,-54],[-138,-20],[-56,-44],[-101,-100]],[[406026,388460],[-32,-71],[-42,-17],[-7,75],[81,13]],[[406764,384961],[46,35],[33,55],[44,-49],[2,-31],[-57,-4],[-17,-28],[-51,22]],[[407047,381320],[22,85],[33,-18],[-2,-32],[28,-29],[-81,-6]],[[410476,415290],[15,31],[40,-4],[32,-54],[-87,27]],[[419397,376968],[32,18],[45,-5],[-17,-40],[-60,27]],[[404499,394721],[-16,-34],[0,-53],[-51,-14],[25,158],[-8,26],[27,47],[34,-21],[3,-90],[-14,-19]],[[403266,411034],[4,-20],[-66,-5],[-61,30],[10,54],[21,23],[70,-5],[22,-77]],[[402988,411239],[23,41],[51,40],[32,-38],[-14,-72],[-84,16],[-8,13]],[[405335,387112],[-22,-39],[-48,0],[-10,29],[63,59],[30,-7],[-13,-42]],[[406355,385830],[-76,58],[7,76],[24,23],[39,4],[47,-49],[8,-62],[-49,-50]],[[400084,410141],[-8,16],[36,45],[63,-68],[17,-47],[-5,-35],[-44,15],[-15,56],[-44,18]],[[400378,410160],[-24,46],[-4,61],[-24,56],[74,-9],[77,-118],[9,-47],[-38,-19],[-52,2],[-18,28]],[[400651,410333],[-24,54],[21,14],[41,-18],[-6,-38],[-32,-12]],[[390630,443307],[14,20],[-12,89],[22,38],[53,-16],[51,16],[39,-38],[13,-52],[35,-25],[99,-29],[-104,-44],[-51,-47],[-54,-28],[0,-24],[-42,-47],[-13,63],[-36,64],[-14,60]],[[402265,406303],[5,43],[59,-8],[22,-82],[-59,-31],[-69,20],[-4,43],[46,15]],[[413376,381988],[6,28],[-30,33],[9,44],[33,-20],[46,3],[63,-12],[22,20],[60,18],[43,-6],[35,21],[25,-33],[26,-72],[-5,-60],[11,-35],[-5,-52],[17,-22],[6,-68],[17,-17],[46,-113],[-64,-17],[-32,-24],[-50,31],[-150,-7],[-62,38],[-64,14],[-60,-4],[-93,15],[-86,58],[-33,38],[14,61],[0,53],[42,-12],[22,25],[64,12],[47,-8],[62,-39],[36,64],[-18,45]],[[400865,409497],[-10,-32],[-59,-20],[-32,37],[42,55],[46,-3],[13,-37]],[[402733,401942],[1,63],[26,53],[32,4],[11,-77],[-29,-29],[-41,-14]],[[403432,403187],[-80,8],[-220,74],[-146,96],[24,6],[61,-52],[62,-38],[67,-22],[72,-36],[174,-23],[-14,-13]],[[397067,420708],[-57,43],[9,22],[106,-59],[-20,-29],[-38,23]],[[397121,416619],[11,35],[27,11],[20,-33],[-58,-13]],[[430117,373471],[12,42],[32,-17],[70,-11],[10,-52],[-60,-10],[-64,48]],[[429947,374549],[40,35],[71,-44],[-11,-46],[-74,17],[-26,38]],[[428181,370081],[135,-21],[5,-43],[-62,-14],[-58,39],[-20,39]],[[397966,413027],[95,2],[64,-44],[7,-44],[-17,-24],[-50,15],[-72,54],[-27,41]],[[428850,369804],[32,-13],[16,-33],[-20,-39],[-29,50],[1,35]],[[429083,375218],[36,42],[46,6],[35,-44],[-10,-32],[-64,-13],[-43,41]],[[429132,375542],[40,28],[28,-3],[49,56],[-47,68],[10,54],[-20,30],[45,16],[26,28],[37,-17],[57,-59],[60,-36],[10,-35],[38,-33],[48,-16],[-13,-38],[44,-34],[10,-38],[-32,-91],[-55,2],[-43,-56],[-70,-13],[-18,40],[-49,-21],[-100,-12],[-22,9],[-26,87],[-47,43],[40,41]],[[429778,354532],[23,38],[49,-27],[24,-59],[58,-35],[10,-42],[-60,28],[-16,38],[-30,1],[-51,31],[-7,27]],[[430772,353296],[-27,28],[9,45],[36,-26],[-18,-47]],[[429286,375095],[-5,-19],[-65,4],[16,56],[44,-12],[10,-29]],[[422796,377398],[192,15],[0,-21],[-45,-26],[-65,-5],[-39,8],[-43,29]],[[423205,377192],[-33,-28],[-80,-1],[5,35],[60,7],[48,-13]],[[425845,374685],[65,10],[44,-28],[-11,-26],[-74,13],[-24,31]],[[426549,375653],[82,39],[-25,22],[-49,-8],[-22,33],[20,28],[61,7],[38,-53],[-24,-51],[-81,-17]],[[529445,231287],[29,-12],[-27,-49],[-41,-37],[-26,12],[35,143],[30,70],[36,-6],[0,-39],[-25,-31],[-11,-51]],[[529492,230640],[-22,-14],[-60,47],[20,26],[35,-12],[27,-47]],[[438646,332125],[-36,22],[11,45],[58,-8],[-3,-51],[-30,-8]],[[438421,332379],[-109,70],[15,30],[36,5],[41,30],[35,4],[0,-95],[51,-18],[-69,-26]],[[438725,331998],[50,23],[65,-7],[10,-51],[-63,-4],[-62,39]],[[439114,331828],[-50,59],[45,9],[47,-59],[-42,-9]],[[422140,377587],[-47,14],[-16,56],[56,10],[55,-27],[-23,-48],[-25,-5]],[[422267,376333],[-16,46],[27,14],[70,-50],[52,-61],[-18,-36],[-43,19],[-34,45],[-38,23]],[[438717,332953],[-20,49],[-97,94],[-40,9],[-121,5],[-72,72],[-18,48],[-79,73],[-5,32],[70,19],[-14,50],[57,47],[66,-17],[36,-46],[8,-36],[54,-46],[55,-10],[21,-45],[30,-22],[82,-31],[26,-73],[-25,-47],[14,-28],[-6,-64],[38,-51],[-48,-18],[-12,36]],[[438361,330152],[8,-50],[-49,11],[41,39]],[[438520,330215],[-22,35],[33,34],[-7,135],[28,27],[22,49],[-11,38],[151,14],[21,-40],[109,-35],[25,-54],[65,-48],[29,-40],[-27,-14],[-71,-76],[-46,-17],[-51,-62],[-76,37],[-80,-29],[-92,46]],[[438802,327191],[36,0],[15,-35],[-29,-14],[-67,-60],[-55,-3],[-45,67],[4,83],[47,12],[39,-32],[55,-18]],[[438772,326914],[-68,51],[-8,64],[79,52],[55,-3],[5,-54],[-63,-110]],[[439438,328914],[88,-44],[42,-8],[22,-23],[3,-51],[33,-71],[-56,4],[-92,63],[-12,61],[-28,69]],[[440116,330688],[-14,19],[65,47],[39,-38],[31,-67],[-52,-27],[-13,38],[-56,28]],[[422679,377619],[-29,64],[3,36],[138,26],[58,18],[29,-6],[41,38],[51,6],[102,-67],[48,-68],[-28,-26],[29,-51],[-91,-34],[-54,-3],[-79,38],[-59,8],[-151,57],[-8,-36]],[[420191,377607],[-51,16],[-9,40],[16,33],[39,-12],[15,-55],[-10,-22]],[[420666,378562],[-9,10],[58,60],[94,41],[36,-43],[-6,-72],[-36,-41],[-32,-16],[-44,6],[-61,55]],[[504462,262676],[-35,66],[55,11],[21,39],[63,-4],[-4,-48],[-39,-15],[-61,-49]],[[511739,264022],[-77,30],[-1,47],[53,27],[106,11],[56,-33],[-5,-29],[-42,-46],[-90,-7]],[[511992,260972],[69,-16],[-6,-22],[-99,-1],[-23,44],[59,-5]],[[512642,264695],[69,53],[14,-25],[-83,-28]],[[436506,346381],[-51,-139],[-110,-85],[-59,-10],[-32,17],[-35,59],[12,45],[67,39],[23,71],[116,41],[51,-9],[18,-29]],[[508142,254324],[-84,66],[-11,38],[16,51],[31,33],[58,15],[30,-14],[34,-89],[-6,-98],[-28,-28],[-40,26]],[[436665,343402],[-81,-64],[-67,62],[0,46],[64,7],[84,-51]],[[529591,217380],[0,27],[38,31],[48,2],[-23,-44],[-63,-16]],[[529764,217150],[37,-18],[-18,-46],[-25,-5],[6,69]],[[530363,218046],[18,23],[46,-48],[-1,-35],[-43,-11],[-20,71]],[[529932,216148],[-36,-48],[-72,23],[2,63],[40,39],[58,-49],[8,-28]],[[493951,284272],[-122,-80],[-45,-69],[30,-39],[8,-60],[-63,-69],[7,-51],[27,-30],[-51,-28],[-50,-45],[-91,-23],[-87,39],[9,42],[-84,29],[-107,63],[-60,113],[-61,39],[14,50],[84,10],[15,23],[51,11],[64,-31],[154,-25],[46,21],[66,9],[142,126],[45,8],[46,32],[13,81],[52,20],[20,-27],[-21,-37],[8,-27],[-55,-52],[-4,-23]],[[492490,285010],[-62,14],[19,81],[-32,68],[11,37],[-4,86],[50,0],[18,35],[-18,21],[15,75],[-1,53],[-27,63],[19,15],[13,55],[-11,58],[13,81],[77,-150],[29,-38],[63,-40],[41,-59],[75,-29],[52,-7],[21,24],[47,5],[83,-32],[33,22],[45,-17],[-16,-48],[24,-39],[63,-72],[27,-65],[47,-56],[-48,-62],[-63,31],[-70,-14],[-64,-64],[39,-42],[-62,-10],[-47,11],[-41,-47],[-87,82],[-41,26],[-51,-1],[-18,28],[-60,13],[-26,19],[-95,-45],[20,-66]],[[492123,285302],[13,25],[58,-21],[-36,-47],[-35,43]],[[488175,287367],[-48,49],[40,30],[8,-79]],[[486008,275494],[-39,16],[14,123],[29,26],[88,-70],[-6,-22],[-69,-71],[-17,-2]],[[486028,275681],[-26,22],[21,66],[120,13],[3,-35],[-57,-54],[-61,-12]],[[487042,285193],[-28,32],[3,54],[-33,57],[14,48],[37,10],[37,-46],[7,-60],[34,-27],[-5,-67],[-38,20],[-28,-21]],[[493693,285098],[42,-24],[-27,-38],[-54,38],[0,46],[-93,16],[-24,25],[0,76],[49,19],[101,17],[13,-52],[25,-18],[75,-12],[26,-69],[-19,-27],[-55,24],[-59,-21]],[[493670,285317],[-14,29],[83,3],[-19,-40],[-50,8]],[[492569,286990],[-43,9],[-38,75],[90,-27],[25,-33],[37,-9],[77,56],[40,50],[48,13],[65,-56],[-60,-31],[-51,0],[-105,-50],[-47,-47],[-38,50]],[[492802,287423],[-39,23],[-17,54],[-56,0],[36,82],[36,-3],[4,-50],[39,-16],[27,23],[59,5],[32,-38],[-21,-47],[-27,41],[-34,-23],[-39,-51]],[[491195,287027],[10,-37],[38,-3],[31,-37],[-60,-4],[-35,33],[16,48]],[[487400,285960],[97,-1],[-1,-54],[-33,-3],[-53,25],[-10,33]],[[488120,287330],[-18,-62],[32,-53],[-35,-2],[-10,38],[-36,-12],[-57,48],[-10,46],[38,51],[28,-39],[52,7],[16,-22]],[[487753,287285],[33,45],[-19,41],[29,96],[39,-66],[2,-53],[-16,-37],[-68,-26]],[[488007,287531],[70,-43],[-30,-28],[-40,71]],[[487628,287706],[-15,51],[38,-3],[34,-49],[-57,1]],[[487119,287999],[71,53],[23,-3],[99,-74],[-119,-15],[-62,21],[-12,18]],[[482356,282982],[-83,97],[-56,40],[7,22],[111,-18],[64,28],[38,31],[35,-22],[104,-12],[55,-131],[-28,-32],[-110,-43],[-41,-1],[-96,41]],[[483429,280982],[-33,15],[101,52],[46,31],[94,79],[26,46],[50,-45],[-52,-11],[-40,-35],[-34,-63],[-61,-57],[-28,-62],[-69,50]],[[483594,279207],[-3,27],[65,50],[79,-121],[13,-52],[-55,16],[-37,65],[-62,15]],[[484655,281736],[-38,-48],[-60,-16],[-52,37],[64,31],[52,53],[34,-57]],[[484707,281109],[12,23],[-21,79],[-37,42],[19,19],[49,-3],[55,-68],[13,-48],[-2,-82],[-45,7],[-43,31]],[[486485,282925],[12,97],[35,-6],[59,31],[43,-33],[4,-32],[-70,-37],[-14,-42],[-38,-10],[-31,32]],[[486544,282767],[14,60],[30,1],[-9,-78],[-35,17]],[[486837,283102],[28,-26],[47,-122],[-28,-18],[-51,83],[-11,72],[15,11]],[[486899,288911],[52,45],[51,-52],[69,-31],[27,-58],[-33,-32],[-46,26],[7,29],[-34,38],[-93,35]],[[484832,284358],[-44,44],[69,14],[48,-29],[19,-34],[-44,-19],[-48,24]],[[529827,216856],[10,-55],[-43,-28],[-32,57],[65,26]],[[486275,285081],[67,-51],[-2,-54],[-71,52],[6,53]],[[486598,286077],[29,28],[82,4],[33,-37],[-43,-42],[-1,-29],[62,-64],[72,-15],[-14,-24],[-98,-19],[-21,-23],[-37,34],[-38,2],[-24,-35],[-55,-48],[-74,-24],[-29,23],[4,58],[-30,8],[-40,-49],[-43,2],[26,127],[25,35],[104,-19],[74,33],[24,25],[12,49]],[[476455,300539],[7,74],[14,25],[41,5],[-16,-75],[-46,-29]],[[476911,299870],[-23,47],[-1,79],[-43,-6],[-25,-29],[-63,0],[-57,-57],[-53,-8],[-44,23],[-5,68],[39,12],[9,34],[-52,31],[3,41],[89,-24],[22,44],[137,12],[31,22],[47,75],[-6,62],[33,81],[2,40],[-18,81],[40,2],[60,-43],[0,41],[-23,45],[-8,53],[13,76],[99,53],[-3,40],[-52,8],[-46,110],[54,47],[-16,37],[7,41],[43,-4],[11,-79],[47,15],[33,-28],[13,-45],[-7,-38],[-54,-79],[8,-35],[66,-33],[34,-56],[46,-45],[57,-27],[34,-52],[19,-53],[-22,-36],[-79,42],[-14,-48],[6,-62],[-83,33],[-27,32],[-39,17],[-41,-19],[20,-65],[-63,-5],[11,-36],[-73,-35],[34,-37],[9,-57],[-18,-17],[-83,-7],[-12,-160],[5,-80],[-28,-39]],[[476857,298254],[-79,41],[-39,59],[-3,66],[60,-38],[50,-66],[11,-62]],[[476989,298367],[49,-20],[-3,-58],[58,-25],[107,-138],[-40,-14],[-33,13],[-32,64],[-57,53],[-21,50],[-34,18],[-30,56],[-33,4],[-30,48],[-49,51],[-8,32],[-51,33],[-26,53],[0,89],[65,-46],[32,-39],[50,-18],[23,-101],[84,-68],[-21,-37]],[[477094,299875],[-22,127],[23,10],[28,-59],[95,-63],[-36,-15],[-33,41],[-55,-41]],[[477116,301075],[-13,60],[51,96],[51,38],[39,-5],[-21,-87],[-32,-13],[-26,-42],[-49,-47]],[[477368,299565],[-66,19],[5,37],[61,-5],[19,36],[46,-36],[52,30],[29,72],[44,-1],[74,-45],[37,-34],[-30,-24],[-27,45],[-42,-30],[11,-41],[-19,-52],[-38,-15],[-55,54],[-21,-36],[-36,32],[-44,-6]],[[477412,300647],[-17,45],[50,28],[20,-44],[-53,-29]],[[477512,299019],[-41,33],[-5,91],[40,-7],[6,-117]],[[477782,300621],[-28,-36],[-1,-59],[25,-66],[-79,72],[-39,7],[-40,62],[7,57],[30,14],[28,-42],[97,-9]],[[477975,297807],[-17,35],[32,20],[1,39],[-49,43],[13,28],[81,2],[17,25],[2,49],[-34,54],[48,9],[22,-23],[82,-2],[15,-26],[-16,-55],[45,-46],[9,-121],[-72,43],[-50,72],[-24,-34],[27,-41],[-5,-51],[-93,-38],[-4,-51],[-64,-41],[-26,16],[-51,-26],[9,60],[-50,50],[48,32],[39,-56],[35,0],[30,34]],[[477984,293960],[-15,13],[12,78],[36,-31],[-3,-41],[-30,-19]],[[478162,296917],[-42,43],[0,23],[61,-8],[-19,-58]],[[478479,297786],[-46,49],[9,50],[-79,36],[12,30],[-52,3],[-8,47],[64,26],[44,32],[106,-51],[57,-19],[-16,-39],[-30,13],[-43,-16],[-20,-80],[39,-40],[18,-49],[-55,8]],[[478683,297806],[40,-66],[63,4],[-8,-50],[-53,-7],[-12,-49],[-58,58],[-22,34],[9,54],[41,22]],[[479747,296295],[-19,-33],[50,-72],[56,11],[9,-75],[-41,-58],[-36,44],[-1,55],[-46,29],[-97,-27],[-8,-66],[-92,-13],[45,80],[0,30],[-40,32],[-39,-5],[-30,35],[-89,6],[29,54],[64,38],[186,18],[38,-21],[61,-62]],[[479664,296443],[-9,28],[9,68],[-30,64],[88,83],[64,11],[83,-37],[31,-25],[12,-61],[-8,-61],[44,-28],[40,8],[11,-122],[-14,-37],[-59,82],[-89,-11],[-21,-37],[-49,-9],[-21,29],[-70,27],[-12,28]],[[481243,294785],[-22,18],[0,45],[16,57],[-77,50],[-5,-37],[-47,-5],[10,73],[56,28],[106,5],[62,48],[102,-44],[22,49],[57,-26],[-27,-59],[33,-30],[6,-50],[-24,-44],[72,-25],[39,-84],[-13,-40],[-55,-32],[-56,53],[6,56],[-88,9],[8,-53],[-47,-21],[-30,55],[-3,37],[-82,23],[-19,-56]],[[481382,296733],[32,-29],[53,-24],[-129,-26],[-62,-54],[-43,60],[-56,8],[-3,59],[116,38],[96,-14],[-4,-18]],[[481758,294646],[-6,51],[-63,-16],[-24,54],[42,41],[7,51],[-62,20],[-24,49],[13,55],[63,16],[24,-21],[54,10],[26,43],[87,-57],[16,56],[88,-34],[12,-61],[34,2],[13,-51],[38,-2],[-14,-48],[6,-38],[-31,-30],[-24,-70],[-24,2],[-12,-59],[-39,-7],[-33,48],[-23,-36],[23,-27],[-46,-35],[-21,-46],[-37,7],[-11,40],[-124,-41],[-8,-53],[-77,74],[33,18],[55,63],[69,32]],[[482161,294643],[-9,61],[65,-41],[0,-84],[-35,-21],[-21,85]],[[482273,297008],[-11,74],[-90,88],[18,64],[46,-35],[41,-9],[68,-77],[64,-20],[-32,-55],[-43,-23],[-61,-7]],[[484257,295594],[1,-71],[31,-80],[-15,-35],[-41,-37],[-16,-60],[-50,-13],[5,-55],[-34,-4],[-109,66],[-26,-43],[-45,-3],[-19,-23],[-69,6],[-107,112],[-80,27],[-28,56],[32,54],[41,44],[65,-13],[11,-50],[28,-9],[51,43],[39,-51],[29,-10],[68,46],[7,38],[-25,25],[-36,106],[41,55],[95,-35],[23,-29],[66,-15],[67,-42]],[[484151,296599],[-41,31],[-3,66],[59,38],[30,52],[48,51],[11,-52],[38,-72],[-1,-39],[-88,-7],[-16,-52],[-37,-16]],[[486446,293886],[-145,16],[-42,-8],[-48,25],[8,26],[102,17],[38,-27],[74,-17],[13,-32]],[[487838,293524],[30,1],[22,54],[-66,52],[1,53],[105,26],[43,-17],[53,-97],[26,-83],[-22,-22],[-49,5],[-58,42],[-29,-11],[-24,-51],[-32,48]],[[385980,436235],[2,13],[-34,116],[-99,81],[6,42],[45,11],[80,38],[10,26],[109,3],[12,14],[64,-49],[74,-12],[9,26],[40,-8],[20,-42],[-1,-46],[-70,5],[-66,-43],[-78,-108],[-17,-88],[-43,-22],[-49,6],[-14,37]],[[479282,291642],[-58,5],[61,66],[-3,-71]],[[479569,291491],[-32,-22],[-40,25],[45,53],[27,-56]],[[474668,295664],[-54,50],[-23,81],[-8,134],[27,26],[35,-18],[47,7],[37,36],[17,-79],[50,-14],[-10,-40],[16,-81],[45,-63],[28,-9],[33,-44],[-53,-21],[-108,-24],[-71,15],[-8,44]],[[474981,295608],[-40,102],[47,-1],[14,-29],[72,-22],[-13,-31],[-80,-19]],[[475142,295631],[-19,10],[2,60],[-41,20],[24,35],[38,10],[9,-47],[27,-10],[-7,-57],[-33,-21]],[[476477,301448],[-129,33],[-16,50],[43,60],[71,-16],[60,-39],[1,-46],[-30,-42]],[[476413,300833],[19,71],[-22,34],[-56,40],[56,28],[35,-8],[18,48],[6,65],[43,-6],[22,-32],[22,-68],[37,-3],[60,55],[24,-33],[50,5],[13,-23],[4,-87],[35,-42],[63,-45],[-45,-24],[-29,39],[-67,-13],[-12,-31],[-61,-53],[-151,-31],[-21,53],[-43,61]],[[476491,301152],[-42,14],[-58,-3],[-23,22],[16,40],[33,-28],[94,-2],[-20,-43]],[[402174,400186],[-6,-57],[-38,-23],[-35,128],[64,4],[15,-52]],[[401673,398588],[81,24],[81,-23],[9,-72],[-30,-82],[-46,3],[-61,63],[-84,17],[-17,34],[58,11],[9,25]],[[401717,398653],[9,26],[67,-43],[-51,-10],[-25,27]],[[401940,398827],[39,-13],[4,-95],[-66,-16],[-45,5],[-31,29],[20,56],[79,34]],[[401995,398736],[-2,74],[42,23],[75,-4],[42,-55],[-10,-46],[-45,-39],[-48,-5],[-44,26],[-10,26]],[[488161,278240],[-13,60],[48,100],[3,59],[28,90],[25,22],[60,-90],[8,-71],[-18,-44],[-39,-24],[-68,-99],[-34,-3]],[[488299,278757],[-8,42],[21,17],[58,-75],[5,-41],[-19,-23],[-52,37],[-5,43]],[[497938,276444],[-59,96],[45,28],[40,-62],[-26,-62]],[[498057,279616],[4,33],[49,69],[31,-24],[12,-39],[-41,-47],[-55,8]],[[498249,281342],[14,51],[-17,40],[10,72],[28,26],[42,-14],[-1,-27],[41,-34],[-22,-26],[-28,-100],[30,-34],[-15,-43],[-111,24],[-16,46],[45,19]],[[493094,280475],[-52,43],[45,7],[27,23],[46,-21],[42,6],[20,-31],[-106,-11],[-22,-16]],[[493994,280602],[-9,29],[45,13],[24,40],[101,-123],[0,-33],[-63,-11],[-79,77],[-19,8]],[[495450,277137],[-29,51],[52,14],[13,33],[-34,21],[17,35],[-41,26],[-14,65],[42,1],[-10,39],[65,37],[40,4],[30,-21],[75,-16],[28,-63],[28,9],[0,41],[-35,41],[-11,36],[-94,49],[-40,0],[26,48],[68,6],[55,-36],[-24,101],[-21,29],[77,46],[-19,27],[69,31],[-14,16],[-67,20],[15,49],[-79,-14],[-22,-35],[-79,-9],[-32,14],[12,57],[-70,84],[62,52],[10,65],[45,71],[135,-1],[25,-42],[47,-24],[73,0],[34,-37],[32,-2],[33,-54],[58,-19],[97,-59],[27,-54],[-14,-92],[36,-82],[77,-27],[14,-40],[-9,-44],[-45,-14],[-3,-53],[-18,-16],[63,-77],[52,1],[23,-25],[5,-44],[-26,-45],[19,-39],[87,-31],[96,-18],[34,-28],[43,-133],[74,-36],[-30,-58],[-22,-17],[-13,-54],[-44,9],[-22,41],[-43,44],[-58,-65],[8,-48],[38,-37],[-48,-27],[-22,-60],[47,-36],[-25,-37],[-48,-17],[-45,8],[-20,32],[-86,7],[25,-63],[-64,13],[-21,-21],[-39,11],[-45,-30],[2,-22],[50,-31],[-1,-43],[-69,-26],[-2,-34],[-64,1],[-35,58],[-82,-35],[-53,-78],[-37,-6],[-38,24],[-44,-31],[16,-26],[-16,-36],[-69,-19],[-33,57],[-2,45],[-60,42],[-1,39],[77,91],[61,11],[29,60],[-60,-16],[-61,25],[17,73],[51,-6],[127,59],[23,61],[-26,25],[-26,-54],[-77,-17],[-44,64],[0,28],[-53,19],[-79,97],[-40,5],[-45,-31],[-29,-54],[-44,49],[26,63],[45,33],[13,38],[67,14]],[[495157,276701],[-38,-10],[-7,40],[-52,47],[39,22],[62,-34],[-4,-65]],[[493145,277698],[2,48],[118,28],[42,0],[60,45],[71,-13],[50,-21],[-20,-36],[-8,-59],[-90,-33],[-56,0],[-68,-14],[-5,-25],[-63,27],[-33,53]],[[492811,277908],[41,-43],[-77,-24],[-40,29],[-65,10],[2,20],[96,26],[43,-18]],[[490875,280903],[29,25],[7,61],[45,-5],[65,-60],[-12,-21],[31,-59],[-98,-44],[-65,12],[-13,19],[11,72]],[[494281,280665],[31,24],[33,-50],[-35,-15],[-29,41]],[[497746,280781],[-1,-81],[-56,22],[5,38],[52,21]],[[494223,280833],[24,6],[44,-40],[-32,-25],[-33,15],[-3,44]],[[495769,273686],[-25,51],[13,82],[45,11],[22,-58],[-2,-51],[-19,-45],[-34,10]],[[491886,276658],[7,77],[55,-11],[-1,-49],[-31,-31],[-30,14]],[[496013,275937],[11,-25],[-26,-29],[-30,31],[45,23]],[[496061,276007],[-39,16],[34,45],[38,27],[13,-41],[39,-13],[7,-26],[41,-11],[-34,-39],[-39,47],[-60,-5]],[[492541,276118],[28,37],[167,50],[43,44],[10,43],[44,24],[5,33],[58,-3],[-44,-62],[-37,-6],[-23,-32],[-49,-124],[-50,-67],[-35,40],[-14,38],[-72,0],[-31,-15]],[[489067,280072],[-25,29],[25,50],[35,-29],[-9,-44],[-26,-6]],[[488846,280342],[-20,29],[50,21],[3,-35],[-33,-15]],[[488413,277931],[-26,51],[7,57],[43,42],[-5,-120],[-19,-30]],[[487545,278144],[-28,48],[72,6],[13,-22],[-33,-43],[-24,11]],[[491087,281097],[20,46],[-2,60],[-45,66],[11,74],[16,36],[70,-17],[-53,-27],[8,-68],[40,-17],[-26,-63],[35,-84],[-74,-6]],[[490865,281579],[17,73],[35,-21],[-13,-45],[-39,-7]],[[489417,272750],[6,46],[-34,33],[18,23],[68,-66],[-15,-57],[-43,21]],[[488082,276884],[35,34],[42,-35],[-5,-34],[-40,-8],[-32,43]],[[487748,277367],[-17,42],[64,16],[-7,-51],[-40,-7]],[[487638,277481],[-31,54],[26,13],[59,-21],[126,21],[19,-54],[-7,-41],[-48,-2],[-82,-22],[-62,52]],[[488085,277862],[21,-52],[1,-52],[-24,-71],[-11,-92],[-40,-73],[-27,-23],[-136,-15],[-18,109],[26,54],[88,150],[66,77],[41,20],[13,-32]],[[487629,277570],[-30,12],[-34,81],[1,91],[29,36],[51,13],[52,-18],[41,-48],[24,-61],[43,-50],[-12,-62],[-70,-12],[-95,18]],[[487191,280730],[-27,45],[6,28],[89,32],[31,-24],[119,-1],[35,14],[12,68],[37,34],[97,1],[24,17],[37,-40],[-30,-23],[-11,-45],[-28,-29],[-81,-39],[-44,7],[-46,-37],[9,-67],[-23,-10],[-75,23],[-78,-8],[-53,54]],[[491667,281103],[-1,-31],[-70,-18],[-19,-36],[3,-68],[38,-10],[-18,-90],[-35,-25],[-41,9],[-76,-58],[-14,24],[20,50],[-27,23],[9,30],[-29,25],[-17,45],[5,37],[-44,72],[-38,9],[-47,-11],[-44,60],[32,39],[26,-39],[52,-21],[116,25],[34,36],[62,-21],[14,46],[64,-3],[0,-37],[45,-62]],[[489405,279465],[43,-29],[38,8],[56,-46],[57,13],[30,28],[30,-7],[50,23],[30,-22],[15,-43],[-16,-23],[-61,-18],[0,46],[-23,15],[-133,-32],[-59,28],[-62,4],[-36,-61],[63,-43],[64,-5],[25,-21],[6,-46],[-28,-44],[-60,-19],[-61,-5],[-37,10],[-70,-94],[-68,-12],[-44,-30],[-100,-47],[-59,-51],[-52,-120],[-48,-44],[-81,-37],[-155,-60],[-161,-74],[-24,15],[-30,67],[-7,45],[-52,88],[-45,40],[21,68],[24,25],[111,49],[27,23],[35,61],[43,21],[61,3],[27,34],[32,-10],[11,-40],[82,-5],[25,26],[3,66],[30,75],[65,52],[37,12],[78,-8],[67,50],[45,-35],[15,-48],[57,-31],[33,40],[10,51],[-43,66],[0,63],[37,-12],[64,56],[68,-49]],[[488760,274666],[47,-4],[40,-38],[26,-71],[11,-61],[-38,-12],[-40,56],[-47,86],[1,44]],[[488003,274657],[-33,13],[-46,46],[-46,67],[10,74],[127,-93],[16,-58],[-28,-49]],[[487399,278638],[-2,61],[20,89],[74,70],[36,76],[-4,51],[-29,33],[5,46],[44,57],[26,81],[-39,21],[-27,75],[20,60],[32,32],[-12,92],[21,47],[49,23],[58,-13],[11,57],[-60,53],[8,43],[30,36],[24,102],[-25,122],[70,72],[67,35],[70,72],[80,32],[73,-27],[18,-59],[-9,-34],[-45,-50],[-12,-34],[32,-61],[-38,-45],[-2,-38],[25,-51],[9,-54],[54,-146],[66,-88],[5,-57],[16,-26],[-8,-78],[20,-71],[47,-68],[62,-29],[39,-45],[-13,-58],[-57,-66],[-19,-94],[-35,-52],[2,-51],[33,-130],[0,-95],[-38,-87],[4,-53],[-51,-109],[4,-64],[19,-62],[-36,-62],[-21,-69],[-28,-31],[-40,-77],[-86,-101],[-60,-38],[-98,-5],[-32,7],[-67,41],[-136,42],[-63,37],[-24,37],[-3,38],[41,71],[112,57],[20,30],[-14,61],[-50,16],[-42,59],[-16,53],[-60,47],[-1,66],[14,58],[-36,51],[-22,69]],[[488391,279000],[-11,24],[30,51],[46,19],[13,-44],[-78,-50]],[[487790,277693],[-35,63],[27,20],[67,-4],[57,12],[-15,-57],[-39,-42],[-41,-11],[-21,19]],[[487487,278915],[-59,16],[73,32],[-14,-48]],[[494782,277025],[22,55],[-29,30],[-48,15],[2,30],[-25,63],[148,89],[33,48],[67,17],[31,55],[5,39],[40,22],[-78,64],[-47,21],[11,58],[55,35],[47,47],[9,111],[26,22],[91,27],[95,18],[54,39],[53,-9],[2,-54],[-30,-19],[-64,-7],[-12,-47],[67,-37],[21,-25],[-28,-36],[46,-57],[-120,-1],[46,-53],[67,-30],[-16,-43],[12,-31],[-88,-7],[-29,-26],[-111,-57],[-42,-62],[-25,39],[-39,-1],[-24,-24],[-64,-25],[-66,-71],[-7,-66],[12,-40],[40,-29],[-32,-25],[-5,-43],[-73,-19]],[[495149,280316],[-12,57],[15,37],[35,-2],[-2,-51],[-36,-41]],[[486646,281003],[-20,36],[21,27],[59,-7],[58,-67],[4,-33],[72,-62],[-43,-2],[-64,61],[-39,2],[-48,45]],[[500889,264322],[22,35],[77,-80],[-85,29],[-14,16]],[[501422,265723],[-69,11],[-23,70],[40,-10],[52,-71]],[[501619,265357],[19,34],[-37,48],[-39,14],[-14,49],[30,36],[-15,44],[-46,20],[54,34],[-51,37],[9,73],[157,-52],[84,7],[50,26],[-25,29],[57,38],[29,49],[-23,61],[95,-13],[30,34],[55,21],[65,-13],[32,-60],[-50,0],[-28,-53],[11,-68],[25,-51],[98,-67],[94,-14],[40,15],[20,-64],[-68,1],[-37,-38],[19,-35],[-52,-16],[-42,49],[-45,13],[-66,-12],[-123,-50],[-2,-32],[-46,-16],[-60,43],[-42,-12],[-111,-59],[-7,-41],[-44,-9]],[[501600,263429],[-62,80],[68,-8],[13,-25],[-19,-47]],[[502023,265111],[-59,4],[-5,30],[61,16],[33,50],[41,-89],[-46,-21],[-25,10]],[[503450,265922],[39,-44],[5,-29],[-31,-47],[-96,10],[-41,20],[11,33],[37,8],[50,42],[26,7]],[[501184,266811],[-9,54],[-26,17],[-93,6],[-45,-24],[0,-29],[-55,3],[-19,44],[-44,30],[24,32],[3,72],[88,61],[-21,45],[5,87],[48,10],[47,-32],[-10,-58],[10,-31],[39,-22],[45,-72],[73,-98],[42,-23],[-29,-38],[25,-57],[-69,-5],[-29,28]],[[501100,266690],[-5,43],[87,26],[-35,-49],[-47,-20]],[[490686,281706],[-39,7],[11,38],[-7,83],[76,16],[16,-89],[28,-4],[-50,-77],[-35,26]],[[401885,398621],[-14,53],[93,4],[50,-24],[8,-45],[-91,-21],[-46,33]],[[402081,398587],[-21,55],[3,32],[64,5],[10,-50],[-34,-60],[2,-42],[48,-98],[-16,-14],[-67,9],[23,89],[-12,74]],[[438512,335870],[3,24],[78,5],[10,-34],[-91,5]],[[386521,429093],[46,13],[57,-25],[86,-144],[11,-34],[-56,7],[-40,-42],[-16,-38],[-18,-95],[-18,-26],[-3,-87],[10,-14],[-31,-52],[-44,-29],[-65,6],[-29,-40],[-67,-25],[-50,5],[-16,-58],[-58,48],[-50,28],[-59,-3],[-5,53],[-58,47],[56,133],[52,8],[8,36],[45,58],[88,-49],[48,11],[18,64],[24,35],[-10,42],[31,52],[6,34],[51,59],[56,22]],[[442850,324533],[-21,51],[69,-8],[28,41],[-27,109],[69,26],[-10,63],[-50,32],[-22,-20],[-43,7],[-48,103],[-3,40],[62,74],[-33,94],[14,25],[78,-41],[29,-28],[63,-116],[3,-127],[11,-22],[76,-77],[-16,-35],[3,-44],[-37,-38],[0,-53],[77,-87],[27,-48],[-3,-45],[-44,-21],[-1,-36],[27,-107],[-31,-10],[9,-57],[-23,-53],[13,-73],[-10,-27],[-54,-58],[-78,-32],[-3,-39],[-49,-19],[-11,36],[14,77],[-13,63],[50,73],[-14,57],[36,11],[62,61],[17,60],[-27,52],[-48,31],[-19,45],[-42,22],[-57,68]],[[443094,325442],[14,-118],[-54,-74],[-6,-27],[-74,8],[-88,60],[17,94],[-19,63],[19,21],[1,59],[23,20],[80,-1],[79,-79],[8,-26]],[[526631,235746],[35,37],[121,0],[-7,-33],[-36,-14],[-113,10]],[[526784,235730],[23,47],[99,40],[-10,-37],[-47,-34],[-65,-16]],[[526913,235784],[16,135],[30,44],[41,5],[-15,-90],[-35,-60],[-37,-34]],[[527107,236320],[61,32],[62,-36],[-10,-32],[-93,-32],[-34,21],[14,47]],[[528598,238065],[55,-43],[16,-30],[12,-98],[40,-138],[-29,-1],[-32,44],[-39,100],[-71,119],[-49,57],[-100,59],[-67,3],[-64,22],[-29,86],[-39,17],[-7,32],[-35,57],[-55,48],[-40,6],[14,111],[27,29],[89,-66],[22,-64],[101,-73],[9,-31],[76,-37],[67,-45],[77,-127],[51,-37]],[[529023,238013],[105,-100],[-12,-14],[-64,64],[-29,50]],[[393986,437111],[13,-47],[-93,-31],[-49,26],[-48,6],[-31,107],[47,-11],[49,27],[69,-16],[25,14],[35,-28],[-17,-47]],[[523045,239776],[-11,26],[46,30],[66,16],[76,-13],[64,-60],[61,-20],[-56,-49],[-146,41],[-91,13],[-9,16]],[[384995,423079],[-3,104],[11,76],[103,81],[15,-60],[-37,-46],[-6,-36],[-58,15],[-26,-54],[3,-63],[28,-30],[41,-14],[98,6],[40,-26],[-21,-61],[-94,-16],[-62,43],[-32,81]],[[534614,206678],[71,79],[40,-46],[-38,-55],[-33,-4],[-40,26]],[[533898,206090],[217,36],[51,3],[-8,-34],[74,-42],[3,-27],[-28,-105],[-27,-72],[-61,-91],[-110,-92],[-70,5],[-69,-26],[-93,32],[-43,50],[0,61],[48,26],[10,35],[85,58],[30,-3],[12,38],[46,24],[17,34],[-19,31],[-41,11],[-24,48]],[[534317,204160],[11,-60],[-32,-2],[-31,114],[67,-3],[-15,-49]],[[534305,204878],[11,27],[-26,62],[28,37],[48,-120],[-61,-6]],[[534095,204773],[-10,56],[39,-10],[6,-32],[-35,-14]],[[534022,205482],[8,-86],[-51,11],[-86,-22],[-51,55],[25,58],[84,-56],[71,40]],[[533927,205634],[59,19],[64,-43],[-8,-71],[-57,5],[-23,-20],[-59,21],[-21,74],[45,15]],[[533863,205512],[34,12],[65,-12],[-37,-33],[-62,33]],[[534073,205659],[2,24],[99,101],[5,-44],[-71,-107],[-35,26]],[[534269,205781],[-7,79],[50,47],[49,76],[9,-56],[-51,-57],[-50,-89]],[[534296,206015],[-2,43],[78,51],[30,-32],[-89,-78],[-17,16]],[[384328,431100],[-19,55],[26,28],[0,60],[25,10],[28,-40],[21,42],[72,5],[8,-86],[-32,-27],[-32,12],[-97,-59]],[[384682,432480],[-3,-38],[30,-45],[-68,-13],[-49,16],[-23,41],[93,39],[20,0]],[[384661,432850],[33,-11],[21,-53],[32,-31],[-35,-33],[-23,27],[0,37],[-28,64]],[[384768,432673],[-6,27],[23,31],[34,-9],[-12,-62],[-39,13]],[[385012,432255],[-41,21],[2,31],[72,-19],[1,-35],[44,-33],[-42,-30],[-36,65]],[[384991,432024],[-16,43],[30,60],[22,10],[39,-50],[-23,-49],[-52,-14]],[[385326,431151],[-20,39],[29,14],[-8,33],[62,9],[48,-7],[15,-71],[38,-12],[8,-96],[38,-51],[3,-38],[-28,-84],[-41,-58],[-73,-14],[-61,53],[-9,74],[9,44],[-11,39],[-32,27],[33,99]],[[385641,433201],[-19,-92],[-36,-9],[-41,26],[-5,63],[39,5],[54,29],[8,-22]],[[385603,445766],[-21,2],[-4,61],[93,-8],[-39,-46],[-29,-9]],[[385617,445840],[-25,33],[86,12],[-15,-35],[-46,-10]],[[385698,428465],[-6,39],[-101,28],[18,29],[36,-4],[34,32],[113,55],[133,44],[-2,-47],[-24,-6],[-84,-89],[-48,-62],[-69,-19]],[[386015,428193],[13,-74],[-43,-56],[-63,-46],[-91,-4],[-110,14],[-34,46],[-54,50],[-3,72],[35,12],[18,-32],[49,13],[23,-12],[57,13],[61,48],[31,-8],[85,60],[49,-10],[-20,-39],[-3,-47]],[[385714,432902],[-49,35],[10,88],[57,-86],[-18,-37]],[[385699,445717],[20,62],[23,-27],[-43,-35]],[[385751,445608],[-27,26],[51,74],[62,156],[128,0],[74,-19],[30,-38],[82,-43],[-4,-32],[-93,-66],[-119,-45],[-59,-11],[-81,-41],[-35,8],[-9,31]],[[385769,436532],[-39,20],[23,51],[93,-66],[-4,-27],[-73,22]],[[385782,436409],[31,17],[29,-22],[-29,-31],[-31,36]],[[385845,432920],[-16,51],[4,98],[30,15],[22,57],[45,22],[14,-50],[-30,-31],[-21,-70],[6,-25],[50,-43],[-1,-21],[-51,-32],[-52,29]],[[385912,436595],[26,35],[27,-13],[-17,-35],[-36,13]],[[386645,426281],[13,-66],[-19,-31],[-61,47],[-4,58],[49,28],[22,-36]],[[386765,445844],[-15,55],[30,16],[105,-36],[94,-82],[9,-51],[-37,-36],[-84,14],[-28,15],[-58,74],[-16,31]],[[387871,441471],[12,-51],[-68,-76],[-100,-6],[-27,20],[-64,1],[-97,42],[-114,-6],[-223,68],[-58,40],[-56,85],[25,48],[67,11],[47,17],[96,-9],[42,7],[150,-27],[178,-64],[74,-33],[54,-7],[62,-60]],[[387439,426483],[-25,18],[0,54],[-18,45],[53,21],[37,30],[-1,30],[30,63],[37,30],[35,-37],[82,-48],[-3,-108],[26,-67],[-15,-63],[-55,-48],[-80,-47],[-44,2],[-59,125]],[[387741,429202],[7,49],[-12,25],[30,28],[36,-6],[0,-39],[31,-82],[50,-92],[3,-76],[18,-32],[-11,-84],[-57,-47],[-97,-20],[-65,16],[-57,-3],[-30,51],[-70,48],[-100,81],[85,68],[95,-6],[52,11],[84,72],[8,38]],[[387974,434806],[51,-46],[-24,-12],[-47,45],[20,13]],[[388255,428753],[-9,-56],[-33,-5],[-17,31],[59,30]],[[388272,426684],[-17,27],[23,45],[72,40],[-15,-62],[-63,-50]],[[388556,425928],[-9,76],[72,60],[19,-38],[-55,-81],[-27,-17]],[[388682,426733],[27,60],[33,-20],[-60,-40]],[[388748,426183],[-22,39],[36,60],[41,21],[46,64],[11,37],[-4,103],[-45,57],[72,76],[86,23],[54,28],[61,-35],[-28,-46],[-23,-95],[-56,-86],[-44,-91],[-146,-151],[-39,-4]],[[389049,426232],[30,72],[20,-16],[-50,-56]],[[389140,426500],[21,-30],[-17,-39],[-51,18],[20,49],[27,2]],[[390101,432617],[3,-77],[-52,-69],[-50,4],[-32,63],[-46,54],[43,45],[117,22],[14,37],[40,0],[-41,-64],[4,-15]],[[390342,433782],[95,50],[22,-35],[-1,-47],[-83,-20],[-33,52]],[[390439,433316],[-17,89],[-78,38],[80,18],[50,-41],[25,-61],[-19,-35],[-41,-8]],[[390638,426982],[-26,8],[20,61],[27,-29],[-21,-40]],[[470760,304754],[35,38],[-3,27],[25,43],[33,26],[50,6],[19,-17],[-17,-126],[-85,1],[-64,-57],[7,59]],[[470808,305383],[-20,20],[57,51],[59,2],[13,-16],[-35,-54],[-28,22],[-46,-25]],[[471441,305290],[-61,14],[4,32],[-33,33],[46,35],[38,61],[33,5],[-13,-142],[-14,-38]],[[472282,305321],[-3,49],[106,-16],[-103,-33]],[[391635,426330],[-58,3],[4,39],[-34,34],[-47,13],[-80,111],[-9,40],[-32,41],[76,16],[68,4],[42,-78],[63,-73],[74,-23],[36,-2],[65,-66],[42,-23],[-56,-32],[20,-58],[57,-24],[20,-23],[-29,-45],[-44,-2],[-28,34],[-43,-6],[-9,47],[-46,3],[-52,70]],[[391793,428079],[-4,39],[-68,1],[-6,43],[27,36],[36,-19],[35,39],[19,-25],[36,22],[38,-73],[66,-36],[-31,-23],[-85,27],[-63,-31]],[[391775,427941],[-20,36],[47,35],[-4,-60],[-23,-11]],[[392087,424003],[-12,-30],[25,-24],[-18,-52],[-31,-33],[-88,30],[-78,3],[-25,29],[-1,45],[54,53],[121,5],[53,-26]],[[391884,426511],[-13,51],[57,-22],[-6,-47],[-38,18]],[[392232,438877],[9,-68],[-14,-28],[-76,-18],[-154,-14],[-72,1],[-39,15],[-9,29],[17,60],[57,67],[9,47],[96,-37],[68,-9],[18,21],[69,-22],[21,-44]],[[473418,302831],[-30,1],[-17,48],[28,26],[22,-36],[-3,-39]],[[473778,303547],[-48,2],[-42,38],[-41,56],[-7,39],[-78,105],[-41,73],[33,32],[44,-48],[56,-26],[24,-31],[45,-23],[59,-146],[-4,-71]],[[473558,303360],[12,62],[29,-11],[-41,-51]],[[392071,427720],[-43,5],[-6,36],[77,39],[30,58],[24,-9],[3,-51],[21,-17],[62,3],[80,-31],[63,-11],[89,-45],[-26,-38],[2,-36],[-30,-41],[-10,-39],[-52,-25],[4,-41],[-44,-21],[-16,-32],[-36,-14],[-25,-32],[-72,-8],[-74,31],[9,66],[44,-28],[29,10],[15,59],[45,27],[23,54],[-47,63],[-10,35],[-37,8],[-30,-27],[-62,52]],[[392427,444045],[3,41],[69,-6],[7,-19],[-42,-39],[-37,23]],[[394689,435375],[-96,54],[-27,59],[9,44],[32,41],[86,16],[91,2],[64,11],[72,-20],[66,-6],[-9,-63],[104,-117],[31,-49],[6,-36],[-30,-36],[-75,-31],[-18,-17],[-11,-75],[-84,37],[-77,79],[-87,80],[-47,27]],[[395536,437670],[-22,62],[41,98],[40,-17],[45,10],[72,32],[59,12],[75,-4],[94,-40],[14,-42],[62,-17],[6,-27],[84,-13],[48,18],[30,-38],[-57,-29],[-141,-33],[-145,-55],[-132,-28],[-113,18],[-60,93]],[[404022,442179],[0,36],[22,24],[58,-22],[7,-21],[-76,-38],[-11,21]],[[474005,303169],[-53,-58],[-2,-29],[-40,-37],[-64,-28],[-34,14],[-17,-45],[-37,29],[20,45],[-42,61],[-9,37],[57,16],[14,49],[-34,33],[25,105],[49,-25],[19,-44],[64,-8],[80,58],[44,-8],[9,-51],[-29,-38],[-38,-14],[18,-62]],[[474215,299132],[-33,30],[16,27],[62,-37],[-45,-20]],[[396536,438456],[10,-125],[-44,-4],[-13,53],[13,63],[34,13]],[[398361,435981],[2,22],[129,41],[-7,-35],[-66,-26],[-58,-2]],[[400247,438833],[15,41],[68,23],[60,-19],[-58,-34],[-85,-11]],[[400636,436430],[97,92],[16,-44],[-29,-39],[-97,-58],[13,49]],[[400807,440789],[-16,30],[27,27],[95,43],[61,-3],[-64,-62],[-49,-29],[-54,-6]],[[401594,439512],[22,30],[51,23],[31,-14],[-57,-38],[-47,-1]],[[402023,437495],[0,29],[49,27],[38,-30],[-87,-26]],[[474354,298696],[-16,-20],[-52,32],[20,27],[-2,41],[81,-32],[-31,-48]],[[474441,298894],[-45,26],[18,49],[-10,41],[21,25],[51,-41],[-21,-17],[3,-54],[22,-23],[-1,-42],[-32,-8],[-6,44]],[[474493,305887],[-23,-23],[-40,68],[-3,95],[43,7],[6,94],[-19,59],[53,-4],[55,-82],[46,6],[49,-51],[22,-43],[-25,-87],[-5,-48],[-46,-8],[-18,29],[-51,20],[-44,-32]],[[402674,439096],[26,27],[47,78],[40,5],[-73,-83],[-40,-27]],[[403243,437310],[-2,36],[26,29],[25,-23],[-49,-42]],[[403289,441375],[120,133],[27,-8],[-123,-111],[-24,-14]],[[474622,301738],[40,-13],[-5,-35],[-66,24],[3,35],[-36,46],[-14,46],[-66,55],[91,-11],[46,-85],[7,-62]],[[474817,303144],[-26,58],[50,18],[39,62],[-26,65],[60,61],[91,-8],[24,-47],[-20,-43],[1,-67],[-57,-94],[-43,8],[-21,-40],[-72,27]],[[394460,433140],[27,44],[96,25],[40,-34],[-53,-52],[-66,-13],[-44,30]],[[394520,433961],[-71,-25],[-5,22],[76,3]],[[475895,303732],[78,-17],[-16,-177],[-27,-54],[15,-10],[97,82],[22,49],[53,38],[59,0],[-12,-44],[-30,-46],[8,-35],[-65,-45],[-13,-60],[22,-49],[96,55],[25,3],[43,68],[65,81],[-2,39],[44,20],[9,-76],[-35,-40],[-65,-52],[-23,-92],[27,-29],[-17,-29],[2,-64],[-30,-68],[38,-18],[54,77],[38,75],[28,-9],[22,-61],[74,-125],[85,-131],[93,-79],[85,-39],[55,16],[49,-12],[-15,-64],[-47,-15],[-53,20],[-16,-34],[-30,-13],[-4,-35],[-29,-42],[-35,5],[-17,65],[-68,-21],[-31,-70],[-19,57],[17,53],[-45,-6],[-3,-49],[-57,-19],[-34,-56],[13,-63],[-36,-8],[-53,-36],[-31,3],[-38,58],[-40,3],[-70,96],[-21,0],[-17,-54],[-54,13],[10,61],[-71,-12],[-24,48],[-36,15],[-67,-38],[18,-41],[-26,-69],[-67,12],[-4,-48],[110,-33],[-13,-61],[-46,20],[-74,-34],[-58,-44],[-56,15],[-9,-24],[-67,11],[16,38],[-38,22],[-22,78],[26,36],[-10,24],[23,51],[1,56],[-50,-4],[-39,26],[-24,-62],[-52,4],[10,61],[90,60],[12,65],[51,45],[29,41],[55,45],[7,54],[53,72],[-29,16],[-19,-48],[-121,-164],[-26,69],[-51,-24],[17,-27],[-15,-80],[-55,-45],[-70,-20],[-5,-35],[-35,-32],[-56,2],[-4,-44],[-49,5],[-36,40],[21,28],[-8,58],[-47,-13],[-71,6],[5,28],[36,19],[10,48],[-35,22],[-38,-42],[-36,5],[-22,26],[-39,-28],[-16,25],[4,62],[61,37],[15,-38],[109,21],[14,92],[43,27],[-1,32],[70,16],[80,4],[17,70],[75,77],[-14,24],[20,32],[34,4],[15,48],[55,-15],[52,62],[9,53],[-85,-9],[-16,47],[40,62],[5,69],[-59,-28],[-20,18],[-50,-64],[-16,-47],[-32,-16],[-38,-66],[-51,31],[-3,48],[14,23],[10,124],[62,-26],[33,34],[11,41],[32,13],[29,37],[15,95],[-3,56],[20,128],[18,16],[7,53],[41,42],[-18,70],[10,78],[-24,33],[24,55],[-19,21],[-7,74],[-19,56],[75,27],[68,-2],[68,-20],[65,-34],[27,-42],[-4,-67],[-71,-73],[13,-53],[69,-88],[57,3],[-66,-77],[-45,-91],[2,-67],[26,-26],[66,29],[17,-10],[103,11],[35,11],[35,-42],[3,-131],[-53,7],[-34,-55],[-15,-61],[8,-40]],[[475063,302545],[-40,70],[64,-12],[6,-59],[-30,1]],[[392505,443936],[-32,43],[35,12],[82,79],[63,15],[79,39],[64,-1],[144,-49],[133,-6],[111,-40],[36,-6],[18,-39],[-86,-41],[-153,-48],[-128,-11],[-75,31],[-112,13],[-74,-9],[-105,18]],[[475188,301969],[2,-51],[69,-115],[-15,-54],[-49,41],[-31,3],[-57,59],[-28,42],[11,45],[-14,29],[8,59],[-27,51],[33,82],[-30,50],[11,47],[-29,22],[37,29],[28,-26],[71,-11],[8,-52],[-10,-81],[32,-59],[2,-40],[-22,-70]],[[475975,302104],[-15,-37],[-77,-5],[17,81],[75,-39]],[[392923,423662],[3,-61],[32,-18],[16,-97],[-97,0],[-18,-20],[-65,2],[2,159],[-15,54],[-48,54],[-80,38],[-83,11],[-79,-44],[-78,50],[-136,96],[-26,47],[0,36],[29,66],[55,10],[40,-16],[70,0],[57,18],[50,-34],[81,4],[29,-13],[33,-55],[59,-21],[21,25],[41,-32],[37,-53],[93,-112],[-23,-94]],[[476507,304606],[12,38],[-12,60],[23,20],[41,-18],[25,-63],[-18,-45],[-42,-6],[-2,-38],[-24,-19],[14,-101],[54,-34],[-52,-90],[-22,102],[-75,89],[-25,49],[-38,19],[-66,-8],[14,86],[60,-5],[48,15],[33,-35],[52,-16]],[[476550,303639],[4,40],[65,1],[-46,-41],[-23,0]],[[476912,302728],[-7,46],[66,-14],[29,13],[13,-55],[-45,-30],[-54,19],[-2,21]],[[477476,302965],[2,106],[-13,34],[-64,-9],[6,72],[-18,28],[50,42],[29,-42],[3,-42],[30,-34],[-11,-116],[-14,-39]],[[477650,302046],[-69,23],[-19,32],[10,87],[15,36],[95,-31],[19,-24],[-10,-70],[-41,-53]],[[477657,303145],[-57,12],[12,49],[48,32],[-3,-93]],[[478070,303523],[-33,45],[9,47],[51,-21],[-3,-41],[-24,-30]],[[386912,428178],[35,80],[42,54],[72,41],[106,43],[122,27],[104,-31],[131,8],[50,18],[81,47],[63,0],[13,-109],[36,-51],[91,-65],[50,-64],[9,-85],[60,-169],[-35,-31],[-51,-13],[-28,-52],[-47,-57],[-43,-15],[-20,-61],[-56,-15],[-34,-32],[-53,-10],[-37,-36],[-70,7],[-107,-16],[-196,-49],[-22,3],[-120,77],[-56,59],[-48,73],[-50,91],[-96,91],[-24,38],[41,41],[7,64],[16,37],[64,62]],[[478295,303430],[-24,38],[28,66],[25,9],[36,-109],[-65,-4]],[[378057,442099],[-14,-53],[-32,-29],[-41,-14],[18,56],[40,64],[29,-24]],[[386598,428480],[41,7],[64,-23],[43,-39],[1,-23],[-45,-69],[-87,-53],[-105,-9],[-21,-26],[-57,-9],[-16,81],[-35,10],[0,41],[52,31],[45,-10],[52,25],[68,66]],[[392767,443893],[114,-53],[123,-15],[27,10],[117,84],[91,35],[105,11],[130,52],[127,-19],[58,19],[106,-32],[180,-13],[103,-13],[76,3],[69,-13],[42,-46],[0,-81],[-55,-76],[-90,-53],[-141,16],[-95,-31],[-234,-95],[-74,-86],[-19,-50],[-3,-58],[-63,-56],[-68,0],[-33,-19],[-101,-15],[-109,-42],[-51,7],[-99,-41],[-127,21],[-66,26],[-67,-12],[-105,-3],[-50,13],[-92,-26],[-39,1],[-109,-24],[-79,9],[-49,17],[-50,35],[-100,7],[-140,25],[-91,35],[-56,33],[-71,19],[-35,27],[-67,27],[-51,38],[-14,64],[44,65],[-15,71],[7,60],[114,88],[38,13],[85,-9],[31,11],[33,45],[156,87],[97,25],[42,28],[78,6],[109,-23],[111,-101],[48,-19],[137,-9],[77,13],[33,-13]],[[387823,433035],[-1,-29],[-96,-35],[-61,-92],[-18,-82],[-58,-65],[-42,-25],[-44,-52],[-40,-20],[-42,-103],[-33,-43],[-67,-4],[-37,20],[-73,97],[-18,37],[-56,54],[-94,36],[-67,36],[-126,48],[-137,27],[-57,23],[-71,-50],[-10,-49],[-21,-17],[-35,18],[-23,46],[-1,78],[-61,42],[-11,32],[-152,132],[-52,108],[-51,48],[-48,100],[22,55],[70,28],[66,67],[21,68],[32,33],[54,85],[2,63],[23,37],[19,73],[3,51],[29,128],[108,135],[51,40],[65,35],[33,-1],[77,24],[137,-7],[81,-26],[113,21],[38,33],[13,50],[63,-11],[117,-99],[120,-45],[98,-7],[30,35],[27,-1],[23,-40],[101,-110],[62,-23],[42,38],[89,21],[21,-13],[35,-70],[36,-37],[-18,-38],[22,-80],[-10,-81],[19,-36],[87,-61],[56,-17],[13,-19],[-5,-62],[-40,-116],[-38,-4],[-28,-40],[-50,-155],[-27,-1],[-106,-109],[-47,-27],[-52,-52],[6,-48]],[[444382,319102],[-21,50],[2,41],[40,6],[25,-24],[49,4],[62,30],[49,-1],[54,-18],[4,-21],[-75,-68],[-104,29],[-51,-28],[-34,0]],[[444790,319270],[30,22],[23,-32],[-15,-48],[49,-29],[-58,-26],[-33,11],[-23,31],[39,34],[-12,37]],[[444828,320033],[12,31],[68,25],[-2,-48],[-78,-8]],[[533930,208212],[-39,-25],[-3,-32],[-94,-75],[-36,22],[-40,-7],[33,124],[66,-8],[42,13],[15,55],[56,-67]],[[533706,208027],[30,-1],[79,-38],[13,-27],[-45,-19],[-82,30],[-81,10],[-61,32],[37,25],[110,-12]],[[533123,207945],[17,95],[42,-12],[53,-45],[70,-93],[4,-32],[-29,-90],[-81,-121],[-11,-44],[-41,-21],[-20,137],[-19,44],[-43,58],[33,46],[25,78]],[[534014,207689],[16,45],[79,84],[114,26],[-19,-52],[-54,-33],[-68,-2],[-54,-84],[-14,16]],[[533238,208231],[-33,60],[32,103],[45,43],[24,1],[0,-90],[-14,-34],[8,-45],[-62,-38]],[[533226,208180],[0,38],[56,10],[38,-86],[101,-41],[35,-29],[-12,-34],[-57,-46],[-144,141],[-17,47]],[[533343,209615],[-27,72],[-6,52],[-46,57],[1,35],[91,42],[88,-2],[80,37],[-9,41],[29,19],[60,-43],[92,-6],[41,-46],[10,-69],[-49,-37],[-25,23],[-68,-10],[-94,-34],[-64,-43],[-59,-64],[-45,-24]],[[533493,207709],[3,-78],[28,-72],[14,-66],[39,-85],[-18,-30],[-59,-12],[-75,39],[-10,64],[27,58],[24,97],[-26,129],[23,42],[39,17],[-9,-103]],[[485051,289508],[-22,42],[-42,21],[-64,113],[-45,21],[-27,-10],[-55,56],[44,100],[46,17],[58,-23],[-22,-49],[28,-32],[83,-4],[62,-32],[44,-6],[54,-50],[-19,-51],[29,-72],[-41,-54],[-46,11],[-20,-48],[-45,50]],[[485408,287876],[5,22],[-46,57],[2,44],[74,79],[19,-59],[40,-47],[-33,-27],[34,-80],[4,-43],[-42,6],[-26,37],[-31,11]],[[482467,285997],[-32,49],[67,12],[67,-39],[37,-8],[-30,-62],[-40,-17],[-54,23],[-15,42]],[[482104,287890],[21,-41],[-38,-12],[-34,16],[11,37],[40,0]],[[388338,424897],[4,48],[28,17],[77,-35],[-29,-19],[-34,18],[-46,-29]],[[397668,435188],[26,10],[118,10],[59,-11],[-4,-22],[-163,-1],[-36,14]],[[443258,323696],[-24,58],[-28,34],[-10,48],[2,68],[-92,63],[90,-18],[62,26],[50,-11],[48,-53],[41,-97],[-17,-63],[5,-71],[-33,-35],[19,-103],[-7,-133],[-23,-20],[9,-64],[-15,-44],[-56,-6],[-13,49],[-50,24],[-48,62],[-20,48],[10,40],[48,55],[48,81],[32,26],[-28,36]],[[443246,322571],[22,46],[44,-22],[26,-49],[-31,-45],[-52,43],[-9,27]],[[443418,322619],[39,-6],[43,-37],[7,-60],[-58,49],[-31,54]],[[443610,321687],[96,-27],[11,-65],[-16,-60],[-49,22],[-21,29],[-72,29],[-90,86],[38,47],[28,-1],[75,-60]],[[443511,322447],[60,-17],[22,-45],[82,-58],[-17,-22],[-63,12],[-84,130]],[[443741,323760],[-2,22],[-45,60],[-32,64],[-50,68],[-69,23],[86,78],[48,-3],[143,-111],[115,-137],[-34,-39],[-38,-21],[-24,-93],[-24,-49],[-37,-10],[-16,54],[-41,26],[20,68]],[[444095,322614],[35,-78],[-29,0],[-55,47],[-87,46],[-21,24],[5,44],[23,37],[-45,58],[67,-1],[73,34],[-33,102],[19,24],[21,93],[8,88],[35,31],[30,70],[54,23],[22,46],[-39,29],[1,32],[-73,117],[-15,55],[1,46],[-103,111],[25,69],[46,-9],[19,-58],[62,-42],[75,1],[64,41],[30,-16],[-35,-77],[7,-54],[50,-64],[57,-24],[27,3],[96,-50],[68,-9],[42,-43],[28,-67],[78,-76],[94,-115],[11,-82],[-10,-84],[69,-101],[46,-31],[63,3],[101,32],[61,-1],[73,21],[89,45],[21,29],[67,17],[56,27],[43,-18],[26,-34],[-1,-88],[-25,-51],[85,-46],[13,-72],[-55,-5],[-8,63],[-36,-35],[-39,-9],[-17,-59],[-36,-16],[-57,32],[-3,19],[-73,-27],[-39,-54],[-78,-45],[-124,-53],[-63,-11],[-56,18],[-56,69],[-38,30],[-10,34],[-65,40],[-100,15],[-55,-13],[-27,-38],[-64,77],[-23,8],[-80,-44],[-79,24],[-36,21],[-61,-16],[-40,9],[-30,-50],[-67,-38]],[[528094,234565],[-51,-24],[-36,36],[-13,62],[-9,169],[55,43],[32,-18],[57,5],[5,-43],[-9,-75],[13,-73],[-44,-82]],[[528028,234901],[40,66],[71,27],[-28,-68],[-15,-76],[-27,-10],[-45,20],[4,41]],[[527217,234803],[55,12],[10,-91],[-16,-79],[-63,6],[-59,54],[0,35],[73,63]],[[527188,234564],[15,56],[23,-5],[-3,-56],[-35,5]],[[344965,347115],[3,-29],[-64,-64],[-36,12],[-20,49],[28,51],[47,41],[55,-14],[-13,-46]],[[527288,234904],[75,46],[93,19],[4,-32],[-50,-68],[-82,0],[-40,35]],[[345896,347941],[21,-67],[57,-41],[39,-10],[25,-73],[57,-38],[-23,-25],[-34,7],[-47,-36],[-77,-3],[-73,25],[-60,-16],[-64,-82],[-93,-31],[-35,-36],[-6,-44],[21,-51],[-23,-58],[-96,43],[-42,8],[-52,-10],[-55,40],[5,25],[-29,59],[-19,62],[-7,84],[43,61],[17,47],[-26,14],[18,41],[81,20],[131,50],[129,39],[156,84],[64,-66],[-3,-22]],[[346496,349313],[5,-53],[33,-103],[6,-79],[18,-26],[-6,-37],[-56,-70],[-44,-20],[-70,0],[15,-53],[36,-10],[74,26],[-9,-42],[-79,-3],[-90,53],[-79,-69],[-34,-48],[-3,-65],[17,-48],[-17,-11],[-97,17],[-76,-11],[-50,-30],[-38,-38],[-25,56],[48,86],[18,73],[36,67],[-9,72],[-36,100],[-48,49],[-3,116],[61,88],[18,96],[88,94],[143,96],[104,80],[109,-10],[50,-25],[49,-48],[22,-53],[-39,-146],[-42,-71]],[[346066,348560],[-39,-38],[19,-31],[-54,-17],[-47,4],[-14,48],[31,50],[72,-21],[32,5]],[[347901,348663],[20,28],[66,-41],[-30,-39],[-25,45],[-31,7]],[[527306,234761],[-4,62],[36,26],[54,-7],[-58,-86],[-28,5]],[[527327,234561],[11,35],[44,29],[69,-6],[33,-62],[13,-163],[-32,-40],[-94,45],[-44,162]],[[346179,349938],[-30,53],[-28,89],[-55,59],[44,64],[80,77],[26,40],[5,41],[-17,96],[105,88],[88,54],[77,78],[134,99],[120,72],[99,74],[49,58],[67,117],[6,53],[-44,32],[-8,40],[94,117],[3,50],[-33,19],[163,89],[90,66],[56,66],[27,131],[-27,47],[93,40],[93,64],[108,33],[75,41],[126,80],[154,83],[40,39],[63,100],[49,41],[100,47],[81,1],[128,-51],[102,-12],[65,11],[126,35],[211,131],[73,-3],[139,9],[94,-7],[104,34],[163,43],[93,6],[84,15],[68,-8],[40,-21],[63,-10],[138,-4],[160,3],[124,25],[23,21],[109,49],[13,41],[79,25],[92,95],[81,27],[51,30],[164,64],[54,12],[57,29],[110,38],[89,54],[39,62],[-16,59],[71,19],[56,46],[10,33],[46,10],[32,-34],[78,-29],[182,-41],[184,-13],[163,-18],[68,-23],[23,-19],[78,-117],[46,-42],[7,-36],[37,-37],[77,-41],[110,-79],[87,-126],[44,-41],[94,-62],[123,-19],[112,10],[111,-6],[50,-54],[26,-89],[-20,-92],[75,22],[63,-24],[32,-71],[66,-56],[44,-118],[-40,-111],[7,-71],[15,-43],[-7,-70],[65,-89],[67,-58],[7,-92],[14,-38],[-90,-33],[-57,10],[-90,-21],[-85,8],[-3,86],[-33,72],[-38,30],[-97,19],[-156,0],[-68,-5],[-7,-21],[-79,-63],[-105,-15],[-56,-75],[-63,11],[-81,-27],[-56,-53],[-54,-16],[-89,-39],[-131,-84],[-57,-61],[-44,-21],[-37,46],[9,68],[-63,55],[3,124],[-22,23],[-96,29],[-15,25],[2,65],[-37,68],[67,72],[-8,66],[-45,61],[-150,58],[-96,49],[-2,71],[65,67],[4,78],[-37,70],[-48,40],[-14,-15],[55,-69],[15,-82],[-30,-36],[-60,2],[-70,-18],[-31,-26],[-62,-14],[-14,-54],[4,-53],[-34,-26],[-21,-55],[-74,-50],[-16,-32],[15,-40],[26,-16],[-35,-64],[-39,18],[-95,3],[-102,-7],[-55,58],[-83,-24],[-34,-22],[-89,-106],[-45,-8],[-49,9],[-64,-8],[-13,-25],[23,-42],[-37,-22],[62,-81],[1,-36],[28,-23],[67,-21],[101,11],[38,-9],[54,13],[86,-3],[34,-31],[25,-131],[-47,-79],[-83,-94],[-10,-34],[8,-84],[-75,21],[-19,58],[-51,51],[-8,62],[13,33],[-68,34],[-89,23],[-127,-15],[-101,-55],[-111,-106],[-37,-8],[-9,-47],[23,-19],[50,32],[47,9],[39,49],[36,-59],[15,-60],[-20,-51],[30,-85],[-22,-44],[-6,-100],[-35,-14],[6,-67],[37,-35],[36,-60],[-13,-61],[-77,-139],[-68,-23],[-67,24],[-104,-2],[-66,-12],[64,-59],[-35,-31],[20,-69],[40,-35],[-6,-21],[28,-51],[0,-92],[26,-54],[-21,-52],[-101,-53],[-46,-7],[-27,-32],[-125,28],[-60,0],[-104,-22],[-25,44],[34,56],[-59,64],[37,7],[-45,62],[-60,113],[-49,18],[-20,43],[-38,-2],[-48,36],[-32,7],[-85,-26],[-87,-101],[-18,24],[26,33],[-9,28],[-61,-24],[0,-57],[45,-40],[56,-84],[-35,-58],[-96,-74],[-52,-52],[-18,-80],[-1,-79],[82,-44],[-14,-14],[-80,-29],[-14,-47],[-36,39],[-76,44],[-9,-50],[-79,24],[-56,-63],[-54,-37],[-45,-46],[-74,-52],[-48,-55],[-65,-19],[-12,-42],[-45,-57],[-29,-57],[-8,-54],[-59,-52],[-71,69],[-34,10],[-45,-10],[-99,-58],[-79,-73],[-95,29],[-90,-14],[-80,26],[-51,78],[-48,11],[-128,1],[-100,-19],[-68,-29],[-72,-44],[-46,-8],[-37,64],[-1,56],[-39,107],[-29,40],[-42,26],[-109,28],[-67,-30],[-65,32],[-24,66],[-7,63],[-21,46],[6,92],[11,28],[-2,98],[-51,102],[-41,30],[-118,-12],[-69,-1],[-31,17],[-87,-18],[-57,25],[-26,37],[-24,64],[-2,108]],[[346589,345539],[139,-27],[-4,-26],[-125,42],[-10,11]],[[347149,345105],[16,-21],[67,-10],[29,-48],[33,10],[36,-76],[34,-40],[4,-35],[65,-67],[103,-77],[46,-14],[-9,-46],[-44,28],[-71,2],[-9,-20],[-54,7],[4,71],[-42,62],[-116,0],[-47,-20],[-30,10],[-58,51],[-24,33],[-36,90],[-42,16],[-45,-7],[-55,-27],[-12,91],[-23,64],[-54,65],[-17,82],[1,45],[23,50],[44,-12],[35,24],[35,-63],[3,-41],[44,-42],[66,-23],[68,-87],[32,-25]],[[347596,345436],[-54,-2],[19,72],[-35,42],[42,66],[57,-6],[53,-38],[6,-31],[68,8],[-11,-51],[-39,-33],[-40,1],[-66,-28]],[[347773,354859],[-21,-2],[-47,-74],[-40,75],[72,22],[36,-21]],[[349180,344487],[-44,-39],[-190,37],[-26,43],[113,-5],[112,-42],[35,6]],[[527343,234722],[66,83],[56,38],[59,-85],[-8,-40],[13,-32],[-60,-27],[-96,5],[-30,58]],[[410347,436580],[43,14],[38,-15],[51,-59],[-23,-27],[-44,29],[-37,-3],[-28,61]],[[410898,436978],[4,-21],[-28,-59],[-35,-46],[-92,-42],[-74,-25],[-57,6],[-44,109],[32,59],[122,67],[79,15],[64,-24],[29,-39]],[[350481,343887],[-56,7],[-32,27],[-28,51],[-11,67],[15,40],[-2,48],[-48,48],[-34,-11],[-84,26],[-166,-36],[-49,-25],[-135,-24],[-1,-47],[-25,-31],[-56,25],[-50,-7],[43,-46],[-36,-28],[-27,-101],[2,-48],[45,-41],[39,-1],[59,-43],[46,-73],[0,-42],[-82,-1],[-37,99],[-109,55],[-89,1],[-61,62],[-23,124],[-36,19],[-34,47],[-42,20],[2,77],[-26,58],[-44,61],[-16,119],[43,4],[76,-17],[118,5],[94,46],[56,8],[0,33],[86,112],[114,44],[150,105],[57,83],[16,81],[-5,55],[44,110],[68,60],[77,-12],[50,-56],[16,69],[33,72],[22,10],[39,-48],[60,27],[52,59],[22,45],[-1,74],[20,55],[32,23],[-43,47],[34,81],[-34,126],[39,4],[43,-39],[55,-8],[30,-28],[16,-63],[146,-202],[65,-62],[37,-19],[153,-133],[85,-102],[64,-35],[77,-11],[5,-58],[-62,-74],[-8,-37],[21,-90],[45,-106],[26,-40],[-4,-27],[69,-90],[75,-66],[43,-25],[54,-89],[-2,-37],[-72,-16],[-31,9],[-58,-17],[-81,-38],[-51,-38],[-28,12],[-101,-1],[-125,-15],[-104,-39],[-27,5],[-52,-30],[-52,-67],[36,-159],[-58,53],[-66,-25],[-58,39],[-67,7],[-45,27],[-54,3],[-59,-23],[-27,-27]],[[350104,349634],[110,49],[42,35],[20,-28],[38,6],[25,-54],[31,-29],[19,-56],[-48,-23],[-70,-83],[-38,-88],[-17,-76],[-68,-26],[-76,-66],[-39,16],[-65,-2],[-58,35],[3,69],[-45,29],[3,21],[66,90],[8,66],[59,34],[52,70],[48,11]],[[350316,351071],[41,-18],[-30,-49],[-22,38],[11,29]],[[351336,343748],[-10,30],[12,41],[75,104],[71,-5],[-22,-36],[-57,-54],[-36,-83],[-33,3]],[[353663,351944],[-11,36],[-68,21],[-85,-21],[-57,28],[-46,63],[-44,82],[-4,65],[95,25],[27,70],[11,80],[67,119],[122,-1],[59,-47],[-10,-58],[-3,-98],[15,-85],[51,-66],[-20,-90],[11,-22],[-12,-112],[8,-34],[-39,-40],[-67,85]],[[354733,351917],[-6,41],[-50,47],[18,41],[123,-68],[-85,-61]],[[527597,234992],[48,-11],[-40,-94],[-19,-89],[-66,46],[-8,43],[44,75],[41,30]],[[344896,346847],[104,-8],[60,-24],[-28,-41],[27,-57],[26,-13],[15,-62],[-93,15],[-63,76],[-57,3],[-36,22],[-8,36],[-41,27],[12,54],[40,27],[42,-55]],[[527675,235282],[-18,14],[-48,92],[-19,56],[-8,102],[12,59],[25,24],[110,28],[93,79],[43,71],[36,38],[67,16],[34,22],[87,8],[10,-22],[54,-9],[24,-19],[34,-87],[-7,-43],[17,-26],[-23,-50],[-51,-53],[-68,-145],[-41,-33],[-29,3],[-45,-33],[-3,-48],[-34,-22],[-116,-35],[-64,-38],[-60,7],[-12,44]],[[527758,234761],[-75,43],[7,37],[31,37],[50,-26],[-13,-91]],[[527710,235761],[59,71],[14,-29],[-73,-42]],[[527820,234458],[-9,-99],[-47,49],[-35,111],[0,104],[33,37],[34,-18],[54,-96],[-30,-88]],[[527796,234172],[41,-25],[45,-50],[-16,-82],[-25,-3],[-70,97],[-7,34],[32,29]],[[508450,254348],[1,35],[27,71],[34,-23],[-13,-46],[6,-94],[-29,-24],[-26,81]],[[527971,234300],[4,-58],[17,-48],[-34,-11],[-18,37],[-55,66],[-19,54],[1,69],[33,95],[86,-125],[-15,-79]],[[528230,235119],[-43,-38],[-82,-44],[-31,14],[156,68]],[[508613,254412],[-54,53],[47,8],[92,-136],[-39,-13],[-46,88]],[[511070,254436],[-38,3],[-40,44],[-60,14],[37,38],[60,-8],[50,-62],[-9,-29]],[[528211,233902],[-23,109],[-7,107],[29,10],[83,-12],[38,-56],[-37,-64],[2,-48],[-29,-90],[-24,-15],[-32,59]],[[513908,252820],[47,51],[23,-46],[-70,-5]],[[528221,235534],[4,24],[42,45],[68,25],[24,-32],[-53,-31],[-7,-48],[-37,-63],[-77,1],[51,57],[-15,22]],[[528186,234258],[2,37],[36,48],[65,-37],[23,-33],[-25,-83],[-70,-32],[-26,38],[-5,62]],[[528292,235729],[-35,97],[24,85],[32,37],[38,12],[48,-48],[8,-55],[-13,-45],[-38,-65],[-64,-18]],[[529198,237059],[58,52],[-2,33],[79,121],[59,125],[43,54],[-21,58],[18,79],[50,36],[-15,79],[-24,214],[24,35],[-22,45],[-41,122],[4,51],[-40,70],[44,78],[-6,29],[-36,32],[-39,131],[8,43],[61,133],[66,5],[22,44],[-58,27],[15,70],[-36,45],[10,29],[65,18],[-66,71],[-48,38],[-8,55],[-22,22],[-3,73],[-28,19],[-58,-36],[-39,30],[-63,10],[-46,-31],[-18,-34],[-66,-32],[-83,-6],[-108,27],[-69,30],[-43,-44],[-25,38],[11,79],[18,39],[77,119],[84,75],[83,83],[71,102],[174,166],[58,14],[142,52],[182,86],[141,84],[86,57],[118,88],[43,42],[168,128],[138,91],[22,26],[144,97],[57,45],[25,37],[169,140],[256,239],[69,85],[160,218],[45,50],[176,226],[92,137],[93,155],[44,52],[69,120],[40,81],[49,132],[33,31],[-31,51],[0,50],[36,99],[35,130],[18,113],[7,127],[-18,120],[-57,148],[-52,90],[-163,229],[-180,299],[-148,211],[-88,109],[-52,56],[-100,92],[-72,57],[-104,69],[-102,51],[-96,34],[-134,19],[-55,-12],[-63,-32],[-32,5],[-1,45],[49,127],[124,144],[111,98],[151,145],[99,113],[97,143],[133,142],[83,71],[168,122],[134,107],[77,52],[182,89],[169,76],[54,19],[90,52],[46,8],[126,-9],[48,-24],[8,-62],[-2,-99],[-33,-319],[-10,-205],[-22,-241],[-29,-528],[2,-224],[8,-180],[10,-101],[55,-335],[65,-211],[44,-78],[49,-126],[93,-202],[53,-93],[56,-78],[53,-60],[99,-90],[173,-129],[61,-23],[39,-29],[131,-28],[101,-4],[91,19],[19,-41],[-8,-163],[12,-141],[23,-128],[30,-56],[68,-13],[-30,-28],[-10,-66],[-30,-97],[-57,-132],[-154,-274],[-68,-141],[-115,-217],[-103,-233],[-68,-142],[-54,-100],[-144,-313],[-72,-147],[-100,-229],[-58,-115],[-77,-166],[-52,-100],[-58,-129],[-84,-155],[-84,-173],[-36,-83],[-280,-565],[-61,-99],[-17,-54],[-143,-282],[-68,-151],[-50,-89],[-43,-116],[-115,-219],[-57,-134],[-219,-490],[-22,-62],[-102,-213],[-190,-414],[-33,-85],[-50,-107],[-49,-127],[-132,-287],[-85,-226],[-164,-401],[-115,-321],[-69,-214],[-58,-193],[-71,-272],[1,-15],[-45,-207],[-23,-134],[-20,-181],[-1,-105],[21,-252],[21,-181],[24,-105],[86,-259],[10,-100],[-21,-61],[-41,-78],[-48,-126],[-45,-183],[-88,-42],[-141,-23],[-146,16],[-164,60],[-96,67],[-91,101],[-28,59],[-71,63],[-48,104],[-6,118],[-49,115],[-66,34],[-39,39],[-49,71],[-5,38],[-39,106],[-24,38],[-22,90],[-3,70],[11,72],[20,43],[-11,97],[-48,87],[-51,67],[23,51],[-53,31],[-16,45],[12,57],[-29,71],[-70,117],[-17,78],[-17,24],[6,68],[63,87],[-29,87],[-61,60],[-78,38],[36,135],[-131,110],[10,45],[43,32],[-18,19],[-42,-39],[-29,-50],[-54,28],[-51,80],[5,40],[45,26],[26,68],[-16,66],[11,120],[32,47],[-21,38],[3,37],[29,30],[86,63],[60,52],[64,138],[3,26],[41,70],[159,145],[30,11],[15,63],[-2,76],[29,102],[-3,93],[-33,130],[-45,78],[-6,53],[35,149],[4,44],[49,94],[54,89],[138,173],[42,134],[66,67],[126,139],[100,92]],[[520751,256169],[4,29],[44,29],[31,-17],[-36,-47],[-43,6]],[[525017,253472],[-28,17],[13,73],[45,29],[51,-29],[-13,-72],[-68,-18]],[[511020,254389],[-14,42],[71,-22],[62,30],[39,-67],[-46,-58],[-112,75]],[[509502,253920],[-15,32],[75,79],[24,1],[55,-50],[-1,-36],[-39,-38],[-46,-13],[-53,25]],[[503540,261632],[-9,60],[16,18],[101,-36],[55,-50],[44,-21],[37,26],[42,8],[63,-72],[50,-24],[59,-10],[50,-58],[21,19],[-51,67],[21,15],[93,-47],[94,-59],[279,-144],[72,3],[133,-17],[214,23],[125,-14],[37,-21],[12,-34],[-53,-70],[-52,8],[-17,-54],[-76,-2],[-53,-25],[118,-17],[-42,-26],[41,-25],[-55,-74],[17,-37],[32,14],[20,67],[71,13],[123,75],[112,105],[3,58],[59,59],[2,20],[-49,55],[43,14],[87,50],[48,51],[3,29],[-23,70],[34,41],[27,2],[54,-58],[-37,-30],[-16,-41],[-1,-131],[22,-52],[-23,-33],[13,-119],[-6,-146],[-63,-193],[-71,-264],[-13,-174],[28,-64],[1,-36],[-26,-78],[10,-55],[2,-152],[23,-19],[-1,-39],[23,-25],[73,-34],[29,-44],[5,-54],[-11,-37],[16,-93],[44,-52],[-19,-38],[84,-40],[15,-50],[3,-59],[46,-24],[64,-84],[70,-40],[67,0],[43,37],[41,6],[57,-82],[-1,-40],[31,-99],[53,-19],[49,-33],[36,-122],[13,-94],[63,-155],[-2,-29],[53,-309],[49,-111],[84,-92],[72,-31],[11,-29],[-97,1],[-56,8],[-47,51],[-76,-77],[-35,-2],[-11,-50],[-54,-55],[5,-62],[-19,-16],[63,-113],[-30,-5],[-51,-57],[17,-103],[-40,44],[-134,99],[-21,32],[-59,35],[-49,72],[8,113],[-15,65],[9,31],[34,7],[46,45],[-33,17],[-14,-46],[-62,-26],[15,-97],[-13,-41],[6,-47],[-39,-58],[-38,-31],[-35,18],[-81,-10],[-36,-97],[19,-88],[-46,40],[-64,7],[-38,-26],[-27,-40],[-35,44],[-31,13],[-27,-29],[4,-74],[-44,-11],[-41,47],[-44,-16],[-108,116],[-97,63],[6,16],[-85,65],[-25,44],[-73,43],[24,78],[-41,31],[-79,101],[-52,55],[-38,71],[-80,124],[-7,29],[-40,47],[-14,95],[-29,56],[-58,43],[-16,45],[-54,82],[-15,56],[-33,8],[-54,71],[-2,53],[-36,25],[-29,52],[-6,71],[-80,68],[-13,44],[-37,12],[-33,46],[-51,38],[-102,15],[-109,30],[-99,11],[-27,28],[-4,40],[-27,67],[-26,18],[-99,40],[-34,36],[-125,49],[-82,42],[-73,70],[-114,33],[-55,45],[-10,75],[-23,85],[-38,81],[-42,63],[-32,113],[6,126],[-23,33],[-21,79],[-46,44],[-64,39],[-78,66],[-7,38],[-37,0],[-31,29],[-49,83],[-29,82],[-53,78],[-26,102],[-90,148],[13,37],[-29,85],[-39,29],[-14,91],[-103,28],[-52,51],[11,30],[47,34],[119,31],[-4,35],[113,28],[150,25],[52,37],[-24,57],[28,23],[27,71],[-15,96],[49,31],[118,-25],[76,-7],[126,-22],[113,2],[-12,26],[42,82],[81,-16],[63,-61],[139,-90],[17,-34],[56,-43],[-3,-20],[-72,-24],[-36,-33],[-4,-30],[73,-78],[-30,-101],[34,19],[95,15]],[[533018,207439],[6,23],[53,30],[34,0],[111,-73],[43,-43],[23,-54],[-10,-59],[-95,11],[-59,-7],[-27,31],[-53,28],[-26,113]],[[533587,208643],[39,-13],[-36,-51],[-12,-60],[7,-50],[-45,-65],[26,-30],[-8,-67],[75,-31],[28,8],[7,39],[28,33],[43,-53],[26,-59],[-48,-18],[8,-49],[-85,-89],[-61,-14],[-29,55],[-49,35],[-38,4],[-83,39],[25,13],[-8,56],[13,51],[-2,137],[35,21],[35,85],[-9,36],[53,35],[-5,64],[45,40],[37,-22],[12,-31],[-24,-49]],[[534171,204878],[-15,-22],[-60,-6],[-14,18],[45,106],[-44,48],[72,18],[44,-5],[22,-25],[-13,-69],[-37,-63]],[[475513,302168],[33,12],[96,-13],[52,43],[58,-10],[37,-37],[-1,-38],[-58,-33],[5,-38],[-31,-37],[14,-47],[-43,-11],[-92,23],[21,133],[-88,-58],[7,-37],[-39,-5],[-51,-61],[-7,-40],[15,-60],[-36,-36],[-49,78],[44,14],[4,83],[-32,17],[-51,-2],[13,88],[-23,29],[27,34],[-22,63],[36,44],[-25,107],[35,9],[97,-92],[-18,-75],[72,-47]],[[470412,305315],[-63,10],[13,81],[44,4],[29,-73],[-23,-22]],[[475020,305644],[47,-23],[10,72],[50,28],[21,53],[85,-5],[22,61],[40,13],[37,-33],[45,5],[54,60],[107,-15],[27,-41],[39,-28],[3,-33],[-98,20],[-45,-25],[16,-22],[-11,-83],[-50,-28],[-42,1],[-29,-35],[29,-57],[-9,-60],[54,-19],[40,21],[28,-28],[-33,-40],[-18,-74],[19,-41],[-57,4],[-43,71],[-63,79],[-22,-103],[-77,12],[-2,-91],[14,-29],[58,-40],[-49,-57],[72,-105],[7,-105],[22,-58],[-32,-42],[24,-52],[2,-88],[61,-19],[-6,-36],[-53,-6],[-29,-31],[-14,-57],[-54,-67],[-47,-33],[-27,-71],[-34,19],[-26,59],[-28,33],[19,82],[20,30],[49,4],[21,37],[-3,35],[-60,38],[-4,43],[29,39],[-29,43],[28,56],[-7,67],[-39,-18],[-15,-31],[-42,-31],[-24,-68],[-19,-12],[-1,-129],[-33,-29],[20,-34],[-15,-62],[-57,-54],[-43,-22],[-27,38],[-36,16],[-29,52],[38,17],[-2,44],[27,86],[31,15],[24,73],[10,68],[22,25],[-4,113],[-22,37],[-48,-114],[-20,-70],[-38,-45],[-15,36],[-52,13],[11,-111],[20,-22],[-34,-34],[-43,-89],[-57,-27],[-10,-45],[-51,-56],[-7,94],[-23,41],[-49,-21],[24,83],[-3,47],[36,105],[-19,48],[31,124],[-37,63],[49,50],[16,47],[4,65],[81,13],[45,42],[69,-35],[99,122],[-60,44],[48,44],[16,72],[-67,6],[-23,21],[-33,98],[35,30],[21,62],[59,27],[43,55],[104,4],[-32,-70],[-4,-32],[52,-84]],[[477276,303152],[-24,-66],[-60,-51],[19,-74],[59,-4],[-11,-37],[1,-142],[-39,18],[-42,-23],[-8,-38],[-40,10],[36,71],[-39,5],[-70,-41],[-38,-6],[-11,33],[30,29],[6,40],[-34,7],[-36,-28],[-21,23],[18,59],[-7,51],[40,27],[34,44],[6,93],[-20,22],[33,47],[80,-15],[32,26],[57,-9],[-4,-52],[49,-5],[31,31],[-14,54],[24,61],[39,18],[8,89],[34,5],[-5,-124],[-28,-45],[-6,-50],[-79,-53]],[[439077,327598],[-44,30],[-3,34],[-61,100],[-55,35],[-40,54],[-69,38],[-28,34],[0,67],[-58,22],[-22,45],[-56,81],[-27,67],[-34,30],[-39,73],[6,30],[-68,59],[-32,59],[-35,12],[-53,48],[-144,28],[-109,43],[-80,48],[-109,121],[-45,15],[-43,32],[-51,3],[-9,24],[-171,218],[-51,26],[-47,39],[-33,67],[-91,123],[13,16],[162,37],[171,84],[146,41],[53,-34],[157,27],[44,-5],[51,-66],[91,-14],[5,-38],[70,-28],[67,12],[67,-85],[5,-27],[48,-35],[57,-12],[47,-55],[65,-25],[37,9],[22,-22],[97,-7],[89,-66],[47,-23],[9,-38],[40,-39],[182,-45],[78,6],[108,-41],[97,-99],[63,-32],[50,-13],[90,-9],[-67,54],[-24,51],[-3,67],[-27,31],[-48,22],[-48,80],[6,38],[37,4],[6,47],[92,-41],[35,31],[-61,29],[-77,66],[-16,42],[14,25],[-79,98],[18,20],[3,69],[13,17],[-27,44],[-87,80],[-54,6],[-9,20],[70,40],[36,122],[1,35],[-47,97],[0,42],[24,34],[71,29],[39,-23],[-29,-57],[-9,-84],[29,-113],[30,-56],[100,-39],[19,-18],[62,-100],[54,-50],[46,5],[35,-20],[90,-24],[50,8],[95,-4],[74,30],[46,-13],[114,34],[58,50],[67,-41],[5,-55],[42,-6],[3,-26],[-120,-95],[-138,-290],[-57,-143],[-71,-232],[-20,-139],[11,-77],[41,-55],[31,7],[119,-57],[-5,-100],[42,-50],[110,-35],[3,-108],[60,-89],[47,-11],[40,22],[16,-28],[68,31],[129,-76],[36,-30],[33,-88],[-33,-10],[5,-53],[72,-17],[31,-52],[-11,-63],[-81,-25],[-64,64],[-45,-95],[-12,-48],[-2,-83],[39,-38],[44,26],[78,-20],[38,-63],[3,-55],[50,-24],[66,-51],[34,14],[44,-18],[23,-48],[-50,-9],[8,-40],[-29,-6],[-62,-97],[-61,19],[-36,-6],[-22,-38],[5,-63],[-19,-45],[-86,-76],[-15,-146],[-12,-26],[46,-148],[3,-41],[-13,-80],[-32,-38],[-102,-37],[-90,-20],[-91,-53],[-53,-5],[-69,24],[-83,62],[-32,-16],[-108,-7],[-231,5],[-66,20],[-83,-22],[-115,26],[-33,32],[-144,64],[-52,7],[-31,28],[0,73],[-113,204],[-11,60],[-41,12],[-67,62],[-44,98],[0,76],[32,263],[36,41],[17,47],[-5,85],[-36,59],[-35,135],[-28,43]],[[474058,302218],[7,-56],[55,-48],[30,-64],[29,-8],[40,-44],[3,-31],[61,-113],[59,-43],[7,-54],[34,-69],[-34,-30],[34,-79],[-90,-36],[-27,-1],[-56,31],[-21,81],[-67,-4],[-54,94],[9,63],[-37,64],[0,78],[-31,49],[-16,99],[26,62],[-4,50],[25,14],[-53,81],[69,56],[4,74],[-41,33],[-6,52],[19,31],[74,32],[18,-15],[-6,-100],[15,-21],[0,-87],[-51,-36],[-27,-55],[3,-50]],[[386260,428163],[109,-8],[-8,-56],[23,-51],[44,-44],[8,-37],[-5,-72],[35,-45],[171,-116],[40,-47],[63,-102],[6,-23],[93,-71],[68,-13],[35,-83],[-18,-70],[39,-102],[82,-72],[47,-71],[46,-53],[55,-118],[86,-87],[3,-45],[32,-76],[-33,-1],[-36,-116],[-39,10],[-44,-48],[29,-25],[-13,-29],[12,-37],[-50,-4],[-24,74],[-64,42],[-18,51],[-24,12],[-95,-2],[9,-53],[-23,-63],[-55,-40],[-42,-61],[-9,-64],[-89,-60],[-43,39],[13,37],[-53,93],[-12,42],[-53,20],[-38,-26],[-80,-12],[-42,-25],[-64,-88],[-70,-75],[-20,-64],[-32,-18],[-63,-10],[-39,-66],[-2,-64],[37,-36],[-27,-100],[-102,-53],[-37,26],[-143,28],[-35,52],[-65,16],[-36,-37],[-51,-7],[-2,30],[-55,73],[8,44],[-11,80],[-36,43],[-35,17],[-2,32],[-32,50],[-125,17],[-23,74],[-53,38],[-13,28],[-43,17],[-31,-9],[-38,50],[31,42],[0,26],[48,17],[-13,70],[-29,32],[-28,90],[-39,58],[-14,47],[1,64],[56,12],[4,126],[-47,26],[4,114],[27,39],[29,-10],[47,44],[41,77],[8,32],[-35,52],[86,15],[50,59],[40,-9],[2,-47],[41,-6],[78,43],[65,82],[-13,61],[51,39],[32,55],[62,-30],[36,-3],[100,19],[99,85],[36,55],[75,89],[33,86],[30,28],[52,4],[56,37]],[[447530,318143],[8,-35],[80,-42],[67,-13],[67,3],[66,19],[36,27],[-4,43],[-28,37],[43,67],[35,-21],[69,-102],[127,15],[6,-37],[-49,-23],[48,-57],[-57,-2],[-20,-33],[77,-39],[-98,-36],[2,-40],[-27,-27],[8,-70],[-25,-40],[12,-42],[-56,-21],[43,-57],[-46,-16],[-22,39],[-32,-7],[-67,-54],[-25,-62],[-31,-33],[-29,0],[-37,29],[-20,-38],[-36,-111],[-14,-68],[38,-41],[-42,-20],[-49,44],[-61,-43],[-68,40],[-42,47],[-71,59],[-109,42],[-49,33],[-103,52],[-19,69],[-27,43],[-46,34],[-50,134],[-26,28],[-111,34],[-42,62],[56,86],[49,8],[38,87],[27,-8],[43,24],[88,-13],[53,-43],[33,18],[90,-8],[82,31],[71,13],[39,50],[-5,35],[74,29],[55,-45],[13,-34]],[[533629,207713],[-10,98],[40,59],[39,27],[154,3],[54,-16],[40,14],[-5,46],[105,-41],[53,12],[26,35],[5,60],[85,-37],[-53,-27],[-77,-86],[-33,-8],[-25,-53],[-75,-23],[-25,-41],[53,-99],[17,-96],[-8,-45],[2,-101],[25,-88],[34,-52],[-47,-9],[-36,-51],[-13,-50],[-72,-64],[-141,36],[-68,45],[-49,90],[11,38],[39,58],[59,37],[-4,55],[62,58],[8,31],[-20,48],[-57,32],[-43,-41],[-49,22],[-1,124]],[[534502,215825],[77,5],[129,51],[96,55],[56,-21],[-1,-23],[126,-17],[-11,-80],[-46,-51],[-71,-159],[-56,-174],[-43,-102],[-5,-34],[-76,-223],[-62,-218],[-36,-148],[-49,-139],[-31,-149],[-20,-50],[-35,-130],[-18,-103],[-25,-98],[-18,-142],[-25,-129],[-37,-301],[-12,-138],[-5,-130],[4,-128],[-8,-122],[13,-229],[12,-67],[70,-304],[30,-50],[94,-111],[17,-30],[25,-106],[12,-101],[-1,-101],[-82,-219],[-28,-55],[-33,35],[-102,68],[-2,43],[18,55],[35,50],[5,54],[-13,81],[-137,260],[-4,19],[-79,147],[6,67],[-45,138],[-41,79],[-19,67],[-106,156],[-102,189],[-62,136],[-6,115],[-20,89],[-44,102],[-57,84],[-28,55],[15,103],[74,160],[14,59],[-14,96],[-29,75],[2,29],[-60,190],[-46,105],[-6,47],[52,141],[51,173],[8,91],[-5,162],[-33,210],[-77,170],[117,87],[92,52],[112,39],[49,57],[91,62],[16,-4],[-106,-100],[15,-8],[53,50],[93,36],[35,30],[36,-30],[-63,-15],[12,-25],[46,10],[72,35],[205,51],[-6,32],[61,12]],[[402166,439075],[55,16],[174,-18],[33,-13],[-189,-70],[-90,-17],[-27,15],[-7,35],[51,52]],[[355564,349874],[-18,72],[19,37],[80,20],[26,-46],[110,-66],[-94,-38],[-47,-74],[-89,-9],[-117,-67],[-22,-68],[-63,42],[-43,70],[-29,27],[44,29],[111,-5],[77,17],[42,24],[13,35]],[[355022,349248],[38,81],[25,6],[79,-17],[9,-25],[-87,-34],[-64,-11]],[[533212,208950],[54,0],[7,-29],[-17,-86],[-54,-14],[-130,-3],[-64,17],[13,31],[40,17],[51,-8],[3,68],[69,30],[28,-23]],[[352066,343632],[-13,40],[-30,22],[-59,3],[20,50],[-5,120],[-15,40],[23,57],[116,24],[69,38],[34,50],[-12,36],[15,24],[-23,75],[71,81],[38,76],[42,43],[7,75],[-23,65],[22,61],[54,-5],[60,-45],[70,-112],[-68,-77],[-14,-68],[-55,-53],[-45,-75],[-77,-146],[-82,-126],[-14,-36],[-4,-71],[19,-31],[0,-77],[19,-12],[-6,-58],[-80,26],[-54,-14]],[[535553,209797],[-129,-311],[-92,-242],[-139,-375],[-138,-428],[-42,-154],[-120,-515],[-61,-325],[-41,-295],[-9,-139],[2,-133],[10,-47],[-38,-24],[-78,-11],[-81,-28],[-44,40],[29,40],[63,-22],[19,23],[21,139],[-118,-23],[-21,-30],[-1,-44],[-40,-58],[65,-72],[-23,-19],[-133,-66],[-93,-2],[-87,28],[-50,40],[-27,42],[6,62],[-12,68],[-80,110],[-71,55],[-9,33],[93,55],[26,130],[-72,133],[62,170],[-35,52],[15,44],[119,65],[39,46],[86,51],[26,29],[17,60],[-72,130],[-16,61],[-34,59],[-47,38],[-1,44],[-22,69],[4,28],[40,35],[34,86],[10,67],[-27,94],[22,105],[-41,26],[-5,41],[35,21],[-29,56],[3,94],[14,56],[4,95],[-36,141],[15,87],[-6,92],[37,93],[-2,66],[-34,66],[-58,42],[-40,6],[-54,79],[108,91],[25,70],[8,107],[113,16],[70,60],[14,69],[35,73],[-3,17],[36,68],[-6,36],[20,68],[76,213],[7,65],[37,126],[-38,121],[30,125],[28,24],[172,57],[25,-5],[59,-47],[124,-159],[51,-56],[69,-57],[58,-33],[127,-37],[216,-38],[51,14],[41,-10],[68,-40],[95,-24],[67,9],[24,17],[47,-16],[57,-2],[-8,-68],[53,-54],[-5,-29],[-54,1],[-125,-184],[-74,-134],[-61,-136],[-50,-128],[-95,-219]],[[528553,231736],[16,21],[49,-2],[11,-51],[-99,-13],[-19,38],[42,7]],[[530348,215902],[-58,46],[-48,15],[-130,94],[-24,128],[-3,66],[-31,73],[-55,65],[-91,28],[-89,102],[38,115],[4,68],[-12,47],[54,31],[36,42],[24,72],[35,30],[-1,51],[-58,23],[-36,60],[24,43],[-29,72],[-57,34],[-45,73],[33,164],[29,34],[50,27],[59,14],[166,69],[87,48],[83,57],[56,64],[75,21],[15,51],[69,42],[-34,29],[-3,158],[23,17],[-24,107],[-29,45],[42,59],[-15,30],[60,204],[-20,142],[25,40],[23,-66],[-4,-82],[-12,-32],[-39,-191],[-7,-95],[22,-187],[-1,-151],[23,-136],[52,-210],[71,-255],[106,-344],[103,-361],[53,-157],[88,-215],[114,-247],[46,-87],[151,-246],[106,-139],[70,-142],[25,-89],[9,-83],[-14,-41],[-57,-31],[-58,-116],[-37,-13],[-141,-10],[-104,-27],[-115,1],[-47,36],[-32,82],[-20,9],[-25,81],[-1,34],[-40,113],[-34,28],[-78,37],[-35,65],[-64,32],[-51,77],[-43,168],[-5,67],[-87,18],[-77,95],[-29,10]],[[534663,206366],[-22,-82],[-11,-88],[-23,-97],[-36,-197],[-58,-341],[-50,-352],[-23,-184],[-18,-215],[-11,-182],[0,-115],[22,-127],[28,-95],[13,-95],[-23,-19],[-73,26],[-63,157],[26,54],[24,147],[6,75],[-7,48],[-31,74],[-8,64],[16,33],[46,28],[4,75],[-33,38],[-16,50],[-115,119],[-22,4],[-5,67],[24,29],[-35,32],[-15,63],[-8,96],[27,37],[-8,74],[18,48],[97,59],[74,63],[37,50],[40,112],[36,57],[23,77],[9,87],[63,76],[20,71],[-18,59],[-27,28],[29,82],[2,104],[41,-7],[49,-60],[-15,-107]],[[212171,155699],[0,3271],[0,945],[0,7710],[0,5922],[0,16434],[0,11847],[-1,17708],[0,291],[0,9351]],[[212170,229178],[1697,0],[1060,0],[1273,0],[1558,0],[1345,0],[1636,0],[1293,0],[977,0],[923,0],[2798,0],[738,0],[1135,0],[765,0],[1452,0],[1500,0],[2610,0],[213,0],[3605,0],[424,0],[1909,0],[848,0],[1507,0],[3371,0],[911,0],[3119,0],[1485,0],[3817,0],[1061,0],[1142,0],[4553,0],[1940,0],[1563,0],[1125,0],[1553,0],[2438,0],[1526,1],[1425,0],[950,0],[1293,0],[1557,0],[1188,0],[633,0],[1187,0],[1874,0],[1135,0],[712,0],[1108,0],[1320,0],[1161,0],[1702,0],[1464,0],[1763,0],[3093,0],[1636,0],[1346,0],[976,0],[1377,0],[2587,0],[1067,1],[1086,1],[1113,1],[3244,2],[1154,1],[1100,1],[3298,3],[1099,1],[1100,1],[1099,1],[1100,0],[2199,2],[1222,1],[977,1],[1099,1],[1099,1],[2199,2],[1098,1]],[[370023,73428],[-53,1],[-267,31],[-33,10],[-134,-8],[-146,12],[-207,55],[-134,5],[-67,-5],[-174,-37],[-152,69],[-146,35],[-114,21],[-75,3],[-233,-18],[-101,-39],[-46,-44],[-118,29],[-120,18],[-77,-4],[-110,-44],[-108,-101],[-79,3],[-22,-14],[-92,19],[-69,-32],[-40,6],[-78,48],[-127,3],[-110,28],[-54,5],[-164,-35],[-108,-31],[-8,-33],[-56,21],[-73,10],[-62,-15],[-67,9],[-84,-34],[-57,11],[-43,-10],[-31,50],[-57,25],[-134,94],[-2,39],[-39,35],[-124,18],[-45,16],[-71,-32],[-39,10],[-36,97],[-110,38],[-40,27],[-181,40],[-35,2],[-79,-56],[-48,-5],[-38,28],[-16,38],[-71,29],[10,101],[-63,70],[-48,23],[-68,14],[-82,-5],[-126,46],[-114,77],[-110,53],[-116,33],[-37,38],[-73,38],[-79,135],[-81,81],[-36,51],[-51,44],[-69,36],[-52,9],[-33,41],[-113,31],[-55,48],[-49,72],[-77,31],[-20,40],[-107,29],[-89,34],[-57,-16],[-109,36],[-84,-10],[-1,47],[-28,22],[-74,-8],[-120,111],[-29,6],[-79,-35],[-15,46],[28,16],[-60,74],[-25,72],[-26,29],[-61,27],[-84,9],[-55,146],[-101,103],[-25,46],[-18,116],[-34,93],[-74,126],[-152,195],[-29,72],[-95,139],[-59,-3],[16,37],[-32,59],[18,49],[-52,95],[-54,53],[-3,37],[-32,63],[-98,120],[-44,102],[-52,78],[-62,64],[-69,151],[-113,139],[-1,26],[-45,77],[-188,251],[-99,115],[-154,192],[-140,154],[-166,165],[-78,65],[-126,137],[-192,180],[-61,49],[-67,71],[-60,39],[-90,77],[-73,20],[-53,64],[-88,53],[-78,20],[-37,54],[-72,43],[-79,14],[-38,73],[-25,-16],[-47,20],[-76,53],[-53,50],[-84,8],[9,33],[-36,85],[-35,19],[-2,32],[78,-25],[31,-41],[114,35],[44,36],[30,60],[17,123],[-37,110],[-106,145],[-49,48],[-140,105],[-68,34],[-79,55],[-215,100],[-40,29],[-97,121],[-121,113],[-69,30],[-59,40],[-97,28],[-136,26],[-94,-13],[-65,-20],[-67,-68],[-5,-76],[20,-28],[-68,-31],[-44,49],[-80,21],[-23,-29],[-40,84],[-3,81],[-93,79],[-33,-2],[-47,44],[-39,12],[-36,44],[-127,110],[-24,46],[-76,93],[-58,26],[-92,-1],[26,48],[-18,56],[-48,64],[-92,77],[-123,65],[-8,55],[-65,106],[-130,141],[-58,71],[-92,51],[-120,78],[-61,58],[-18,51],[-81,133],[-79,100],[-59,55],[-22,80],[-57,83],[-79,63],[-42,17],[-94,-2],[-14,27],[32,44],[-17,29],[-48,13],[-38,55],[-76,38],[8,42],[-83,73],[-39,4],[8,41],[-52,72],[-59,31],[10,19],[-27,69],[-60,54],[-39,19],[2,41],[-57,45],[-38,55],[-8,61],[-30,11],[-35,49],[-43,24],[-21,103],[-38,46],[-39,86],[-42,41],[-27,4],[-3,77],[-54,19],[-21,68],[-37,11],[-4,40],[-30,19],[-61,109],[-14,45],[-116,162],[-92,49],[-35,54],[-102,89],[39,35],[16,65],[-27,71],[39,39],[-4,94],[53,-7],[8,-34],[46,-34],[75,-12],[34,13],[201,-45],[47,3],[44,26],[67,67],[72,148],[25,115],[-8,154],[-55,180],[-44,91],[-72,110],[-88,104],[-122,103],[-85,34],[-44,-16],[-119,46],[-40,4],[-58,160],[-11,94],[8,51],[-8,63],[45,88],[-4,61],[14,81],[-14,55],[-77,99],[-35,30],[-44,63],[-114,110],[-132,82],[-83,71],[-57,28],[-51,41],[-55,26],[-116,89],[-102,93],[-85,113],[10,77],[34,49],[24,86],[79,0],[37,12],[84,-1],[74,13],[151,76],[63,26],[86,54],[128,121],[65,36],[104,27],[79,56],[50,14],[185,69],[117,30],[73,27],[125,73],[140,160],[112,48],[48,45],[91,68],[67,94],[23,48],[102,70],[40,39],[86,123],[55,104],[45,103],[12,95],[43,180],[23,54],[42,191],[32,196],[9,216],[-2,191],[12,112],[1,134],[-17,269],[-14,124],[-84,332],[-119,415],[-46,124],[-83,251],[-30,73],[-11,56],[-115,313],[-36,118],[-26,56],[-83,217],[-161,447],[-67,150],[-111,266],[-60,131],[-52,88],[-119,249],[-56,88],[-109,197],[-134,278],[-66,121],[-56,135],[-100,183],[-64,128],[-27,37],[-72,153],[-42,74],[-75,160],[-67,91],[-34,68],[-82,117],[-26,64],[-75,119],[-47,91],[-82,114],[-84,131],[-118,199],[-99,175],[-104,158],[-133,181],[-63,102],[-60,77],[-174,252],[-47,59],[-115,167],[-153,210],[-415,528],[-117,144],[-363,427],[-169,189],[-346,377],[-265,261],[-90,94],[-124,118],[-65,73],[-134,129],[-129,134],[-72,66],[-50,61],[-314,286],[-91,93],[-409,365],[-282,246],[-259,210],[-142,126],[-346,278],[-71,62],[-255,188],[-121,96],[-370,280],[-140,82],[-128,100],[-165,116],[-67,41],[-267,188],[-240,155],[-158,109],[-275,177],[-274,165],[-170,113],[-183,110],[-146,80],[-162,101],[-288,153],[-48,32],[-144,75],[-197,108],[-200,100],[-189,103],[-119,56],[-416,182],[-291,139],[-256,79],[-111,43],[-403,146],[-109,35],[-53,27],[-349,109],[-311,83],[-391,75],[-264,28],[-89,5],[-64,-19],[-28,-22],[-73,-26],[-80,-56],[-6,-43],[39,-13],[-57,-72],[-77,-4],[-13,-64],[-78,22],[-194,1],[-243,-40],[-74,-33],[-107,-24],[-81,-86],[10,-82],[-83,-12],[-88,-52],[-7,-44],[-35,-27],[-102,-106],[-40,-30],[-26,-68],[12,-33],[96,-45],[3,-40],[-25,-26],[-49,25],[-115,-34],[-15,-23],[-88,-40],[-25,-26],[3,-41],[-95,-8],[-80,-22],[-72,-37],[-72,-70],[-20,-39],[-115,-85],[-87,-47],[-109,-95],[-38,-13],[-53,-52],[-107,-4],[-16,20],[-127,45],[-162,39],[-143,15],[-53,-32],[-62,9],[-7,23],[-114,27],[-56,-3],[-73,-27],[-72,29],[-95,0],[-41,-9],[-125,22],[-132,-56],[-75,-66],[-67,-23],[-213,11],[-56,-7],[-26,19],[-94,-2],[-137,-22],[-29,-22],[-105,28],[-187,1],[-97,7],[-157,-2],[-68,8],[-205,4],[-77,7],[-61,-18],[-98,-8],[-58,18],[-105,-7],[-58,-21],[-75,-6],[-141,-108],[-150,-70],[-43,9],[-37,-33],[-71,-32],[-66,3],[-55,-32],[-71,15],[-97,-34],[-74,-10],[-53,12],[-121,-25],[-80,5],[-79,27],[-28,-13],[-78,35],[-84,-3],[-105,38],[-17,51],[-69,-9],[-84,36],[-16,37],[-41,-3],[-32,35],[-115,18],[-50,66],[-87,35],[-24,51],[-41,19],[-131,8],[-80,64],[-23,35],[6,79],[-5,96],[-22,90],[29,40],[132,68],[34,33],[89,137],[37,119],[69,150],[73,83],[79,77],[48,15],[94,92],[66,44],[6,36],[87,50],[59,53],[42,88],[49,13],[189,-42],[59,-30],[77,4],[65,42],[174,91],[19,26],[68,1],[71,13],[66,41],[142,67],[32,-4],[113,90],[127,57],[234,157],[48,36],[55,13],[57,31],[52,53],[53,79],[81,158],[74,91],[87,143],[45,51],[49,109],[36,31],[52,151],[56,73],[89,89],[83,29],[47,42],[107,57],[54,62],[108,34],[10,16],[127,44],[40,-25],[50,36],[86,29],[124,2],[77,16],[58,28],[82,62],[151,82],[62,4],[42,22],[34,110],[39,67],[10,42],[14,280],[-6,87],[-33,192],[-30,75],[-4,86],[19,94],[89,28],[100,69],[44,64],[6,151],[14,18],[65,11],[29,72],[-7,127],[-25,129],[44,100],[-3,107],[-21,158],[-31,82],[11,44],[-28,103],[3,73],[50,51],[-10,163],[-29,47],[0,42],[39,37],[-13,73],[12,34],[-10,106],[-15,47],[41,80],[6,65],[57,71],[19,55],[56,72],[167,133],[25,47],[-4,77],[21,56],[75,127],[33,111],[45,103],[91,74],[29,70],[-3,74],[-41,130],[-37,143],[-6,84],[-22,132],[13,50],[0,65],[-16,66],[23,6],[-8,73],[-19,55],[-44,75],[-5,38],[-64,150],[-31,86],[-24,118],[-100,338],[-34,147],[-45,130],[-12,64],[-43,121],[-29,130],[2,146],[46,124],[51,78],[27,68],[43,74],[18,102],[-9,118],[-20,71],[-84,9],[50,65],[-99,99],[127,160],[116,72],[111,25],[82,-25],[36,-21],[26,-64],[-33,-112],[-33,-142],[-9,-120],[28,-93],[-9,-137],[-68,-103],[-6,-157],[-34,-31],[-81,-10],[-18,-43],[19,-73],[23,0],[-14,74],[117,47],[23,69],[14,101],[24,34],[58,122],[3,65],[53,-15],[289,-62],[-17,48],[79,47],[52,52],[33,85],[-36,69],[5,76],[-49,48],[-64,124],[15,39],[-13,44],[15,27],[-36,103],[-64,91],[-55,43],[-49,93],[-32,33],[-96,58],[-31,33],[-94,46],[-205,75],[-8,24],[-93,82],[-37,68],[-98,67],[-1,48],[-46,25],[-99,-13],[-52,80],[-71,46],[4,48],[-63,4],[-84,82],[-76,32],[-51,65],[-53,30],[-8,53],[59,72],[24,59],[63,-16],[55,5],[-9,57],[-30,56],[-132,205],[-80,102],[-50,28],[-58,-26],[-39,33],[-28,51],[21,21],[-23,77],[-87,114],[-86,8],[-75,21],[-53,53],[-82,44],[-54,48],[-71,9],[-73,72],[-58,16],[5,40],[-36,14],[3,45],[-76,70],[-51,25],[-40,73],[7,54],[-45,126],[-65,130],[-127,171],[-59,46],[-169,63],[-74,36],[-65,44],[-85,96],[-82,69],[-95,53],[-81,32],[-102,58],[-53,49],[-37,56],[-48,158],[-1,44],[20,46],[-46,269],[-14,44],[-65,125],[-37,100],[-23,136],[-96,214],[-165,200],[-33,56],[28,73],[43,159],[4,52],[-54,209],[2,66],[-61,163],[-68,84],[-46,32],[-86,90],[-115,201],[-44,57],[-36,25],[-77,29],[-89,2],[-40,-24],[-117,12],[-119,-22],[-43,7],[-96,49],[-33,51],[37,53],[121,18],[60,32],[-1,39],[34,45],[9,83],[24,63],[-28,14],[18,71],[-9,59],[-34,56],[11,56],[-53,14],[-18,38],[3,69],[-172,227],[-54,25],[-80,23],[0,52],[-43,37],[-3,38],[-27,34],[-57,37],[0,30],[-63,77],[-32,8],[-57,88],[-48,24],[-14,31],[-42,24],[-11,94],[-34,50],[-125,75],[-54,18],[-166,-19],[-117,-91],[-26,-93],[-61,-58],[-32,-67],[-45,-44],[-20,-54],[-108,-71],[-31,-46],[-22,-61],[-57,-74],[-55,-132],[-33,-96],[-23,-184],[-26,-77],[-54,-31],[-71,-23],[-68,-54],[-51,-65],[-46,-106],[-20,-99],[-27,-52],[-4,-73],[261,-298],[4,-46],[-21,-50],[-19,-129],[-34,-88],[14,-39],[-32,-84],[7,-79],[-35,-126],[-55,-129],[-16,-61],[-26,-34],[-118,-118],[-133,-117],[-194,-124],[-99,-72],[-30,-32],[-129,-84],[-82,-66],[-23,-33],[-115,-118],[-120,-97],[-77,-99],[-56,-62],[14,-71],[-75,-134],[-11,-65],[11,-63],[-15,-44],[-70,-118],[-4,-54],[-42,-32],[-34,-65],[-21,-111],[22,-49],[-115,-122],[-35,-61],[3,-34],[-31,-63],[25,-60],[-27,-79],[16,-84],[-8,-179],[-33,-95],[0,-154],[15,-25],[-107,-179],[-10,-58],[6,-168],[43,-67],[86,-68],[91,-40],[192,-43],[-71,-85],[-8,-138],[-71,-92],[-43,-21],[-88,-63],[6,-44],[-57,-118],[-3,-42],[-68,-82],[13,-103],[20,-46],[13,-70],[6,-127],[-48,-77],[1,-87],[-40,-37],[-31,-83],[-39,-70],[15,-42],[-27,-91],[-12,-87],[6,-70],[-28,-102],[-39,-111],[35,-51],[-40,-25],[-41,-2],[-15,-46],[8,-36],[33,-37],[54,-12],[-25,-35],[-121,-113],[-13,-39],[-44,-59],[-119,-102],[-24,-33],[-93,-71],[-5,-45],[-47,-66],[-30,-66],[-20,-136],[-29,-40],[-45,-28],[-66,-112],[-32,-75],[-47,-59],[2,-31],[-29,-75],[-69,-104],[-23,-64],[-15,-86],[-22,-65],[11,-102],[-4,-51],[35,-41],[77,-34],[-33,-35],[-139,-82],[-42,-77],[11,-40],[-51,-60],[-18,-68],[4,-87],[-52,-51],[-12,-41],[-33,-20],[-41,-53],[-48,-93],[-25,-75],[-61,-95],[-32,-68],[-9,-69],[-33,-50],[-10,-52],[20,-103],[31,-61],[10,-132],[-6,-56],[19,-79],[21,-39],[-6,-77],[-75,-56],[-58,1],[-145,36],[-58,-9],[-111,-38],[-43,-45],[137,-253],[49,-20],[59,-59],[33,-82],[9,-48],[-11,-60],[-57,-98],[-11,-42],[11,-39],[149,-95],[53,-11],[4,-35],[-111,-47],[-99,-61],[-21,-42],[-125,-67],[-186,-49],[-94,-11],[-74,-37],[-105,-37],[-123,-86],[-40,-62],[5,-22],[-36,-67],[-15,-72],[-60,-33],[-82,-6],[-18,15],[-100,-13],[-51,12],[-65,-8],[-18,15],[-67,-9],[-52,16],[-67,-25],[-51,39],[-41,47],[-95,32],[-49,32],[-20,39],[-103,93],[-79,50],[-112,42],[-146,104],[-52,4],[-140,80],[-103,43],[-100,51],[-106,27],[-138,19],[-86,-4],[-53,16],[-63,-7],[-85,-58],[-46,-13],[-81,17],[-110,87],[-247,88],[-132,51],[-99,21],[-126,11],[-276,2],[-74,-4],[-132,-41],[-114,-75],[-139,-53],[-285,-123],[-158,-91],[-123,-83],[-111,-124],[-46,-92],[3,-59],[30,-84],[-109,-28],[48,-19],[-54,-35],[-89,1],[-189,34],[-107,-3],[-63,-36],[-47,6],[-65,28],[-86,10],[-115,49],[-73,2],[-52,20],[-95,6],[-291,-71],[-51,-50],[-158,-75],[-42,-29],[-99,-90],[-23,-34],[-78,-76],[-29,-46],[-91,-95],[-53,-79],[30,-65],[-36,-44],[-8,-118],[16,-34],[-32,-17],[-58,17],[-28,-31],[-58,-5],[-29,-52],[-64,5],[-59,-23],[-68,3],[-32,-34],[-92,8],[-61,-18],[-33,-37],[-43,-5],[-48,20],[-111,19],[-134,41],[-132,-33],[-96,50],[-99,63],[-28,-5],[-84,42],[-127,29],[-56,-25],[-299,73],[-164,18],[-89,-5],[-183,3],[-189,-24],[-51,-33],[-92,-39],[-36,-51],[-46,-20],[-33,-41],[-27,-76],[7,-44],[27,-38],[-123,-13],[-44,-18],[-45,-117],[23,-10],[-16,-66],[-130,5],[-79,-9],[-68,-19],[-34,-69],[17,-23],[-30,-32],[23,-49],[-34,-14],[-46,16],[-122,-18],[-65,-35],[-50,9],[-102,-20],[-118,19],[-47,-4],[-45,-41],[8,-53],[-90,-73],[-57,24],[-41,-45],[-58,89],[-103,85],[-126,-17],[-70,72],[-66,10],[-36,47],[9,40],[-52,85],[-147,169],[-51,69],[-57,26],[-40,53],[48,0],[63,-20],[45,47],[-3,33],[-33,55],[87,-1],[55,21],[53,54],[10,43],[-8,86],[-47,80],[32,78],[3,40],[-16,93],[30,89],[76,-29],[60,10],[57,-7],[64,-27],[83,29],[53,30],[74,12],[25,30],[81,27],[39,36],[19,42],[6,208],[59,60],[81,35],[102,14],[82,101],[10,31],[74,27],[57,-5],[49,29],[101,143],[28,146],[-5,88],[-19,45],[75,17],[74,91],[15,60],[78,61],[16,36],[-7,82],[-18,63],[-53,132],[-126,235],[-126,188],[-76,25],[32,63],[105,39],[39,1],[36,73],[7,43],[31,37],[92,-1],[107,67],[46,57],[38,67],[16,98],[-9,128],[-31,30],[14,100],[32,72],[19,74],[-11,64],[59,26],[-20,31],[2,70],[57,16],[-8,23],[100,26],[29,27],[33,-19],[40,28],[59,67],[133,78],[36,31],[23,84],[-21,102],[-34,58],[-15,52],[17,23],[48,-2],[34,26],[48,-78],[53,-6],[149,-2],[44,-19],[121,-23],[69,-56],[145,-77],[168,-59],[88,-13],[129,-3],[295,13],[200,18],[118,-13],[83,5],[158,32],[197,75],[148,48],[118,61],[86,10],[127,-32],[168,-18],[130,13],[143,40],[62,55],[53,2],[52,-27],[53,7],[108,36],[117,12],[39,-26],[48,-4],[93,-52],[45,-71],[29,-102],[82,-90],[24,-45],[73,-49],[89,-34],[59,-11],[151,5],[140,19],[58,-4],[14,-32],[54,-18],[9,-109],[48,-58],[58,-41],[115,-36],[77,-15],[125,26],[147,49],[180,78],[160,93],[106,71],[111,94],[66,65],[73,85],[37,66],[73,201],[9,66],[-6,63],[7,85],[-16,64],[10,120],[27,148],[-14,50],[-2,109],[23,153],[0,118],[-10,48],[30,126],[54,139],[68,108],[34,89],[39,150],[21,134],[4,180],[47,161],[43,126],[30,32],[12,41],[9,114],[17,66],[13,112],[-1,139],[32,49],[-7,63],[42,56],[28,10],[36,58],[65,151],[14,147],[32,164],[-6,300],[-27,228],[-63,121],[-26,82],[-46,89],[-101,120],[-14,94],[-16,42],[-39,28],[22,25],[-48,133],[-81,85],[-24,101],[8,37],[44,1],[45,137],[27,29],[7,122],[31,28],[6,43],[-23,95],[12,24],[-21,149],[-29,52],[3,35],[49,39],[2,37],[-30,83],[-49,67],[-45,21],[-126,96],[-51,-2],[-37,-30],[-91,-14],[-63,-49],[-58,-77],[-34,-132],[-17,-18],[-8,-89],[-46,-53],[-109,-94],[-14,-37],[-63,25],[-33,62],[-61,81],[7,68],[-17,43],[36,83],[42,-10],[98,47],[58,58],[28,59],[51,61],[8,49],[27,31],[27,92],[27,41],[13,64],[-13,65],[30,48],[87,20],[56,-57],[82,-3],[104,45],[62,82],[47,134],[24,122],[-6,76],[26,286],[66,124],[44,109],[39,24],[48,63],[26,129],[-10,76],[18,43],[-24,150],[-33,65],[12,19],[11,121],[-17,95],[69,50],[-6,40],[-35,67],[2,160],[21,68],[-17,104],[-61,123],[-70,97],[-2,58],[-86,173],[-58,64],[-53,34],[-141,180],[-57,109],[-36,141],[-35,58],[-32,26],[-36,64],[10,51],[32,1],[26,43],[64,5],[77,-18],[90,-53],[102,-5],[180,48],[153,-52],[38,3],[106,34],[62,44],[48,95],[12,60],[11,143],[34,54],[41,38],[75,37],[37,46],[41,80],[16,65],[-1,93],[10,17],[83,11],[80,118],[11,74],[62,77],[58,126],[-23,128],[-26,64],[-58,86],[-92,99],[-103,72],[-87,9],[-57,38],[-36,53],[79,33],[43,78],[147,-11],[96,58],[34,62],[-16,79],[50,82],[48,27],[101,23],[35,47],[9,67],[107,106],[61,87],[141,110],[38,-7],[110,72],[75,19],[81,34],[36,45],[41,13],[9,112],[-27,139],[-50,94],[-34,4],[-65,46],[-31,0],[-80,78],[-24,6],[-89,61],[0,34],[56,50],[45,22],[13,29],[87,49],[38,73],[17,7],[75,109],[72,60],[21,34],[79,79],[41,73],[116,70],[83,76],[61,20],[61,40],[22,30],[60,46],[106,115],[40,16],[27,34],[70,36],[74,56],[90,43],[223,158],[81,84],[87,211],[19,130],[24,51],[76,62],[33,42],[72,123],[65,80],[78,48],[35,45],[76,63],[51,63],[84,53],[55,15],[69,61],[57,26],[54,-4],[109,104],[16,71],[47,40],[44,16],[-11,39],[31,28],[57,8],[-12,51],[91,26],[19,76],[57,45],[40,53],[44,22],[46,-9],[80,31],[130,100],[56,53],[52,71],[18,51],[72,144],[51,24],[2,61],[36,42],[85,31],[66,41],[27,43],[163,26],[122,-5],[66,-11],[25,-64],[41,-63],[-151,-225],[-37,-25],[-72,10],[-12,24],[14,71],[-15,10],[-6,70],[-26,20],[-30,-164],[-19,-56],[-45,-50],[4,-69],[71,-28],[141,20],[20,19],[61,6],[42,18],[36,41],[69,121],[-18,51],[28,41],[30,178],[64,123],[16,97],[-23,224],[23,46],[119,-18],[-21,-35],[56,-24],[0,-44],[23,-83],[0,-46],[146,3],[49,-34],[38,46],[4,40],[46,9],[-13,35],[16,42],[68,16],[4,37],[-39,49],[28,44],[-79,58],[-32,-1],[-21,-47],[-52,-25],[-139,22],[-99,-17],[-54,22],[-27,58],[21,55],[11,122],[-5,64],[16,97],[18,26],[66,12],[-61,37],[2,51],[-56,26],[-82,86],[-46,107],[5,142],[-63,88],[-23,54],[-59,67],[-95,177],[-22,68],[-10,88],[-55,22],[-54,63],[-26,11],[-75,95],[-11,41],[-44,29],[-40,56],[-63,40],[-75,75],[-66,106],[3,80],[15,41],[27,133],[2,156],[28,48],[83,27],[11,51],[42,-14],[-38,86],[17,54],[-6,125],[-22,52],[-8,75],[-20,47],[-75,78],[-23,2],[17,-88],[-7,-45],[-39,16],[-14,41],[15,24],[-74,38],[-39,-1],[-40,-51],[45,-3],[35,-25],[-54,-18],[-10,-50],[-63,1],[-55,33],[-123,125],[11,69],[41,50],[-49,67],[-26,-19],[-74,10],[-126,96],[-82,93],[-29,22],[-64,99],[-19,52],[3,110],[19,67],[46,50],[70,18],[71,93],[-73,47],[27,78],[42,68],[17,89],[34,19],[32,48],[26,121],[49,67],[77,1],[26,-19],[9,-45],[79,30],[-35,90],[26,59],[95,40],[65,41],[64,26],[76,52],[63,31],[83,5],[92,33],[38,50],[68,31],[40,0],[49,34],[50,-10],[2,-66],[130,-2],[98,37],[71,83],[41,95],[37,36],[90,-13],[75,-34],[18,-37],[58,26],[-49,106],[48,13],[83,-2],[57,21],[23,38],[80,46],[141,19],[31,43],[51,32],[85,80],[58,11],[30,-20],[1,-57],[-31,-7],[-12,-43],[-32,-40],[90,-65],[64,-61],[-5,-103],[23,-39],[-3,-45],[-36,-111],[21,-37],[72,-37],[76,9],[45,37],[11,37],[54,63],[-9,22],[-58,-17],[-33,-36],[-31,-67],[-45,-13],[-57,46],[-1,39],[23,43],[15,112],[25,41],[110,54],[-96,36],[7,32],[48,29],[69,3],[71,27],[166,106],[32,78],[31,30],[24,120],[-6,52],[-61,36],[-17,30],[-157,79],[-45,-51],[-109,14],[-4,44],[72,48],[74,-11],[10,45],[65,36],[-4,44],[55,-13],[13,40],[-53,138],[-114,176],[-40,71],[-27,89],[-125,200],[-54,49],[-195,111],[-185,62],[-31,-19],[-87,22],[-71,32],[-79,-15],[-150,109],[-25,26],[5,80],[25,23],[8,44],[41,68],[-41,14],[18,88],[-25,19],[-45,78],[-15,53],[-60,103],[-46,103],[-27,79],[-2,66],[-22,172],[-52,143],[-5,84],[-52,185],[-14,97],[-56,205],[-41,85],[-70,101],[-13,54],[-38,32],[-10,139],[-54,109],[-29,103],[-43,316],[8,76],[-6,74],[12,169],[32,74],[62,-16],[83,19],[0,30],[-43,86],[47,36],[56,-20],[38,-39],[45,-2],[28,-27],[95,-6],[75,25],[-16,55],[40,21],[-24,34],[-80,64],[-90,27],[-122,62],[-47,76],[-121,93],[-145,46],[-29,21],[-29,94],[-59,42],[-63,19],[-137,27],[-92,26],[-121,46],[-173,97],[-33,6],[-36,47],[59,12],[11,31],[52,28],[83,-10],[86,9],[45,60],[9,73],[32,5],[29,47],[-23,152],[-105,79],[-42,69],[-19,6],[-10,64],[8,64],[-58,18],[-3,-33],[-52,-19],[-24,55],[-94,19],[-78,37],[-5,27],[-97,98],[-52,42],[-55,24],[-57,83],[-34,-9],[-19,58],[-39,36],[-9,46],[69,97],[80,44],[55,90],[17,57],[53,39],[13,-94],[76,-49],[-17,61],[-6,95],[75,35],[-42,78],[-42,45],[-50,23],[-21,33],[-56,30],[-94,22],[-18,-15],[-72,10],[-37,-20],[-100,25],[-86,8],[-83,54],[2,50],[-16,53],[10,24],[-8,70],[43,12],[15,37],[-17,53],[-90,58],[-31,-12],[-99,11],[-6,39],[32,92],[20,2],[-10,105],[-16,-1],[-122,127],[-21,68],[115,68],[38,38],[16,88],[-30,59],[-81,96],[-29,20],[-29,92],[31,94],[61,61],[9,31],[-46,97],[-60,-10],[72,-47],[19,-28],[-2,-43],[-54,-34],[-28,-84],[-45,-55],[-4,-27],[27,-76],[38,-42],[77,-65],[5,-84],[-23,-57],[-56,-48],[-62,-17],[-19,-47],[-1,-53],[90,-127],[35,-31],[-18,-35],[-73,-84],[-16,-69],[-52,-75],[2,-78],[39,-55],[9,-66],[45,-83],[21,-64],[-3,-55],[-31,-52],[62,-52],[-10,-36],[12,-81],[40,-123],[14,-167],[-22,-160],[-19,-20],[14,-91],[-37,-62],[-3,-78],[-33,-144],[-48,-116],[7,-54],[-13,-27],[25,-34],[-39,-73],[10,-39],[-31,-46],[5,-52],[53,-69],[23,-60],[-13,-16],[22,-70],[-11,-30],[-69,-42],[-26,-65],[4,-70],[26,-25],[1,-113],[157,21],[49,38],[68,19],[12,27],[70,2],[56,-29],[21,-50],[46,-26],[-7,-30],[24,-49],[38,-27],[43,-5],[83,-80],[30,-81],[74,-76],[-4,-108],[-90,-40],[-22,-100],[-30,-20],[-15,-124],[-14,-55],[36,-43],[-3,-53],[16,-46],[49,-38],[11,-46],[-21,-37],[0,-59],[26,-52],[-17,-81],[17,-60],[21,-17],[0,-74],[40,-52],[0,-56],[16,-100],[-42,-59],[32,-35],[-60,-46],[-26,-39],[-69,-41],[31,-28],[4,-46],[-66,-5],[-53,-35],[41,-75],[-4,-31],[35,-61],[-5,-42],[21,-28],[-2,-55],[-60,-81],[-17,-126],[-44,-78],[-44,-6],[-64,28],[-128,4],[-52,43],[-76,-10],[-41,41],[-66,-27],[4,-26],[-31,-38],[-27,-93],[10,-62],[38,-82],[34,-42],[-7,-26],[28,-94],[120,-190],[94,-107],[46,-114],[31,-31],[9,-71],[33,-99],[44,-54],[-35,-6],[-50,25],[-3,25],[-54,22],[-72,-16],[-81,9],[-63,50],[-26,-23],[19,-60],[-163,4],[-225,45],[-110,17],[-3,37],[-54,77],[-41,44],[-19,55],[-96,24],[-42,22],[-67,62],[-9,43],[-60,33],[-94,24],[-152,24],[-137,46],[-19,17],[-95,-28],[-50,-2],[-44,-22],[-64,-2],[-46,-44],[-49,-2],[-55,-70],[-144,-69],[-104,-63],[-40,-46],[-67,-109],[-17,-39],[-93,-118],[-7,-38],[22,-69],[19,6],[46,70],[25,-14],[-75,-123],[48,-17],[9,-25],[-24,-42],[-86,-40],[-45,34],[-38,-11],[-19,-35],[9,-44],[42,-54],[45,-17],[36,-54],[-29,-42],[-53,-25],[-211,-57],[-50,-41],[-6,-36],[-71,-10],[-28,-31],[39,-39],[-50,-32],[-39,-8],[-15,-85],[-35,-37],[-39,-17],[-31,-60],[-65,-58],[-72,-33],[-34,-53],[54,-22],[11,-21],[-79,-72],[-96,-10],[-54,-32],[-19,-46],[-60,-12],[-96,-65],[-130,-18],[-50,-43],[5,-52],[-53,-6],[-7,-31],[-108,-37],[21,-26],[-147,-2],[-103,-53],[-65,4],[-55,-40],[-3,-49],[-74,-12],[-42,-41],[-32,-87],[-54,-75],[14,-52],[-23,-31],[19,-47],[5,-76],[-6,-81],[-39,-49],[-12,-58],[12,-21],[-9,-86],[15,-49],[-30,-47],[-1,-92],[11,-42],[-15,-48],[9,-73],[-35,-53],[-52,-48],[6,-34],[-17,-67],[-98,-123],[-20,-60],[-104,-99],[-54,-115],[-1,-55],[-40,-55],[-101,-42],[-31,-55],[18,-44],[-61,-17],[-41,16],[-21,-40],[49,-42],[-54,-22],[-47,-59],[-85,46],[1,-46],[58,-2],[-23,-59],[-35,-29],[24,-30],[7,-100],[-40,-95],[-4,-49],[37,-53],[-44,-197],[22,-42],[-1,-54],[19,-41],[-14,-76],[40,-116],[44,-27],[-18,-74],[-82,-92],[-3,-88],[-31,-30],[-4,-46],[-124,-125],[-19,-42],[-47,-60],[-12,-151],[-16,-30],[7,-89],[18,-36],[-51,-20],[-33,-48],[-105,-63],[-128,-91],[-25,-33],[-120,-15],[-5,-40],[-64,-77],[-73,-37],[-53,-82],[-3,-37],[-38,-65],[-29,-22],[-34,-95],[30,-66],[-68,-34],[-52,-42],[-34,-124],[-51,-112],[6,-39],[-26,-50],[39,-47],[-11,-56],[-42,-9],[-44,-123],[-68,-154],[10,-40],[-34,-60],[-82,-39],[-86,-77],[-9,-53],[-72,-170],[-35,-27],[-6,-47],[-32,-101],[-37,-2],[-2,-44],[-121,-157],[-42,-33],[-40,-77],[-24,4],[-68,-61],[-46,-95],[-7,-49],[-89,-126],[-88,-72],[-66,-7],[-91,-29],[-115,-56],[-90,-31],[-64,-89],[-24,-54],[-36,-43],[-63,-38],[-159,-31],[-112,-42],[-90,-21],[-144,-15],[-70,-24],[-83,16],[-28,-8],[-77,10],[-80,0],[-139,-25],[-191,26],[-14,13],[-108,-6],[3,-17],[-98,-6],[-13,-24],[-91,-49],[-41,-9],[-128,-2],[-61,-13],[-34,-23],[-121,-128],[-135,-29],[-91,-11],[-141,-32],[-79,7],[-19,-18],[-268,-184],[-10,-28],[-53,-27],[-74,-62],[-122,-84],[-131,-48],[-70,-39],[-150,-63],[-54,-16],[-60,-39],[-190,-87],[-292,-98],[-130,-80],[-151,-78],[-55,-15],[-88,3],[-11,-20],[-128,15],[-140,1],[-207,-19],[-131,-29],[-53,-67],[-75,-39],[-52,-59],[-85,-76],[-21,-118],[-138,12],[-227,-9],[-134,-17],[-100,-26],[-63,-28],[-83,-54],[-78,-78],[-79,-58],[-104,-57],[-6,-33],[-34,-38],[-99,-61],[-83,-16],[-117,-62],[-10,-42],[-142,-69],[-62,-2],[-103,-32],[-96,-56],[-115,0],[-190,-34],[-135,-70],[-123,-16],[-111,-32],[-51,-39],[-9,-30],[-43,-54],[2,-33],[-77,-25],[-80,-75],[-27,-68],[28,-86],[51,-11],[-22,-55],[21,-32],[-12,-42],[-76,-47],[-54,-7],[-119,-36],[-47,-29],[-28,-73],[-135,-72],[-72,-31],[-90,-68],[-50,-22],[-56,-46],[-133,-78],[-92,-98],[-101,-52],[-102,-39],[-257,-76],[-165,-32],[-129,-12],[-70,-29],[-65,-49],[-36,-7],[-44,-56],[-175,-115],[-92,-51],[-29,-51],[-56,-39],[-80,-75],[-95,-67],[-28,-30],[-109,-75],[-86,-88],[-80,-43],[-71,-56],[-62,-79],[2,-56],[-44,-48],[10,-67],[-60,-43],[-51,-65],[-12,-41],[40,-31],[11,-45],[-34,-64],[7,-59],[71,-58],[-31,-47],[-72,-76],[-11,-53],[-28,-16],[5,-43],[-59,-52],[-39,-18],[-62,-57],[22,-29],[-50,-39],[-9,-52],[28,-52],[-69,-30],[-4,-81],[-28,-12],[-4,-80],[30,-19],[-20,-48],[-97,-27],[-59,-45],[7,-43],[-82,-22],[-73,-41],[-40,-74],[1,-40],[-50,-26],[0,-36],[-46,-21],[-61,-81],[-47,-41],[-54,0],[-15,-72],[-26,-15],[-8,-47],[-55,-35],[6,-22],[-67,-62],[17,-34],[39,-6],[-16,-56],[-37,-26],[8,-27],[-30,-28],[-33,-65],[11,-53],[-33,-73],[-48,-12],[-51,-47],[-88,-129],[-18,-5],[-59,-67],[-45,-36],[-38,-56],[-94,-74],[-83,-91],[-68,-56],[-113,-74],[-114,-109],[-131,-96],[-123,-55],[-59,-12],[-77,1],[-163,14],[-125,-10],[-104,-19],[-98,-33],[-152,-104],[-94,-96],[-53,-79],[-44,-90],[-21,-66],[4,-67],[57,-68],[34,17],[29,-31],[35,-128],[29,-40],[47,-32],[99,-16],[-48,-27],[-76,7],[-40,-16],[-66,-55],[-58,-118],[-40,33],[-58,0],[-20,-50],[-82,-83],[45,-41],[123,2],[34,25],[16,58],[39,18],[67,-10],[2,-55],[39,-51],[-35,-52],[26,-25],[-7,-48],[-44,-34],[-12,-63],[15,-38],[-14,-58],[25,-71],[76,-46],[-130,-81],[-29,-94],[14,-41],[34,-26],[38,8],[17,-48],[-21,-19],[17,-45],[-58,-71],[-14,-60],[8,-36],[-20,-32],[-9,-91],[-54,-36],[-88,-31],[-41,-36],[-10,-46],[35,-23],[6,-36],[-33,-26],[-7,-58],[-55,-50],[-35,-9],[-51,51],[16,24],[-15,95],[71,27],[21,26],[-9,74],[-32,51],[-72,52],[-20,30],[-81,60],[102,69],[8,30],[-26,54],[-39,39],[-32,60],[-80,39],[-64,14],[-50,31],[-75,11],[-137,-1],[-105,-10],[-129,-27],[-33,-18],[-19,-41],[24,-32],[-22,-33],[-71,-36],[-47,-65],[46,-35],[-33,-45],[5,-32],[88,-87],[-64,-15],[-46,94],[-67,12],[-79,-9],[-52,-41],[-57,-26],[-28,-63],[-53,55],[-42,15],[-52,-12],[-5,39],[19,34],[-32,31],[-68,17],[-54,-5],[-115,-35],[-75,-32],[-39,-30],[-114,-57],[-69,-46],[-124,-117],[-31,-46],[-12,-53],[15,-41],[81,-18],[-55,-55],[-89,-21],[-23,-30],[-95,-177],[-15,-61],[-36,-61],[-77,-102],[-26,-61],[-16,-105],[5,-62],[32,-68],[75,-73],[36,-22],[55,-6],[78,48],[41,-19],[58,5],[24,-40],[-26,-22],[-2,-68],[45,-57],[-50,-107],[26,-26],[22,-91],[17,-107],[-58,13],[-66,35],[8,48],[-25,42],[-1,39],[-26,28],[-141,51],[29,95],[-68,49],[-68,22],[-125,16],[-80,-12],[-104,-40],[-112,-60],[-109,-92],[-46,-56],[0,-68],[-25,-48],[-33,-194],[-28,-73],[-2,-56],[16,-43],[6,-191],[-9,-134],[-14,-100],[-2,-117],[21,-37],[68,-38],[85,-16],[169,18],[17,-35],[33,-9],[37,-44],[-35,-86],[-90,-49],[11,-52],[56,-57],[90,-8],[46,34],[-8,-92],[-123,-32],[-46,-87],[-81,-24],[-44,-72],[-59,-24],[-29,69],[19,46],[-4,73],[-90,49],[-55,4],[-84,-24],[-227,-181],[-121,-78],[-135,-118],[-58,-84],[-34,-27],[1,-43],[-61,-34],[-111,-81],[-37,-42],[-13,-52],[29,-28],[81,20],[32,-30],[81,-11],[71,5],[76,-24],[166,-34],[102,-12],[111,20],[48,51],[106,15],[52,17],[28,45],[88,-10],[114,11],[41,-10],[67,7],[58,28],[67,-1],[47,15],[40,59],[30,19],[39,78],[29,0],[46,37],[7,35],[61,-3],[38,17],[57,64],[87,164],[37,7],[77,-27],[76,31],[37,26],[48,2],[43,58],[3,32],[39,7],[-8,-73],[15,-34],[36,-16],[24,-72],[-16,-38],[-3,-106],[90,-32],[100,2],[109,37],[24,39],[-7,44],[53,42],[16,53],[-47,132],[60,83],[0,69],[-60,30],[31,69],[-41,63],[-70,4],[-15,53],[14,23],[58,24],[76,-15],[52,35],[25,-19],[-6,-48],[20,-37],[72,-30],[45,0],[9,-31],[52,-67],[-4,-65],[-17,-34],[68,-55],[-23,-34],[4,-60],[-32,-17],[-11,-35],[-51,-58],[-33,-56],[-18,-69],[-1,-85],[15,-37],[52,-13],[46,-32],[-41,-20],[-41,-47],[-7,-38],[43,-19],[17,-33],[-64,-15],[-37,-115],[-42,-70],[-30,-25],[-14,-49],[-45,-17],[-32,17],[-62,-25],[-82,-59],[-134,-80],[-53,-42],[-42,-66],[16,-47],[-15,-40],[17,-49],[-11,-51],[6,-82],[31,-100],[37,-29],[28,-47],[59,-47],[-22,-43],[21,-46],[31,-5],[27,-36],[-20,-45],[7,-86],[39,-24],[59,7],[48,-46],[-33,-70],[59,-48],[40,-73],[13,-53],[-55,-2],[-33,-46],[-1,-94],[43,-31],[39,-3],[-3,-66],[-51,-49],[14,-119],[21,-10],[67,38],[32,-56],[-5,-55],[38,-91],[25,-15],[-26,-117],[-103,73],[-80,-24],[-42,-100],[-117,-65],[-25,45],[-92,10],[-80,-21],[-25,-66],[29,-108],[-39,-6],[-134,4],[-55,44],[-2,138],[-23,75],[95,58],[-25,74],[-50,20],[-52,-8],[-58,12],[-49,55],[-37,142],[58,70],[-48,59],[-69,39],[-55,12],[1,28],[-131,70],[-216,75],[-77,18],[-92,5],[-28,59],[-103,50],[-90,18],[-48,-36],[-26,-59],[-26,-8],[-38,54],[-8,38],[33,40],[15,47],[-11,58],[13,64],[39,60],[-24,43],[-42,17],[-26,45],[34,34],[-51,23],[-53,77],[-402,169],[-190,61],[-93,9],[-40,18],[-197,24],[-48,15],[-134,16],[-152,7],[-48,-10],[-164,-12],[-96,-19],[-87,-28],[-14,-20],[-111,-28],[-22,-69],[-39,-49],[-3,-54],[14,-109],[-24,-74],[13,-31],[-34,-17],[-20,-75],[27,-45],[-51,-18],[-42,27],[-42,-17],[-37,-62],[-53,-8],[-24,40],[-45,-9],[-56,-56],[22,-36],[48,-24],[51,-64],[-25,-83],[29,-41],[-23,-42],[45,-33],[-22,-42],[-58,-48],[-95,5],[-34,32],[-47,-9],[-79,37],[-131,51],[-46,-13],[-125,15],[-37,-16],[6,-63],[-52,-3],[-18,22],[-81,-17],[-17,-45],[-39,0],[-24,50],[-40,39],[-11,81],[36,21],[-15,45],[29,46],[-60,24],[-14,45],[67,-6],[15,40],[10,109],[-35,38],[-39,9],[7,71],[-55,38],[3,38],[-46,15],[-80,-2],[-13,127],[7,41],[-59,24],[-13,37],[-72,40],[-37,69],[-87,45],[-22,51],[-106,89],[-61,84],[-158,112],[9,28],[-81,41],[17,52],[-79,50],[-76,64],[-16,45],[-103,42],[0,27],[-69,67],[-34,15],[-249,186],[-59,52],[-78,22],[6,43],[-32,24],[-31,60],[36,43],[0,38],[-62,51],[-4,20],[-104,94],[-30,11],[-5,55],[-58,58],[-185,148],[-149,100],[-76,44],[-37,32],[-139,79],[-79,37],[-53,41],[-146,89],[-83,31],[-302,135],[-156,48],[-167,33],[-131,0],[-91,-35],[-118,-73],[-98,86],[46,34],[51,136],[37,-23],[116,0],[79,58],[34,116],[-7,98],[-47,135],[-27,54],[-22,82],[-72,111],[-70,69],[-98,75],[-109,62],[-89,32],[-70,9],[-39,-22],[-26,70],[-76,86],[-17,38],[-69,38],[26,41],[-33,19],[-17,40],[-50,32],[-16,46],[-32,37],[-173,117],[-70,35],[-9,21],[-69,42],[-181,76],[-135,30],[-110,-5],[-86,-18],[-93,-58],[-4,-23],[53,-74],[-108,28],[-77,2],[-52,-33],[-24,21],[-97,0],[-56,14],[-69,-1],[-72,-38],[-33,-40],[-94,-9],[-108,-89],[-50,-55],[16,-46],[-29,-82],[26,-41],[-52,-74],[-99,16],[-34,38],[-58,-33],[-35,44],[-82,2],[-86,-46],[-62,33],[22,61],[39,23],[39,-6],[112,62],[2,106],[17,62],[-20,32],[18,61],[56,35],[26,47],[21,75],[-22,160],[-35,50],[77,65],[75,4],[28,38],[1,133],[-63,47],[24,52],[70,0],[95,100],[84,67],[37,72],[37,30],[69,131],[-12,33],[46,21],[3,25],[75,7],[24,39],[54,-3],[69,98],[15,88],[-5,72],[48,45],[9,54],[132,59],[59,-62],[102,7],[-74,-85],[7,-57],[40,-72],[-4,-43],[19,-28],[-62,-84],[14,-104],[18,-36],[-2,-57],[-19,-54],[36,-42],[-11,-40],[21,-90],[70,-49],[66,-29],[166,-53],[97,-10],[32,-20],[56,-2],[110,-35],[185,6],[96,17],[167,-7],[48,-17],[34,-63],[34,-18],[123,-21],[286,-12],[218,-20],[-62,-31],[-63,5],[-229,41],[-65,1],[-48,-18],[-51,-58],[24,-23],[-76,-60],[-58,-79],[0,-21],[-66,-100],[-18,-67],[46,-19],[4,-33],[40,-47],[67,-48],[58,-24],[94,-18],[62,2],[17,-44],[34,-23],[80,-16],[72,-1],[41,-36],[73,9],[73,-71],[22,-113],[-50,-64],[-31,-65],[-5,-50],[24,-62],[88,-67],[25,-84],[51,-26],[118,-12],[106,14],[45,-14],[84,-5],[43,-44],[51,-6],[-4,-40],[51,-38],[-74,-10],[-49,-46],[-55,48],[29,37],[-117,1],[-60,21],[-60,-3],[-5,-82],[36,-18],[22,-45],[-23,-16],[-50,45],[-55,0],[-31,19],[-29,-35],[48,-33],[168,-32],[88,9],[100,39],[17,24],[66,28],[43,-11],[66,25],[45,-28],[144,29],[70,38],[45,-24],[98,15],[121,44],[48,44],[15,37],[-18,96],[156,20],[28,-13],[2,-51],[120,-38],[38,18],[8,50],[61,28],[156,27],[65,-35],[0,-29],[36,-26],[106,-8],[39,19],[54,106],[-42,56],[7,51],[-80,103],[-99,9],[6,-34],[-27,-33],[-36,-3],[-62,26],[-53,-3],[-44,21],[-86,-10],[-25,34],[-112,34],[-85,61],[-66,2],[-42,-60],[-94,-40],[-32,-71],[25,-27],[110,-45],[106,-23],[44,-22],[30,-36],[87,-35],[-52,-14],[-28,30],[-71,14],[-48,26],[-166,18],[-145,47],[-42,25],[28,93],[49,94],[18,93],[45,62],[23,91],[-10,47],[1,95],[-21,60],[18,30],[-8,57],[-19,21],[-65,23],[-5,32],[110,4],[19,57],[-65,19],[-56,40],[-70,13],[14,27],[-48,23],[-60,-24],[-14,-44],[-35,-31],[13,-30],[-22,-27],[-114,5],[-21,21],[20,81],[-14,43],[50,21],[13,71],[-20,74],[-76,83],[-66,20],[-14,-50],[13,-86],[-30,-7],[-58,-71],[30,-71],[-17,-21],[-51,-3],[-16,-39],[90,-45],[19,-33],[43,-20],[17,-41],[121,-1],[57,15],[53,-46],[-119,-30],[-59,-33],[-24,-35],[4,-44],[61,-47],[0,-37],[-26,-30],[3,-91],[23,-92],[-35,-15],[65,-65],[-53,-38],[-52,5],[-26,23],[-46,-6],[-17,-52],[74,-37],[156,-39],[-34,-26],[-277,28],[-52,58],[25,85],[52,112],[14,67],[28,33],[19,59],[-31,89],[18,50],[-33,38],[-12,83],[-50,41],[-37,92],[-9,51],[-24,36],[-52,3],[-58,56],[-8,122],[23,57],[81,33],[58,35],[50,64],[33,70],[-8,45],[-49,45],[25,112],[-12,61],[-49,53],[8,39],[30,39],[-10,75],[-23,8],[-25,64],[21,98],[-5,64],[-34,36],[-50,0],[-16,66],[-49,35],[-102,-6],[-46,100],[-53,-6],[-29,37],[36,46],[22,72],[-13,76],[18,68],[-10,106],[14,4],[13,112],[-14,35],[-45,47],[-41,7],[-106,107],[44,13],[44,-7],[19,39],[8,75],[-9,109],[-25,13],[51,65],[-9,95],[-35,243],[-29,37],[23,26],[-40,28],[3,52],[-23,20],[-2,92],[-30,22],[18,47],[-16,19],[31,38],[-32,154],[-32,66],[-7,49],[-27,80],[-130,263],[-26,32],[-16,60],[-87,184],[-120,229],[-157,231],[-70,47],[-79,69],[-63,34],[-98,28],[-109,7],[-45,-50],[-35,20],[11,56],[-27,39],[-49,15],[-21,47],[-28,8],[-43,72],[-94,10],[-51,24],[-22,43],[43,82],[76,9],[160,163],[54,19],[87,10],[79,59],[0,45],[-51,32],[4,73],[-10,151],[-23,55],[19,49],[-17,45],[34,34],[31,92],[41,58],[-21,97],[-34,52],[-29,78],[-10,105],[-16,47],[-34,50],[-16,52],[-54,39],[22,39],[69,49],[-28,28],[25,44],[-14,47],[-51,78],[-27,17],[-32,73],[-45,40],[-26,64],[8,29],[-58,95],[-12,52],[-62,65],[-69,103],[-106,120],[-79,102],[-174,165],[-70,55],[-16,28],[-115,113],[-74,42],[-12,41],[10,50],[-33,13],[-33,62],[42,119],[-42,84],[-13,63],[-48,59],[-28,52],[-48,40],[-54,23],[-58,4],[-96,-67],[-34,55],[-59,65],[0,22],[-59,112],[-107,105],[-112,33],[-6,36],[-30,28],[4,33],[-43,53],[-45,32],[-34,3],[-72,38],[-41,42],[-9,37],[-70,36],[-93,72],[-43,-2],[-44,80],[-106,27],[-60,45],[26,48],[-59,-1],[-47,75],[-23,11],[-84,123],[-107,118],[-183,171],[-23,38],[-54,51],[-27,9],[-56,57],[-68,42],[-35,35],[-182,118],[-48,24],[-23,30],[-57,26],[-231,145],[-41,44],[-62,12],[-28,33],[-74,22],[-69,45],[-23,0],[-85,54],[-56,7],[-34,37],[-160,78],[-69,53],[-20,42],[-64,14],[-13,24],[-64,28],[-6,27],[-65,15],[-98,37],[-57,75],[-58,5],[-40,57],[-37,2],[-76,36],[-28,62],[-40,-5],[32,81],[2,46],[26,28],[-16,40],[-88,57],[-108,4],[-63,-55],[-4,-34],[-51,-22],[-88,59],[-21,27],[-70,29],[-31,35],[-106,37],[-19,36],[-49,-9],[-35,49],[35,23],[45,-17],[91,12],[10,31],[11,127],[-38,150],[-6,70],[53,89],[29,27],[60,169],[-2,41],[41,85],[38,34],[15,50],[51,46],[14,37],[2,177],[-17,172],[3,38],[-22,166],[-24,83],[-42,236],[-47,175],[-24,115],[-48,166],[1,41],[-45,148],[-24,40],[-9,55],[-66,185],[-26,102],[-87,215],[-8,35],[-124,246],[-47,129],[-39,64],[-119,250],[-87,10],[-60,33],[-97,72],[6,38],[-39,23],[-62,-6],[-91,20],[-44,29],[-8,52],[-70,-2],[-32,45],[-7,46],[-26,15],[2,45],[-40,59],[-26,14],[-33,60],[-107,126],[-36,27],[-87,43],[-39,8],[-35,37],[-64,28],[-104,21],[-51,-23],[-148,20],[-57,102],[-56,68],[-58,9],[-8,25],[-88,52],[-48,49],[-123,87],[-42,-5],[5,43],[64,-16],[72,-4],[28,11],[44,-30],[58,28],[139,20],[77,68],[151,-29],[-3,-46],[81,-18],[45,6],[24,48],[40,40],[-5,69],[-62,11],[-10,64],[-81,9],[53,58],[40,0],[10,56],[-42,37],[31,44],[-28,72],[-28,1],[-60,114],[-64,81],[-59,48],[-70,20],[-126,-1],[-41,28],[-73,24],[-71,54],[-55,26],[-120,5],[-127,-28],[-154,18],[-33,-10],[-173,93],[-37,12],[-99,71],[-42,22],[-79,72],[-79,32],[-84,-17],[-32,-49],[-104,-102],[-95,-48],[-107,-35],[-65,-41],[19,-67],[54,-52],[78,-103],[58,-39],[-1,-61],[31,-38],[150,-40],[137,-54],[106,-13],[39,24],[44,80],[27,4],[65,-53],[58,-27],[57,23],[42,43],[39,15],[25,37],[1,58],[66,-30],[-3,-83],[55,-57],[-122,-51],[-100,52],[-61,-27],[-6,-25],[38,-30],[18,-60],[51,-53],[-7,-39],[73,-80],[73,-29],[125,50],[24,-24],[118,3],[19,-25],[-8,-46],[-38,-31],[-37,31],[-112,24],[-63,-9],[-47,-36],[17,-20],[-15,-52],[-74,-27],[-15,-48],[12,-24],[-33,-59],[-83,102],[-62,63],[-37,11],[-15,49],[-50,30],[-61,87],[-46,2],[-111,84],[-15,94],[-69,-17],[-31,11],[-19,37],[-57,23],[-24,44],[-49,9],[-44,42],[-43,7],[-65,-12],[-43,-24],[-25,26],[-65,1],[-46,38],[-60,-4],[-35,74],[-43,40],[-75,11],[-23,32],[-65,37],[-37,-12],[-84,40],[-135,96],[-47,47],[-67,26],[-61,-1],[-10,28],[-62,3],[-38,24],[-100,15],[-27,15],[-89,-30],[-40,15],[-19,33],[-125,55],[-105,34],[-35,-30],[-53,13],[-105,7],[-109,-29],[-93,2],[-66,-21],[-51,-48],[-11,-39],[-42,-45],[-71,-10],[-88,-44],[-68,-75],[25,-55],[-32,-10],[-63,16],[-123,-26],[-87,-6],[-3,84],[-16,41],[-18,112],[-32,61],[-19,74],[0,63],[-31,189],[-17,28],[-88,25],[-61,41],[-99,97],[-42,118],[-64,94],[-52,24],[-42,46],[-35,16],[-107,5],[-37,-12],[-57,17],[-96,110],[-88,54],[19,44],[-13,57],[-39,56],[-3,32],[21,48],[112,63],[-13,65],[-39,69],[-80,52],[-52,0],[-50,-20],[-10,33],[46,20],[5,40],[-16,54],[-45,47],[-90,-7],[-10,-23],[-65,-11],[-52,-42],[15,-53],[43,-12],[46,31],[35,-2],[50,-28],[-8,-23],[-73,-31],[-10,-29],[33,-59],[33,-32],[55,-4],[-16,-43],[-75,-26],[-8,-30],[-76,6],[-70,-41],[10,-61],[-26,-98],[24,-138],[44,-60],[114,-95],[70,-68],[-17,-88],[50,-38],[31,-41],[29,1],[74,-51],[35,-10],[51,34],[80,35],[96,11],[52,-81],[67,0],[-17,-38],[-53,-48],[60,-34],[37,-5],[42,-56],[106,-38],[33,-30],[138,-34],[41,17],[41,-37],[57,-82],[2,-30],[-84,-52],[5,-45],[-80,-36],[6,-81],[-31,-73],[15,-24],[-9,-43],[38,-29],[14,-70],[31,-28],[-27,-39],[-99,-47],[-19,-26],[-59,-25],[-99,-16],[-37,47],[-109,22],[0,91],[-100,63],[-82,9],[-70,41],[-3,33],[-90,32],[-12,45],[-25,24],[-94,46],[-41,-9],[-20,27],[-51,-11],[-25,15],[-45,66],[-58,51],[-37,13],[2,43],[49,45],[-4,57],[39,38],[-31,131],[1,83],[-63,149],[36,29],[3,49],[-15,69],[-29,56],[-86,7],[9,46],[-39,37],[-61,145],[-61,40],[4,36],[-29,36],[35,57],[-25,50],[-34,22],[-4,85],[-64,61],[-19,33],[-103,55],[-92,-10],[-101,29],[-116,43],[-102,-3],[-66,-28],[-9,-25],[-45,-27],[44,-50],[-34,-40],[-63,-13],[-54,35],[-36,-11],[10,-38],[-47,-63],[-22,13],[21,47],[-57,94],[-7,38],[-46,-11],[-39,82],[-40,-5],[-52,60],[-53,23],[-47,86],[-65,50],[29,34],[52,11],[54,-14],[84,23],[59,39],[25,-9],[77,33],[59,-25],[120,-17],[73,-31],[51,-9],[44,27],[95,87],[40,87],[25,155],[-5,144],[-45,170],[-47,96],[-108,162],[-146,149],[-56,33],[-176,62],[-66,6],[-143,-36],[-33,-20],[-35,-54],[-5,-33],[23,-42],[53,-21],[-35,-41],[-59,1],[-41,30],[-23,64],[-86,25],[-15,25],[43,24],[-6,60],[-130,145],[-92,28],[-76,1],[-127,-80],[4,-33],[-48,-21],[-29,-46],[-97,15],[-40,-18],[-28,49],[38,42],[-112,34],[-21,52],[-78,14],[-68,49],[80,1],[40,-19],[76,44],[13,73],[26,10],[15,53],[-52,110],[-51,8],[-2,32],[76,17],[153,63],[65,-23],[73,50],[-16,95],[165,-20],[72,16],[34,23],[90,101],[84,29],[21,62],[23,114],[27,7],[15,133],[-58,164],[9,26],[-106,250],[-89,170],[-51,74],[-104,138],[-68,71],[-69,85],[-90,79],[-62,39],[-42,8],[-32,28],[-98,58],[-35,50],[-5,62],[-64,35],[-66,80],[51,42],[-13,18],[107,49],[93,23],[30,35],[125,-28],[44,-35],[38,-2],[17,-37],[127,-50],[92,4],[74,17],[19,-31],[115,24],[201,7],[86,-20],[92,-3],[76,12],[99,31],[84,-7],[83,-52],[97,-20],[126,-14],[45,2],[25,-34],[60,-35],[-143,21],[-84,23],[-108,5],[-85,28],[16,-39],[-44,-11],[-80,9],[-15,28],[-64,10],[-32,-22],[-102,10],[-5,-24],[47,-42],[27,-43],[56,-37],[168,-39],[69,-39],[92,12],[10,-65],[41,-22],[74,-6],[-39,-45],[-2,-46],[-25,-63],[-52,-50],[-12,-65],[20,-52],[40,-48],[5,-48],[-15,-43],[1,-75],[50,-61],[94,-19],[55,22],[51,0],[129,70],[18,51],[103,63],[21,48],[-1,83],[-26,59],[14,51],[37,5],[66,32],[27,54],[-12,76],[28,36],[72,27],[119,81],[94,108],[103,194],[4,62],[54,45],[38,-13],[25,22],[11,66],[70,8],[31,57],[9,62],[-27,57],[-52,-18],[-9,34],[14,73],[85,71],[28,58],[12,100],[-61,80],[-92,24],[-49,96],[11,72],[-22,78],[13,12],[-3,171],[-13,149],[-46,186],[-32,98],[-75,172],[-106,176],[-107,126],[-106,93],[-66,76],[-47,32],[-59,60],[-85,73],[-75,133],[-40,44],[-85,42],[-83,87],[-41,62],[-22,12],[-116,117],[-60,50],[-171,101],[-94,70],[-55,-1],[-111,63],[-56,17],[-137,69],[-115,30],[-113,18],[-194,-44],[-63,-1],[8,55],[-43,3],[-63,-48],[-71,-9],[-28,-26],[-29,-78],[63,-8],[-4,-60],[-33,-5],[-71,17],[-63,33],[-224,78],[-94,19],[-106,5],[-89,-19],[-51,-55],[-96,-21],[-143,-76],[-78,-35],[-50,-57],[-107,-63],[-46,-62],[26,-67],[-8,-23],[37,-62],[-65,-50],[-203,30],[-92,40],[-55,35],[-117,29],[-137,15],[-131,-21],[-116,8],[-72,-13],[-72,-58],[-50,-67],[-55,-49],[-28,-55],[31,-51],[-101,-41],[-50,-40],[-32,-60],[-5,-90],[26,-24],[-56,-57],[-60,42],[-68,12],[-56,52],[-77,-12],[-56,-42],[-42,47],[-38,21],[-70,-25],[-41,-107],[-48,5],[-5,77],[31,45],[40,2],[35,42],[1,146],[-36,56],[-11,53],[-76,16],[12,57],[40,31],[16,46],[-25,56],[53,34],[77,23],[24,75],[-113,186],[12,13],[-53,72],[26,21],[31,85],[-17,33],[46,79],[36,41],[35,67],[-1,96],[25,14],[41,100],[9,94],[-5,69],[-20,84],[29,43],[59,-3],[62,-27],[140,31],[37,-54],[-32,-22],[12,-36],[-18,-37],[30,-47],[34,-4],[3,47],[71,-6],[6,-38],[-28,-26],[-43,-6],[-12,-46],[-31,0],[-42,-46],[81,-50],[4,-28],[142,26],[53,25],[61,-30],[74,-13],[21,24],[48,-3],[15,33],[91,19],[29,35],[36,-10],[50,40],[11,66],[71,11],[28,45],[-2,42],[40,77],[4,95],[-61,117],[-82,31],[-87,-23],[-30,31],[24,69],[-11,70],[-33,89],[-64,30],[-38,38],[-23,70],[-45,39],[-17,47],[-64,80],[-13,74],[-49,72],[-13,40],[-57,73],[-159,98],[-76,16],[-48,57],[-29,115],[-30,75],[-59,94],[-54,49],[-102,10],[-60,115],[-44,51],[-83,69],[-16,35],[-67,36],[-50,9],[-57,-7],[-70,40],[-8,47],[-93,7],[37,40],[81,18],[-20,64],[-66,55],[-84,27],[-70,-8],[-26,-19],[-4,-56],[-26,-29],[49,-30],[-105,-33],[9,-25],[-54,-73],[-35,-14],[-108,6],[-50,-8],[-83,-44],[-34,-77],[-36,-8],[-57,35],[-12,34],[-36,24],[19,98],[-39,52],[-53,48],[-27,78],[2,36],[60,37],[29,61],[-17,76],[-23,37],[7,74],[-28,49],[-59,37],[-107,29],[-94,-75],[-6,58],[-56,54],[-241,48],[-165,-22],[-39,-26],[-73,5],[-84,-14],[-25,-19],[-88,-22],[-11,38],[10,45],[54,41],[10,104],[24,14],[34,77],[-16,31],[0,60],[27,58],[29,9],[45,55],[-16,68],[-55,59],[-68,49],[-124,66],[-65,0],[-75,-30],[-30,-31],[-120,-36],[-65,-26],[-57,44],[-9,59],[64,38],[104,-25],[65,33],[86,27],[47,46],[21,67],[-1,57],[-24,58],[25,61],[6,57],[-11,56],[-76,47],[-74,-24],[-86,46],[-33,44],[-100,35],[-39,-6],[-32,-28],[-48,-16],[-44,7],[20,50],[-66,20],[-28,43],[-66,-20],[-57,62],[-97,28],[-111,8],[-112,-36],[-83,-76],[-53,-31],[-30,-47],[-23,-69],[33,-40],[-86,-87],[-18,-40],[8,-51],[77,-57],[-25,-53],[9,-31],[60,-66],[20,-54],[-62,-24],[-26,-47],[-66,-28],[-65,-76],[-84,-20],[-69,-33],[-28,-133],[-98,7],[-50,19],[-54,1],[-37,17],[-117,112],[-58,28],[-5,52],[31,46],[11,65],[-71,36],[-6,54],[-23,26],[-76,-44],[-32,0],[-29,-73],[25,-34],[61,53],[42,-78],[-78,-81],[-91,-15],[-93,54],[-36,59],[28,21],[57,80],[32,75],[-19,44],[-74,15],[-46,-10],[-49,24],[-60,2],[29,74],[-30,33],[-45,6],[2,39],[71,9],[50,27],[-62,17],[-40,32],[30,49],[-82,13],[-41,34],[-97,11],[-25,-27],[-73,-11],[-99,-94],[-27,-42],[-23,-78],[2,-78],[37,-127],[-70,-7],[-28,50],[-21,70],[-43,23],[-69,-24],[-32,-44],[-64,-23],[-27,36],[-73,13],[-85,-46],[-38,-57],[-158,-27],[-45,-52],[3,-45],[-20,-41],[44,-16],[-12,-61],[23,-28],[-45,-28],[20,-27],[52,-26],[-16,-26],[24,-46],[56,-3],[105,-29],[9,-30],[-29,-28],[36,-34],[48,44],[113,32],[47,-82],[95,30],[11,64],[24,8],[88,-21],[92,34],[59,-34],[87,6],[1,-24],[87,-22],[31,-21],[12,-50],[28,-10],[33,-50],[92,-58],[8,-53],[71,-15],[-7,-59],[-71,7],[-3,43],[-86,53],[-110,54],[-118,49],[-206,73],[-104,5],[-89,-32],[-79,-52],[-16,-27],[25,-37],[-6,-72],[-31,-36],[-31,-5],[-45,36],[-63,13],[-43,-11],[-18,-40],[-33,-19],[-27,31],[-116,32],[-40,-23],[-22,-40],[-64,36],[-9,41],[-176,67],[-85,18],[-99,32],[-168,33],[-48,22],[-76,6],[-51,-26],[-70,8],[-35,23],[-58,-21],[-65,-4],[-279,11],[-101,-9],[-95,-24],[-54,-51],[15,-96],[-90,-47],[-19,-61],[-87,-19],[-35,-23],[9,-51],[-69,-5],[-8,74],[-78,13],[-79,73],[-60,31],[-56,56],[-182,71],[-98,16],[-199,103],[-115,42],[-104,26],[-189,22],[-81,-4],[-112,-32],[-45,-26],[-51,-111],[6,-40],[31,-17],[68,-8],[-65,-102],[-38,-17],[-58,1],[-40,-33],[-26,-51],[-53,-44],[-37,-3],[15,57],[39,14],[30,70],[-63,78],[41,57],[37,-11],[35,25],[41,74],[-52,114],[-76,87],[-209,208],[-87,66],[-108,99],[-149,105],[-135,76],[-91,67],[-132,83],[-87,62],[-162,57],[-126,30],[-121,80],[-170,88],[-41,16],[-58,2],[-12,-43],[-74,-14],[-47,-51],[-36,-16],[-34,-41],[36,-27],[3,-39],[-63,-32],[-92,-17],[17,61],[29,32],[-61,89],[52,34],[-6,87],[-95,120],[-140,94],[-189,114],[-27,27],[-51,-6],[-115,4],[-17,26],[-111,56],[-26,47],[-74,52],[-188,61],[-27,47],[-132,84],[-35,40],[-73,39],[-95,73],[-69,34],[-4,25],[-108,62],[-38,38],[-51,-11],[-98,110],[-344,191],[-139,63],[-135,67],[-293,123],[-198,63],[-32,14],[-217,57],[-108,-13],[-19,-62],[-61,10],[-125,-9],[-55,9],[-31,-23],[-75,28],[-52,-20],[-13,27],[-55,10],[-51,-23],[-33,36],[-94,9],[-49,-57],[-33,7],[-42,-39],[-44,22],[-96,-15],[-36,16],[-40,-17],[-28,21],[-7,46],[-32,49],[-45,-16],[-20,23],[-64,27],[-20,-11],[-188,63],[-278,53],[-181,40],[-297,17],[-251,2],[-295,-27],[-230,-39],[-130,-31],[-112,-16],[-231,-64],[-136,-71],[-167,-112],[-69,-64],[-45,-65],[-76,-154],[-44,-139],[5,-89],[52,-87],[31,-18],[37,28],[120,-48],[60,0],[35,-79],[60,-46],[67,-37],[33,-48],[-22,-47],[-62,-8],[-14,31],[-128,80],[-53,-26],[-61,15],[-12,38],[-101,73],[-37,40],[-67,4],[-13,35],[-146,106],[-72,13],[-237,-21],[-64,-23],[-62,-55],[-20,-61],[16,-42],[-51,-17],[-28,73],[-44,-22],[-62,7],[-38,-12],[-231,8],[-133,-38],[-24,-18],[-16,-50],[11,-38],[-75,-82],[-100,20],[-114,0],[-63,10],[-27,-18],[-74,27],[-34,-11],[-69,17],[-124,10],[-20,27],[-50,2],[-50,-22],[-30,6],[-88,-52],[-3,-59],[-53,11],[-26,-15],[-51,7],[-83,34],[-174,20],[-77,-2],[-63,26],[-149,20],[-65,-26],[-65,13],[-11,19],[-74,-9],[-40,-32],[-62,57],[-93,21],[-64,40],[-100,-2],[-57,88],[-57,53],[-8,24],[-136,54],[-65,-23],[-56,49],[4,22],[-37,62],[-52,38],[-52,61],[-85,63],[8,56],[-36,15],[-58,89],[-99,87],[-15,28],[21,47],[-41,52],[-133,127],[-190,107],[-121,84],[-42,57],[-58,59],[-121,59],[-68,51],[-81,48],[-146,71],[-130,85],[-186,87],[-35,29],[-121,72],[-62,23],[-99,65],[-102,83],[-71,36],[-102,88],[-52,32],[-108,89],[-177,114],[-117,65],[-57,22],[-140,91],[-64,52],[-119,74],[-106,53],[-170,94],[-52,16],[-195,107],[-59,25],[-39,34],[-82,35],[-56,93],[-69,38],[-127,107],[-325,211],[-71,36],[-56,48],[-106,46],[-110,66],[-83,29],[-114,83],[-132,61],[-38,33],[-120,51],[-220,110],[-90,60],[-92,33],[-227,124],[-95,38],[-153,85],[-77,26],[-123,66],[-80,27],[-133,70],[-212,95],[-55,38],[-63,17],[-149,77],[-221,91],[-229,119],[-42,13],[-108,57],[-64,20],[-127,56],[-198,97],[-179,67],[-95,53],[-266,115],[-99,32],[-156,72],[-132,42],[-101,44],[-99,32],[-123,57],[-47,33],[-90,21],[-80,45],[-90,37],[-49,-2],[-22,27],[-38,-6],[-51,39],[-104,21],[-24,23],[-106,35],[-47,-9],[-43,24],[-2,35],[-61,16],[-62,38],[-54,-6],[-99,63],[-74,17],[-47,22],[-49,5],[-55,39],[-92,24],[-81,42],[-146,53],[-66,45],[-61,11],[-36,24],[-234,83],[-52,33],[-63,16],[-95,46],[-47,0],[-118,63],[-185,67],[-81,37],[-174,41],[-48,35],[-56,12],[-202,81],[-71,12],[-33,20],[-113,30],[-67,31],[-84,11],[-119,37],[-205,45],[-97,15],[-140,0],[-54,-16],[-57,6],[-48,-24],[-81,-76],[-65,-47],[-68,-10],[-108,-70],[-64,-29],[-96,-28],[-41,-35],[-60,-23],[-73,-67],[-63,-72],[-78,-54],[-13,-57],[-42,-97],[-51,-49],[-111,-64],[-42,-8],[-40,-34],[-124,-52],[-94,-50],[-139,-46],[-57,-11],[-49,-28],[-113,-27],[-162,-56],[-51,-35],[-76,-15],[-56,-25],[-209,-49],[-233,-88],[-56,-29],[-80,-10],[-68,-24],[-61,-8],[-224,-55],[-70,-33],[-50,-5],[-110,-53],[-129,-39],[-195,-76],[-91,-26],[-99,-39],[-129,-29],[-148,-18],[-44,-15],[-139,-16],[-68,-23],[-78,-3],[-117,-15],[-47,5],[-120,-13],[-59,8],[-74,-5],[-101,16],[-349,1],[-58,15],[-92,0],[-132,14],[-74,15],[-58,-9],[-128,19],[-162,17],[-113,-1],[-109,13],[-127,22],[-50,-1],[-97,15],[-50,21],[-196,25],[-63,17],[-88,5],[-186,38],[-229,19],[-108,-1],[-78,20],[-71,-11],[-97,11],[-200,-22],[-69,-36],[-125,-28],[-200,-1],[-282,-8],[-113,11],[-83,18],[-42,-2],[-181,31],[-68,24],[-216,13],[-82,24],[-108,4],[-38,-10],[-151,-7],[-49,15],[-172,-2],[-68,7],[-104,-17],[-205,9],[-217,4],[-122,33],[-106,-3],[-48,22],[-137,-4],[-120,28],[-99,7],[-115,26],[-101,-5],[-75,25],[-118,3],[-30,-7],[-92,5],[-125,-3],[-48,-19],[-53,-2],[-107,-32],[-125,-25],[-81,0],[-133,21],[-85,-6],[-102,3],[-98,17],[-158,-5],[-16,11],[-100,-16],[-79,18],[-146,-11],[-34,-19],[-90,-23],[-44,10],[-104,-64],[-72,-21],[-112,4],[-139,-6],[-153,10],[-123,-17],[-37,6],[-123,-11],[-235,-6],[-83,7],[-66,-5],[-96,13],[-156,11],[-125,-2],[-193,-20],[-103,-5],[-81,-18],[-155,-21],[-226,10],[-101,16],[-95,5],[-157,-18],[-109,-3],[-120,-20],[-68,-3],[-71,-28],[-167,-18],[-95,-30],[-76,-42],[-90,-37],[-122,-16],[-73,-18],[-109,-14],[-134,-7],[-250,0],[-41,9],[-83,-8],[-101,4],[-196,-6],[-32,11],[-128,-6],[-191,-40],[-65,4],[-33,-13],[-151,-8],[-78,-16],[-103,-8],[-67,8],[-138,-11],[-66,9],[-116,-26],[-125,-1],[-42,-11],[-190,4],[-120,9],[-141,-11],[-156,11],[-139,-9],[-117,0],[-206,-28],[-129,-2],[-172,-16],[-127,0],[-130,-22],[-143,4],[-83,-12],[-167,-5],[-117,-25],[-76,-4],[-33,-18],[-89,0],[-71,-24],[-174,-14],[-153,-30],[-143,-2],[-120,-28],[-90,-9],[-188,-33],[-172,-5],[-164,-11],[-172,-18],[-52,-15],[-69,-1],[-101,10],[-96,0],[-80,-19],[-97,-9],[-131,-30],[-116,-18],[-157,6],[-115,-29],[-134,-4],[-118,-16],[-45,1],[-75,-31],[-113,-6],[-119,4],[-247,-26],[-96,-2],[-78,-24],[-84,0],[-195,-21],[-146,0],[-75,-14],[-94,0],[-261,-46],[-164,-17],[-108,-30],[-92,-5],[-103,-21],[-214,-4],[-160,-16],[-140,5],[-137,-24],[-150,-1],[-75,-23],[-307,-30],[-118,-17],[-119,-36],[-38,0],[-163,-70],[-195,-30]],[[291711,115688],[28,44],[51,-7],[6,-27],[-38,-20],[-47,10]],[[295051,116658],[46,71],[58,4],[6,-42],[-62,-45],[-48,12]],[[295605,116725],[52,57],[88,-10],[-63,-30],[-77,-17]],[[330178,103585],[148,-4],[107,26],[107,-2],[115,-25],[77,-30],[40,-4],[37,-27],[82,13],[75,-11],[21,-29],[103,-26],[7,-24],[52,-9],[29,-32],[104,-20],[52,-50],[67,4],[98,-27],[12,-48],[88,-30],[73,-40],[37,-42],[31,-8],[47,-51],[10,-44],[-12,-67],[4,-60],[-14,-95],[70,-137],[63,-64],[92,-53],[57,-46],[83,-35],[62,-4],[61,-31],[118,-8],[44,6],[69,28],[24,46],[40,-9],[-14,-69],[-31,-65],[-49,-70],[34,-78],[26,-20],[-5,-87],[33,1],[37,-62],[79,-23],[-4,-37],[-67,-44],[-45,-15],[-18,38],[-78,-25],[-15,-23],[-85,7],[-80,-65],[-191,-116],[-115,-96],[-90,-94],[-91,-52],[-39,2],[-39,-56],[-38,-28],[-25,-81],[-33,-29],[-70,-28],[-20,-31],[-95,-47],[-40,19],[-204,-1],[-98,32],[-60,32],[-48,53],[-165,73],[-83,25],[-77,7],[-61,-9],[-34,25],[11,37],[-41,32],[-127,49],[-48,27],[-114,42],[-83,19],[-85,46],[-83,2],[-166,34],[-81,9],[-39,21],[-127,-40],[-120,-60],[-90,0],[-23,-39],[-65,9],[-55,-9],[-32,55],[-39,39],[-259,71],[-183,25],[-70,0],[-144,37],[-191,19],[-52,-21],[-78,24],[-22,-24],[-315,24],[-119,-14],[-55,14],[-33,-31],[-43,20],[-90,-7],[-65,-21],[-39,-40],[1,-31],[33,-19],[-24,-52],[-45,-9],[-25,-30],[-16,-71],[-40,-38],[-81,11],[-245,-12],[-229,-32],[-118,-30],[-160,-32],[-156,-51],[-83,-40],[-304,-176],[-86,-62],[-108,-123],[-54,-90],[-58,-144],[-6,-71],[20,-51],[-5,-61],[29,-53],[15,-68],[38,-61],[47,-48],[115,-77],[14,-48],[-41,-53],[7,-87],[-103,-87],[-14,-73],[-43,-18],[-18,-74],[-56,1],[-64,-17],[-93,-118],[-61,16],[-102,-14],[-33,-27],[-113,-19],[-102,2],[-45,14],[-65,-38],[-72,8],[-61,-31],[-64,-62],[-40,-15],[-86,-72],[-77,-38],[2,-19],[-49,-62],[-92,-46],[6,-33],[-37,-33],[-54,-9],[-57,25],[-63,-4],[-44,-33],[-27,6],[-33,-51],[-64,-65],[-39,1],[-50,-39],[-49,-17],[-14,-34],[-41,6],[-31,-31],[-37,21],[0,64],[-59,51],[-66,22],[-88,75],[-110,51],[-4,15],[-132,81],[-32,42],[-43,13],[-93,69],[-39,-36],[-17,82],[-36,-3],[-27,47],[-66,65],[-170,113],[-58,16],[11,76],[-78,33],[7,29],[-49,60],[-76,7],[-30,-13],[-66,43],[-84,23],[-66,2],[-78,-28],[-68,33],[-51,-27],[-112,-8],[-70,15],[-88,5],[-66,16],[-48,-2],[-3,32],[-58,-9],[-72,15],[-56,-16],[-140,-15],[-67,10],[-27,44],[-90,54],[-105,37],[-33,1],[-54,-26],[-165,17],[-14,37],[-86,29],[-127,18],[-48,17],[-86,6],[-146,-12],[-77,-22],[-116,-62],[-55,-55],[-13,-66],[16,-37],[58,-39],[65,-12],[-152,-87],[-15,-74],[-97,-15],[0,-46],[-96,-21],[-10,-80],[21,-28],[-60,-28],[-35,17],[-2,43],[-59,-11],[-67,31],[-104,-53],[-6,-57],[-57,-26],[-23,-32],[-70,19],[-53,28],[12,41],[-114,46],[-69,38],[-86,29],[-73,-34],[0,-39],[-62,-17],[-80,20],[-39,29],[-73,7],[-36,-9],[-47,18],[-49,-2],[-43,-23],[-79,10],[-102,-31],[-27,-41],[-142,-2],[-37,12],[-58,-11],[-57,18],[-26,34],[-86,27],[-104,20],[-34,-15],[-75,3],[-13,23],[-52,4],[-76,-35],[-129,-6],[-74,-23],[-46,24],[-44,-35],[-44,-11],[-10,-27],[-157,-7],[-70,-32],[-62,41],[-45,-14],[-10,-28],[-115,-60],[-23,-58],[-53,19],[-35,-46],[-91,-29],[-65,29],[-21,-18],[-54,66],[-26,6],[-105,76],[-66,30],[-138,38],[-41,27],[-62,14],[-49,43],[-101,25],[-82,-23],[-104,-2],[-58,17],[-124,-23],[-77,-92],[-14,-59],[-98,-22],[-22,-41],[-201,54],[-69,-10],[-168,19],[-82,-33],[4,-48],[-47,-7],[25,-69],[-64,-21],[-32,18],[-47,-18],[-7,-32],[-83,-25],[-48,19],[-2,25],[-177,32],[-83,5],[-88,-21],[-57,-59],[-58,-22],[18,-45],[-13,-41],[-75,26],[-67,-31],[-13,-54],[-82,14],[-51,42],[-5,41],[59,9],[55,35],[21,34],[-19,58],[17,9],[19,82],[-54,125],[-52,83],[-52,40],[-15,49],[-28,4],[-50,121],[-87,91],[-11,31],[-53,39],[-38,48],[-25,54],[-87,75],[-8,37],[-37,34],[-83,51],[-51,52],[-58,19],[-72,7],[-53,32],[-73,-8],[-47,12],[-10,52],[-55,25],[-63,-22],[-115,-25],[-96,-37],[-116,-1],[-26,43],[11,35],[-85,53],[-78,0],[-18,24],[6,115],[-16,18],[12,90],[-101,86],[-161,166],[-62,15],[-36,47],[16,16],[-49,55],[-47,21],[-110,13],[49,40],[45,82],[64,29],[-21,42],[-79,-3],[-93,-22],[-22,57],[48,33],[-64,20],[1,29],[43,52],[-6,27],[36,28],[-8,29],[24,66],[50,35],[70,-2],[28,23],[137,39],[31,46],[3,79],[-19,36],[2,52],[-17,21],[-16,79],[29,38],[56,25],[14,30],[-30,144],[70,31],[8,87],[63,29],[31,47],[-8,153],[-42,94],[-13,133],[86,61],[22,89],[69,65],[125,12],[114,23],[150,12],[94,-24],[38,2],[24,-26],[192,27],[137,36],[53,-22],[48,15],[122,0],[121,21],[154,43],[74,2],[62,25],[78,55],[56,25],[26,61],[45,18],[3,36],[75,29],[19,-18],[110,-30],[49,22],[87,-15],[103,-5],[102,14],[48,31],[53,65],[64,23],[78,8],[22,15],[11,65],[32,33],[-13,29],[32,21],[63,-5],[162,8],[50,-19],[56,31],[158,20],[53,-16],[37,30],[62,12],[95,-1],[131,36],[56,2],[73,-19],[80,16],[41,39],[93,29],[58,-10],[62,5],[93,-12],[81,37],[172,21],[60,30],[98,4],[179,55],[37,18],[51,-8],[78,28],[124,12],[34,-19],[71,0],[51,20],[29,-27],[53,41],[50,-22],[171,10],[77,20],[157,-25],[48,18],[64,-6],[103,13],[54,27],[131,-3],[150,39],[111,-13],[103,-3],[55,12],[17,45],[91,4],[88,42],[68,0],[50,32],[70,-4],[83,41],[34,-13],[70,17],[25,37],[45,-2],[57,117],[44,17],[10,33],[47,-11],[9,33],[96,73],[13,28],[117,-16],[72,5],[82,-31],[137,44],[30,26],[76,21],[6,41],[46,17],[160,-44],[95,2],[69,47],[20,52],[156,-12],[71,75],[38,-9],[37,72],[78,37],[52,-5],[98,21],[82,4],[61,29],[64,-39],[115,24],[126,47],[-1,29],[46,12],[101,59],[82,9],[46,34],[7,44],[78,51],[99,4],[66,15],[108,-26],[40,1],[115,-43],[24,-24],[65,-25],[65,7],[96,-12],[109,24],[60,-14],[97,-51],[95,6],[211,32],[77,-6],[169,-37],[94,-38],[166,-29],[69,4],[196,98],[143,16],[84,24],[45,49],[62,21],[53,-16],[55,-50],[42,-9],[37,-42],[15,-59],[67,-25],[98,-3],[95,11],[100,28],[178,78],[60,43],[95,90],[50,22],[4,26],[109,39],[67,-15],[72,27],[49,0],[83,58],[44,-17],[36,-66],[59,-16],[85,15],[100,56],[11,25],[77,37],[82,-38],[57,-2],[11,-43],[-35,-38],[-20,-72],[9,-114],[-12,-93],[-40,-56],[-47,54],[-59,35],[-85,5],[-61,-16],[-127,-59],[-18,-22],[-109,-61],[-134,-117],[-33,-16],[-83,-87],[-18,-55],[29,-76],[-8,-48],[55,-54],[53,-3],[-3,-32],[71,-38],[91,-10],[68,9],[233,62],[48,21],[72,-33],[109,-28],[27,-15],[88,3],[29,17],[25,-189],[-108,-72],[-48,2],[-46,-33],[-84,-28],[-64,-61],[-59,-37],[-84,-78],[-32,-92],[18,-30],[-17,-57],[-165,-107],[1,-28],[-51,-27],[-41,-47],[-51,16],[-24,-80],[58,-34],[-74,-60],[14,-63],[44,-50],[58,-34],[135,-38],[85,-7],[109,13],[93,-1],[120,43],[130,-20],[170,-42],[244,-40],[161,-4],[218,2],[42,11],[77,-2],[149,30],[79,30],[121,-17],[56,23],[167,42],[256,99],[154,-12],[52,-44],[-5,-35],[28,-65],[88,-41],[7,-93],[70,-31],[45,-50],[19,-83],[-36,-36],[-137,-55],[-119,-117],[-36,-12],[-90,-80],[25,-71],[-64,-25],[-41,9],[-87,-29],[-15,-33],[-107,-61],[-45,-38],[-29,-65],[0,-105],[25,-65],[1,-59],[44,6],[25,-26],[-28,-118],[30,-68],[38,-48],[32,-6],[67,32],[3,25],[-79,29],[-27,30],[25,29],[50,-10],[114,55],[6,48],[52,27],[91,-71],[5,-22],[99,-30],[95,-16],[32,27],[123,71],[8,51],[81,-36],[-19,111],[-49,38],[-54,4],[-76,37],[-49,-3],[-53,-22],[-69,12],[-32,-8],[-97,42],[-11,-50],[-57,-20],[-68,45],[-37,92],[3,68],[139,-2],[55,19],[22,37],[-16,97],[26,27],[107,-68],[171,-79],[92,-24],[194,-33],[98,-4],[53,30],[110,11],[130,30],[78,58],[19,51],[46,32],[42,56],[5,41],[72,23],[125,118],[86,45],[56,49],[-11,52],[6,116],[36,33],[-13,81],[0,108],[17,41],[48,19],[27,49],[87,37],[111,-37],[97,5],[62,-5],[80,18],[22,27],[73,0],[8,-37],[57,-29]],[[327857,102308],[15,26],[69,-45],[-17,-26],[-67,45]],[[302805,113694],[25,68],[28,-13],[-10,-71],[-43,16]],[[304185,112580],[48,44],[28,-38],[-3,-63],[22,-56],[-72,-20],[-45,-27],[-36,42],[-50,24],[5,44],[-31,73],[24,21],[37,-26],[36,-51],[37,33]],[[304326,118007],[-19,-54],[-45,16],[30,40],[34,-2]],[[304523,114471],[-7,79],[97,96],[55,-19],[27,-123],[-21,-43],[22,-43],[-22,-93],[-29,-18],[-43,18],[-33,72],[-53,51],[7,23]],[[304920,114082],[5,31],[51,12],[32,-31],[-74,-132],[-54,14],[-17,50],[33,16],[24,40]],[[305182,113287],[-7,31],[121,136],[73,-6],[27,-18],[30,-54],[-92,-54],[-125,-35],[-27,0]],[[306931,117430],[-54,39],[1,47],[49,28],[1,-55],[29,-19],[-26,-40]],[[307264,118696],[17,40],[65,17],[17,-44],[-32,-32],[-67,19]],[[307784,118109],[42,46],[70,-10],[-35,-38],[-77,2]],[[307820,119018],[-6,58],[63,40],[70,-59],[-36,-30],[-91,-9]],[[308181,117023],[-54,21],[-34,-4],[11,-49],[-39,0],[-55,42],[-3,51],[19,41],[41,-32],[51,1],[48,-39],[15,-32]],[[308308,118319],[34,39],[43,-30],[98,-6],[9,-24],[-73,-19],[-83,21],[-28,19]],[[308549,118149],[43,58],[60,6],[100,-5],[48,-32],[-24,-45],[-62,-14],[-89,37],[-76,-5]],[[291704,115881],[32,-25],[-4,-55],[-53,19],[25,61]],[[309331,117448],[2,36],[49,-8],[-9,-33],[-42,5]],[[291927,116083],[-21,-48],[-93,-13],[85,78],[29,-17]],[[293403,116399],[-10,-31],[-46,-19],[-51,11],[59,64],[-2,25],[66,11],[46,28],[-9,40],[65,-15],[-108,-88],[-10,-26]],[[299461,112989],[7,111],[-12,59],[88,9],[30,-35],[-33,-151],[-49,-43],[-31,50]],[[304867,113142],[33,19],[11,-63],[-45,-22],[1,66]],[[308191,119516],[35,14],[67,-26],[-15,-38],[-57,17],[-30,33]],[[302829,113648],[4,-45],[-40,-43],[-27,55],[63,33]],[[284068,128887],[10,54],[58,48],[25,51],[-14,58],[-40,46],[0,31],[41,12],[37,-14],[71,42],[33,49],[6,58],[-39,53],[44,119],[-34,135],[65,46],[8,59],[-38,38],[43,47],[25,-3],[36,-47],[89,4],[106,42],[70,70],[59,-20],[33,21],[116,22],[118,67],[83,6],[18,-95],[24,-27],[7,-68],[56,-87],[-14,-46],[42,-125],[19,-20],[105,-61],[-1,-70],[-75,28],[-38,44],[-89,-10],[-10,-47],[-58,40],[-46,-26],[-30,10],[-39,44],[-101,-80],[-43,15],[-42,-37],[-1,-39],[41,-35],[-59,-49],[-34,-50],[-82,-59],[9,-27],[-84,-25],[-25,-36],[-83,-46],[-23,-29],[-81,-43],[-107,-104],[-34,8],[-124,-81],[-65,20],[47,74],[9,45]],[[281662,126269],[-42,40],[-23,43],[-41,39],[58,21],[19,33],[-57,39],[-39,81],[37,59],[48,9],[15,-61],[93,15],[38,-46],[-15,-29],[8,-46],[-105,-45],[-53,-54],[16,-26],[89,-42],[4,-46],[-50,16]],[[281610,126091],[-20,68],[22,10],[34,-48],[-36,-30]],[[281304,125702],[28,75],[-35,12],[-14,59],[49,12],[29,-34],[47,-25],[-32,-32],[45,-35],[-75,-29],[-42,-3]],[[288165,131032],[-72,17],[12,36],[88,-19],[-28,-34]],[[288788,130897],[-26,-43],[-40,17],[-19,34],[-59,28],[-63,9],[-45,41],[-43,16],[-87,-18],[-43,32],[-2,44],[64,8],[30,29],[52,-23],[43,16],[66,-6],[33,-20],[97,-14],[41,40],[36,6],[16,-41],[-54,-47],[-26,-89],[29,-19]],[[286182,129483],[-23,40],[37,15],[27,-45],[-41,-10]],[[339152,105603],[18,35],[53,3],[47,-33],[-56,-27],[-62,22]],[[338716,105063],[10,-33],[-29,-25],[-33,24],[52,34]],[[310471,111020],[19,11],[-8,84],[25,37],[62,-32],[31,-63],[72,-49],[43,-42],[125,-52],[184,-102],[-24,-28],[29,-28],[-25,-49],[-12,-71],[-77,-6],[-21,34],[-70,59],[-81,14],[-20,41],[-102,28],[-39,-38],[-105,-8],[-110,72],[-35,53],[14,55],[-6,52],[47,9],[56,-11],[28,30]],[[286907,135974],[-4,27],[30,32],[60,6],[6,30],[-33,54],[92,-18],[48,-84],[-70,-89],[-71,-1],[-44,15],[-14,28]],[[277664,142319],[19,37],[49,-6],[-24,-41],[-44,10]],[[281833,137681],[50,31],[5,-47],[-55,16]],[[281756,142931],[-3,-27],[52,-33],[-79,-29],[-181,43],[42,49],[50,6],[50,-23],[69,14]],[[329301,134416],[-21,-51],[43,-51],[-11,-31],[-52,32],[-12,55],[10,37],[43,9]],[[337849,115891],[21,-55],[116,-142],[46,-41],[25,-41],[42,-103],[-2,-39],[-46,12],[-81,3],[-94,-23],[-74,-92],[-72,52],[-24,70],[1,61],[15,46],[15,127],[38,85],[11,67],[-15,41],[-104,108],[62,17],[43,-37],[77,-116]],[[305992,108739],[19,49],[54,22],[10,-54],[-15,-31],[-46,-20],[12,-53],[-43,-4],[-32,48],[41,43]],[[305237,109864],[34,76],[40,17],[9,52],[45,20],[47,-8],[48,-64],[-55,-16],[49,-47],[8,-54],[-67,-21],[-57,19],[-40,-8],[-61,34]],[[310625,111371],[89,37],[60,-14],[44,-59],[-82,-27],[-63,17],[-48,46]],[[305527,109975],[59,21],[18,-38],[-77,17]],[[306022,108538],[-5,45],[48,8],[60,-17],[45,-65],[-106,4],[-42,25]],[[272961,147913],[-24,-97],[5,-51],[-56,-38],[-52,-51],[-29,40],[-47,11],[-43,-26],[-136,-6],[-14,-55],[19,-31],[-66,-28],[-59,-47],[-54,37],[-51,-12],[-30,33],[-10,50],[-39,33],[-52,13],[-52,-4],[16,47],[-74,69],[-16,212],[-37,13],[13,41],[124,61],[-11,70],[-24,25],[28,27],[66,-15],[40,30],[84,-54],[48,11],[125,141],[34,17],[62,-8],[-42,-60],[3,-31],[-91,-78],[37,-18],[63,11],[73,49],[39,13],[79,49],[141,100],[42,43],[50,26],[110,89],[80,-17],[134,44],[54,11],[148,54],[157,16],[88,-19],[-140,-41],[-196,-33],[-12,-17],[-153,-49],[-4,-19],[-178,-80],[-103,-76],[-51,-78],[15,-38],[46,-59],[54,-44],[79,10],[-121,-74],[-65,-70],[-24,-72]],[[275890,147026],[-87,-8],[-35,13],[-61,49],[63,24],[59,8],[54,-11],[7,-75]],[[271565,147582],[-11,40],[29,68],[40,25],[48,9],[16,26],[102,20],[36,-37],[63,12],[37,-24],[-19,-37],[-94,-72],[-205,-80],[-70,11],[28,39]],[[273762,145989],[29,47],[86,7],[63,-80],[-14,-26],[-99,-45],[-53,-14],[-52,-31],[-80,-72],[-41,4],[7,55],[38,41],[5,45],[76,11],[35,58]],[[275326,147012],[84,60],[34,6],[112,-5],[115,-16],[-20,-32],[-51,-3],[-5,-25],[38,-28],[48,-5],[82,8],[-5,-37],[48,-9],[17,-34],[84,-38],[29,17],[34,-61],[71,-37],[52,-40],[66,7],[54,-59],[-4,-33],[-96,37],[-46,42],[-71,33],[-97,21],[-162,14],[-93,62],[-66,57],[-73,32],[-115,18],[-64,48]],[[273478,145810],[36,33],[47,-19],[-19,-52],[-68,-70],[-58,2],[-54,-32],[-63,14],[-40,31],[-84,37],[23,58],[84,27],[33,-7],[71,-40],[92,18]],[[269327,145283],[-44,114],[82,10],[-24,-49],[26,-22],[-40,-53]],[[267988,148190],[4,-47],[-50,-17],[-22,43],[45,62],[23,-41]],[[268149,148280],[11,67],[34,-6],[-19,-47],[-26,-14]],[[269782,146537],[-3,38],[102,-6],[42,18],[28,-45],[-46,-19],[-25,-72],[-120,0],[-10,48],[32,38]],[[271201,146758],[-1,42],[33,39],[-19,27],[109,30],[24,-25],[-31,-43],[7,-83],[-36,-45],[-62,16],[-24,42]],[[268690,144164],[57,-70],[-76,-38],[-37,-6],[-50,22],[-12,49],[28,28],[66,29],[24,-14]],[[269071,145510],[21,55],[53,-24],[-41,-38],[-33,7]],[[266655,143282],[-1,55],[40,8],[-17,-57],[-22,-6]],[[268215,145061],[2,33],[44,13],[33,-21],[-43,-62],[-36,37]],[[268709,144896],[22,59],[-21,19],[-106,-25],[-11,41],[53,8],[18,32],[-46,81],[-64,48],[-75,5],[-23,29],[38,53],[141,10],[72,58],[-9,-91],[39,-34],[72,-29],[87,-4],[92,68],[26,-21],[-31,-40],[42,-12],[-1,-79],[-15,-30],[-59,-41],[-41,-50],[36,-31],[-38,-26],[-94,-7],[-100,-42],[-4,51]],[[268620,144324],[-64,27],[6,40],[57,-2],[37,-24],[40,3],[0,50],[-53,34],[22,46],[38,9],[9,-38],[47,-25],[41,20],[62,6],[-52,-86],[-60,-19],[13,-29],[-98,-26],[-45,14]],[[337816,115354],[50,38],[35,51],[86,25],[33,-48],[48,-21],[-49,-54],[-44,-14],[-77,4],[-82,19]],[[315833,108068],[-56,41],[5,30],[49,33],[42,2],[7,-36],[66,-12],[-4,-36],[-75,-40],[-1,-28],[-56,-1],[23,47]],[[315525,110112],[-24,-19],[-68,26],[-4,44],[52,-7],[44,-44]],[[322319,119600],[37,29],[12,34],[35,14],[22,68],[37,22],[8,59],[24,21],[43,-29],[107,-54],[20,-52],[-37,-132],[42,-39],[-9,-74],[58,-70],[-84,-58],[-36,-58],[-40,-174],[-36,-42],[14,-62],[-37,-31],[-78,11],[-61,-37],[-75,58],[-81,16],[15,37],[-17,41],[8,81],[-2,84],[-33,20],[7,50],[-33,41],[40,157],[38,-12],[92,81]],[[306424,112927],[-34,14],[-68,69],[-111,68],[-92,34],[-104,66],[-55,50],[4,65],[-89,35],[-92,4],[-56,-25],[-41,-2],[-73,29],[13,90],[55,47],[-138,50],[51,63],[2,24],[78,44],[133,31],[70,93],[66,-20],[91,-146],[74,-25],[28,-33],[77,-34],[-4,-48],[22,-78],[57,-101],[17,-11],[66,-103],[37,-24],[20,-40],[108,-96],[53,-32],[67,-5],[38,-45],[39,-3],[13,-48],[82,-55],[78,-24],[51,0],[49,42],[10,-95],[40,-24],[14,-34],[-47,-48],[-17,-50],[20,-20],[3,-56],[28,-88],[-17,-56],[4,-45],[38,-79],[50,-30],[55,16],[15,-26],[-26,-32],[5,-104],[-64,-11],[-37,70],[-40,37],[-38,56],[-44,-11],[-20,-34],[-74,19],[3,-61],[-28,-32],[-50,36],[-69,-2],[-78,77],[-1,22],[-63,37],[-35,48],[-4,64],[-28,-1],[-10,53],[18,18],[-43,67],[-35,32],[9,24],[62,-6],[93,56],[-27,45],[18,39],[-37,36],[23,47],[-53,61],[-79,28],[-26,37]],[[308273,119060],[-22,-21],[4,-40],[-40,-32],[-35,-67],[8,-50],[60,-12],[27,-82],[-26,-18],[-102,-18],[-59,39],[-12,74],[67,39],[15,28],[-12,119],[27,55],[-19,46],[33,76],[9,111],[53,9],[46,-54],[68,14],[37,53],[81,8],[55,-41],[-33,-28],[-84,22],[-64,-31],[-57,-47],[-59,-83],[-1,-48],[35,-21]],[[309196,117352],[-21,-49],[54,-35],[0,-38],[-78,-1],[-28,-54],[-47,-16],[-30,-64],[47,-52],[-10,-44],[-33,4],[-32,36],[-1,81],[-72,34],[-41,63],[-52,44],[23,92],[59,60],[117,4],[56,-25],[53,-8],[36,-32]],[[302769,115756],[47,44],[21,54],[46,27],[29,-20],[-3,-37],[-76,-62],[-64,-6]],[[303465,116612],[20,54],[9,77],[-12,27],[-58,36],[-81,22],[47,79],[-15,63],[-9,92],[23,41],[35,4],[2,-61],[59,-55],[71,27],[46,4],[17,-56],[77,-28],[14,-58],[41,-31],[-50,-59],[2,-76],[21,-32],[-15,-44],[25,-36],[58,6],[26,-28],[-2,-37],[21,-53],[45,-30],[-56,-27],[-45,24],[-35,49],[-61,17],[-84,-86],[-14,35],[-52,28],[9,46],[-76,49],[-3,17]],[[303877,118182],[-8,50],[26,46],[-14,35],[-88,84],[11,33],[-9,49],[87,7],[38,-23],[43,-74],[-20,-34],[2,-44],[37,-23],[-25,-33],[11,-32],[-61,-66],[-30,25]],[[212165,372807],[-3,-2427],[-3,-2530],[-7,-1319],[0,-877],[0,-3199],[0,-2304],[0,-1047],[0,-599],[0,-1772],[0,-1234],[0,-751],[0,-2385],[0,-433],[0,-2080],[0,-1676],[0,-1879],[0,-620],[0,-2385],[0,-4393],[0,-9508],[0,-3296],[0,-2411],[0,-1803],[0,-2536],[0,-1135],[0,-1400],[0,-1658],[1,-21384],[0,-3016],[0,-8198],[-1,-4911],[1,-9999],[0,-5417],[0,-4927],[0,-4079],[0,-19682],[0,-4359],[17,0]],[[212171,155699],[-124,-16],[-312,-68],[-74,-9],[-150,-55],[-47,-32],[-245,-75],[-98,-43],[-127,-26],[-88,-50],[-128,-14],[-140,-66],[-194,-82],[-69,-57],[-66,-36],[-120,-49],[-124,-29],[-209,-82],[-83,-70],[-222,-58],[-41,-34],[-96,-55],[-45,-53],[-133,-39],[-92,-41],[-58,-44],[-99,-55],[-78,-58],[-91,-24],[-111,-49],[-128,-69],[-122,-74],[-94,-41],[-87,-19],[-91,-81],[-60,-21],[-121,-87],[-52,-31],[-115,-45],[-84,-15],[-75,-45],[-24,-29],[-23,-62],[-56,-53],[-43,-12],[-105,-65],[-65,-12],[-45,-23],[-78,-4],[-154,-39],[-68,-34],[-94,-13],[-100,-32],[-24,-19],[-30,-65],[-30,-27],[-129,-17],[-117,-9],[-146,-33],[-44,-22],[-71,-3],[-112,-43],[-58,-54],[-120,-81],[-30,-38],[-73,-5],[-47,-26],[-166,-64],[-53,-8],[-77,-58],[-15,-59],[-88,-11],[-52,-29],[-96,-4],[-81,-37],[-59,-8],[-117,-83],[-147,-23],[-56,-42],[-49,-21],[-36,-37],[-56,8],[-128,-34],[-141,-19],[-74,-48],[-54,-23],[-85,-10],[-93,-49],[-206,-67],[-140,-66],[-373,-146],[-49,-40],[-59,-1],[-61,-26],[-39,-38],[-44,-17],[-61,3],[-105,-11],[-78,-38],[-117,-27],[-83,-74],[-79,-15],[-66,1],[-206,-65],[-12,-23],[-73,-41],[-56,-1],[-84,-28],[-114,-7],[-116,-40],[-86,-46],[-80,-11],[-131,-49],[-43,3],[-76,-37],[-48,-6],[-93,-45],[-101,-15],[-101,-26],[-49,-24],[-156,-41],[-99,-57],[-117,-35],[-160,-31],[-61,-28],[-60,-12],[-110,-39],[-160,-91],[-121,-31],[-73,-6],[-96,-32],[-161,-77],[-145,-13],[-33,-30],[-103,-11],[-112,-46],[-26,-20],[-49,3],[-112,-40],[-139,-10],[-49,-19],[-203,-38],[-40,-25],[-119,-31],[-56,0],[-47,-16],[-58,2],[-120,-27],[-89,-6],[-125,-33],[-73,-35],[-114,-12],[-181,-61],[-114,-9],[-126,0],[-79,-9],[-62,-22],[-118,0],[-117,-35],[-84,-2],[-103,-43],[-84,-11],[-222,-51],[-115,-12],[-159,-43],[-117,5],[-70,-10],[-86,-29],[-138,-25],[-30,-20],[-194,-46],[-49,1],[-180,-41],[-135,-24],[-63,-22],[-159,-14],[-138,-56],[-44,-26],[-131,-26],[-156,-52],[-49,-3],[-56,-21],[-161,-34],[-26,-17],[-109,-18],[-77,-39],[-121,-50],[-61,-56],[-79,-17],[-75,-4],[-198,-62],[-107,-15],[-70,-30],[-137,-74],[-150,-48],[-67,-33],[-61,-18],[-82,-58],[-55,-71],[-79,-14],[-38,-66],[-37,-39],[-102,-53],[-66,5],[-96,-16],[-99,4],[-140,-29],[-86,4],[-184,-35],[-51,-25],[-143,-12],[-161,-57],[-119,-17],[-137,-47],[-117,-29],[-45,4],[-114,-27],[-46,7],[-116,-25],[-73,-25],[-32,-31],[-50,1],[-45,-18],[-30,9],[-348,-83],[-122,-75],[-125,-31],[-355,-43],[-73,-37],[-64,3],[-179,-28],[-86,-33],[-61,-10],[-33,15],[-306,-37],[-63,-23],[-55,-39],[-175,-14],[-35,-11],[-149,-5],[-61,10],[-121,1],[-65,-12],[-28,10],[-159,1],[-63,-20],[-173,-11],[-93,2],[-168,-10],[-102,-24],[-70,14],[-152,-28],[-79,12],[-154,6],[-59,-28],[-27,5],[-176,-4],[-88,-19],[-73,4],[-123,-29],[-73,-25],[-95,5],[-65,-13],[-136,-9],[-84,-18],[-90,3],[-31,-10],[-124,-2],[-123,-27],[-65,-1],[-150,-30],[-119,-6],[-51,-16],[-86,4],[-57,-13],[-125,-4],[-28,5],[-184,-3],[-171,6],[-41,-9],[-145,-2],[-168,19],[-261,6],[-54,-15],[-121,-2],[-249,45],[-142,14],[-155,2],[-60,14],[-179,0],[-106,-10],[-95,11],[-136,-32],[-100,-45],[-39,-34],[-92,-22],[-81,-32],[-105,-14],[-123,7],[-96,-13],[-87,9],[-86,-15],[-67,0],[-65,-19],[-240,3],[-147,16],[-87,16],[-96,0],[-36,15],[-85,-2],[-146,15],[-170,-1],[-154,19],[-85,19],[-77,-9],[-170,0],[-81,22],[-208,0],[-285,34],[-62,2],[-175,27],[-70,-1],[-110,24],[-263,25],[-245,44],[-98,-7],[-234,45],[-79,-7],[-203,34],[-94,10],[-133,25],[-145,59],[-93,12],[-72,20],[-98,17],[-145,39],[-190,84],[-166,12],[-74,13],[-152,50],[-149,21],[-56,13],[-148,18],[-149,25],[-171,53],[-94,12],[-114,33],[-93,17],[-90,55],[-65,22],[-224,40],[-115,3],[-221,-19],[-94,-4],[-126,-14],[-119,-34],[-88,-37],[-116,-74],[-49,-11],[-158,-94],[-65,-25],[-59,-53],[-81,-52],[-63,-14],[-167,-67],[-76,-24],[-219,-50],[-106,6],[-110,42],[-149,24],[-125,31],[-64,-39],[-100,-39],[-114,-17],[-56,-17],[-78,7],[-133,-27],[-87,-27],[-138,-14],[-93,-40],[-138,-18],[-135,-53],[-96,-51],[-83,-54],[-56,-12],[-112,-46],[-82,-66],[-87,-49],[-77,-19],[-93,-42],[-85,-63],[-53,-22],[-63,-54],[-85,-47],[-86,-70],[-26,-12],[-147,-28],[-128,-61],[-87,-30],[-72,-2],[-82,-81],[-105,-25],[-79,-47],[-52,-51],[-140,-52],[-47,-41],[-81,-39],[-61,-48],[-71,-34],[-37,-38],[-42,-21],[-84,-75],[-79,-27],[-59,-34],[-89,-78],[-119,-36],[-86,-63],[-72,-42],[-124,-88],[-126,-48],[-37,-38],[-87,-66],[-27,-41],[-98,-57],[-182,-85],[-126,-96],[-54,-74],[-161,-99],[-47,-57],[-53,-35],[-36,-44],[-104,-60],[-79,-28],[-59,-47],[-128,-57],[-123,-100],[-75,-37],[-49,-54],[-157,-93],[-66,-53],[-35,-43],[-74,-59],[-77,-78],[-112,-73],[-85,-35],[-77,-18],[-96,-41],[-70,-77],[-79,-12],[-122,-32],[-82,-35],[-81,-8],[-147,-35],[-55,2],[-98,-38],[-55,-48],[-19,-35],[-40,-29],[-155,-50],[-139,-32],[-156,-83],[-91,-9],[-127,-46],[-44,-8],[-397,-14],[-128,-27],[-146,-17],[-58,-32],[-120,-20],[-82,-51],[-88,-2],[-143,-57],[-209,-40],[-285,-105],[-59,-42],[-60,-25],[-79,-48],[-155,-51],[-48,-21],[-86,-3],[-58,-72],[-165,-34],[-34,-24],[-91,-32],[-78,-62],[-102,-41],[-113,-87],[-148,-77],[-88,-27],[-126,-73],[-60,-9],[-108,-65],[-46,-42],[-119,-48],[-67,-16],[-178,-89],[-125,-90],[-62,-24],[-53,-51],[-49,-22],[-48,-43],[-76,-29],[-42,-37],[-185,-61],[-259,-19],[-229,-49],[-139,-13],[-49,-19],[-145,-13],[-129,-95],[-18,-59],[-85,-132],[-39,-40],[-99,-56],[-67,-55],[-84,-44],[-111,-10],[-267,-104],[-74,-61],[-141,-61],[-71,-46],[-16,-28],[-94,-52],[-200,-199],[-37,-46],[-41,-26],[-48,-107],[-41,-66],[-74,-56],[-101,-62],[-131,-71],[-222,-61],[-89,-47],[-127,-39],[-126,-113],[-184,-89],[-145,-58],[-49,-8],[-115,-49],[-152,-35],[-83,-33],[-169,-102],[-146,-45],[-87,-37],[-55,-1],[-46,-19],[-56,-4],[-316,-45],[-209,-50],[-145,-26],[-245,-9],[-152,-23],[-69,-6],[-252,-47],[-119,-13],[-79,-19],[-73,-2],[-199,-21],[-156,-41],[-143,5],[-280,-25],[-105,-15],[-109,-1],[-75,-23],[-268,-27],[-46,-10],[-114,3],[-192,-19],[-328,-40],[-205,-45],[-54,-16],[-140,-21],[-88,-22],[-153,-28],[-51,-15],[-163,-27],[-185,-49],[-114,-37],[-92,-19],[-125,-37],[-647,-269],[-62,-37],[-127,-60],[-98,-59],[-190,-101],[-67,-26],[-152,-90],[-44,-19],[-181,-111],[-290,-258],[-204,-168],[-106,-101],[-38,-51],[-113,-83],[-124,-115],[-145,-158],[-53,-51],[-98,-124],[-115,-121],[-194,-259],[-108,-181],[-60,-124],[-35,-46],[-90,-179],[-82,-197],[-49,-159],[-34,-77],[-35,-150],[0,-57],[-58,-211],[-34,-93],[-47,-96],[-18,-54],[-60,-134],[-98,-196],[-17,-50],[-53,-97],[-55,-116],[-52,-73],[-99,-191],[-101,-159],[-65,-147],[-55,-93],[-48,-145],[-57,-95],[-43,-110],[-67,-214],[-43,-94],[-5,-67],[-37,-78],[-37,-45],[-27,-125],[-34,-103],[-3,-67],[-52,-211],[-12,-92],[-34,-121],[-11,-173],[7,-70],[-14,-165],[-18,-142],[-20,-79],[8,-54],[-23,-84],[-15,-142],[-19,-56],[-36,-59],[-85,-80],[-98,-67],[-139,-42],[-17,-30],[-47,-12],[-96,7],[-49,-12],[-59,-81],[19,-25],[-53,-27],[-69,5],[-82,-32],[-62,6],[-95,-33],[-26,-29],[-34,22],[-109,8],[-121,-37],[-110,-63],[-32,-27],[-57,-95],[-20,-132],[64,-12],[9,-108],[80,-39],[-39,-53],[-39,16],[-128,-45],[-127,-36],[-192,-94],[-111,-64],[-190,-122],[-73,-38],[-77,-55],[-105,-90],[-171,-184],[-120,-103],[-164,-210],[-67,-111],[-32,-134],[-47,-138],[-12,-73],[8,-61],[-25,-37],[2,-61],[-18,-42],[9,-34],[-18,-84],[31,-112],[31,-35],[53,-94],[74,-48],[-33,-23],[-59,-7],[-43,-23],[-88,-90],[-60,-13],[-49,-27],[-64,12],[-39,-26],[-141,-5],[-50,-15],[-27,-26],[-53,-10],[-65,-38],[-30,-61],[-59,-51],[-13,-29],[-43,-24],[-135,-32],[-118,-49],[-79,-58],[-135,-52],[-33,-67],[-55,-35],[-58,-74],[-10,-37],[-42,-45],[-18,-81],[18,-31],[-75,-18],[-31,-34],[-101,35],[-86,9],[-71,-30],[-52,-3],[5,-32],[-52,-23],[-32,28],[-92,6],[-89,-10],[-135,-39],[-85,-46],[-29,-29],[9,-34],[-47,-99],[-100,-31],[-36,-44],[16,-33],[-28,-99],[-21,-18],[14,-68],[-69,-87],[-28,-18],[-33,-51],[-64,-23],[-25,16],[-75,-59],[-50,13],[-38,-33],[-44,26],[-64,1],[-97,-38],[-39,104],[-26,19],[18,67],[-22,14],[20,47],[-55,55],[-229,105],[-169,58],[-241,63],[-299,49],[-73,-1],[-72,22],[-130,27],[-101,-10],[-88,12],[-134,-3],[-216,-26],[-173,-41],[-75,-51],[28,-35],[-49,-46],[-80,-52],[-63,0],[-38,-50],[-66,-3],[-27,-17],[-20,-88],[26,-38],[-75,-36],[19,-48],[-70,-39],[-36,-61],[-55,-42],[-10,-24],[-70,-58],[-93,-7],[-21,-46],[46,-60],[-47,-19],[10,-29],[-52,-28],[-54,-68],[4,-23],[-74,-75],[-21,45],[-68,15],[-63,-9],[-59,-62],[-70,-49],[-47,-59],[-85,-87],[-48,-22],[-23,44],[-52,32],[-76,-5],[-82,41],[-93,-1],[-47,-71],[-106,-52],[-36,-44],[-64,12],[-63,-34],[-145,-46],[-35,6],[-133,-73],[-121,-14],[-49,-39],[-57,13],[-18,28],[-62,21],[7,34],[91,1],[50,37],[-26,50],[77,55],[18,63],[-33,89],[-51,58],[-105,69],[-62,18],[-40,-33],[-30,34],[17,27],[62,35],[81,-11],[25,30],[11,57],[-8,86],[-55,34],[-26,51],[60,64],[-52,37],[-101,102],[24,37],[-64,68],[-6,33],[-50,46],[-35,52],[-39,-20],[-31,16],[61,40],[5,45],[-66,56],[-100,111],[-164,112],[-146,92],[-265,134],[-117,36],[-108,52],[-82,26],[-100,17],[-130,39],[-119,20],[-141,2],[-78,-15],[-19,-49],[-36,-16],[-31,-73],[-72,-30],[18,-36],[-36,-39],[31,-63],[-38,-33],[-71,17],[-151,-16],[-93,-44],[-1,-41],[26,-38],[-31,-25],[25,-31],[-50,-56],[-54,28],[-11,112],[-82,31],[-157,17],[-134,23],[-111,-3],[-114,-17],[-91,-4],[-46,-18],[-49,12],[-87,-14],[-80,-30],[-32,-40],[-59,7],[-104,-28],[-71,-55],[-89,-2],[-73,16],[-127,-11],[-103,-25],[-27,-38],[-116,6],[-80,-38],[-31,-27],[-64,40],[11,36],[-35,55],[-69,70],[-79,62],[-147,50],[-111,50],[-144,37],[-111,14],[-84,0],[-91,-18],[-78,-28],[-82,-81],[25,-59],[-34,-48],[-66,-3],[-30,29],[-73,25],[-100,-10],[-38,-37],[-43,19],[-21,39],[-41,10],[-107,2],[-168,-31],[-34,19],[-91,16],[-102,-6],[-114,21],[-193,-3],[-44,-20],[5,-37],[-55,-13],[-88,32],[-89,6],[-98,-5],[-182,-30],[-95,-35],[-78,-47],[-52,-54],[-16,-42],[22,-50],[-68,27],[-73,-25],[-59,-61],[-22,-40],[0,-68],[41,-9],[24,-32],[9,-65],[28,-28],[91,-6],[-1,-44],[-56,-64],[-60,-16],[-43,10],[-29,-24],[38,-29],[-82,-49],[-6,-39],[81,-36],[-59,-34],[-56,6],[-32,-16],[-45,13],[-7,26],[45,35],[36,2],[19,51],[-2,42],[-82,25],[-62,4],[-61,41],[25,26],[-50,55],[-84,15],[-132,12],[-68,-9],[-61,-22],[-57,-38],[-44,-58],[3,-25],[-36,-47],[-116,-48],[-52,32],[13,60],[-39,77],[-77,53],[-29,6],[-71,-43],[-47,16],[-17,47],[-125,29],[-177,85],[-166,49],[-64,-20],[-47,54],[-348,60],[-50,1],[-198,34],[-316,3],[-212,-40],[-59,-29],[-72,-63],[20,-20],[3,-101],[-68,-20],[-19,42],[-40,38],[-112,-8],[-165,-50],[-130,-68],[-102,-80],[-198,-84],[-85,-52],[-91,-83],[-82,-112],[3,-41],[30,-26],[-10,-52],[35,-40],[2,-51],[28,-26],[52,-15],[23,-29],[-48,-23],[-18,-28],[44,-77],[-91,10],[-80,40],[-111,-38],[-15,-33],[-47,-33],[-46,-9],[-28,93],[-46,42],[-77,50],[-116,31],[-62,-13],[-38,-44],[37,-35],[-28,-23],[-69,-25],[-14,-34],[-38,-17],[11,-30],[-46,-49],[-29,48],[29,41],[-121,44],[-46,-23],[39,-106],[-54,17],[-101,-13],[16,-54],[41,-30],[-36,-27],[-74,25],[-45,35],[-6,24],[-66,3],[-61,-18],[-9,23],[26,39],[-9,33],[-74,20],[-71,-5],[-53,-59],[-15,-80],[-63,12],[-45,-24],[-45,5],[-34,68],[-66,30],[-36,-38],[-52,-21],[-23,14],[-86,-51],[-38,8],[-71,-49],[-54,38],[56,125],[-5,42],[-54,33],[-48,-13],[-107,14],[-17,-39],[-37,16],[20,51],[-23,34],[36,29],[41,-7],[87,18],[56,-22],[38,38],[27,74],[55,50],[-8,53],[-59,142],[-86,165],[-31,38],[-63,128],[-76,180],[-39,113],[-81,178],[-89,123],[-97,99],[-69,82],[-56,50],[-62,71],[-76,40],[-69,56],[-80,121],[-69,48],[-53,57],[-173,110],[-89,34],[-34,28],[-97,31],[-72,12],[-98,0],[-43,-26],[-20,-36],[39,-30],[2,-29],[-46,-18],[-52,24],[-128,11],[-91,25],[-84,12],[-128,0],[-172,-10],[-144,-27],[-97,-24],[-103,-49],[-62,-65],[-14,-86],[-58,-64],[-42,-62],[19,-75],[84,-37],[39,15],[30,-20],[-47,-67],[-58,-21],[-65,-1],[-34,-35],[-55,-7],[-37,44],[-71,28],[-61,4],[-29,-35],[-44,6],[-74,-38],[-11,-68],[44,-9],[-14,-35],[-134,39],[-51,-10],[-198,15],[-86,-21],[-43,-23],[-58,-77],[-172,-19],[-91,-26],[-86,-59],[-13,-56],[-109,10],[-71,62],[-72,80],[-234,140],[0,27],[-118,33],[-80,46],[-51,16],[-141,62],[-101,27],[-110,50],[-94,27],[-50,24],[-77,13],[-128,1],[-97,-18],[-75,-75],[5,-50],[28,-29],[-52,-26],[-39,2],[-28,-51],[-48,-48],[-61,-21],[-76,-42],[-30,-39],[-19,-64],[-45,-17],[-14,29],[6,54],[38,26],[-5,31],[-74,92],[-106,91],[-170,113],[-275,157],[-69,31],[-112,66],[-163,74],[-131,67],[-142,56],[-132,24],[-68,20],[-75,5],[-34,-15],[14,-36],[-41,-43],[-68,1],[-39,-21],[-40,9],[-145,-74],[-44,51],[-58,14],[-181,82],[-181,64],[-57,7],[-61,-65],[-18,26],[-99,21],[-176,50],[-42,1],[-81,-39],[25,-43],[-36,-13],[-161,53],[-114,25],[-108,34],[-223,24],[-106,16],[-73,-4],[-97,8],[-75,-17],[-64,-35],[-25,-42],[42,-32],[-1,-38],[-51,3],[-252,68],[-145,19],[-114,-16],[-141,-35],[-61,-59],[28,-25],[1,-97],[-25,-23],[-46,6],[-59,-27],[-105,11],[-58,-28],[-5,-58],[-55,-7],[-11,-21],[-180,48],[-101,4],[-78,23],[-162,21],[-147,9],[-154,-4],[-87,-19],[-82,-48],[-28,-55],[22,-44],[-59,-46],[-11,-41],[-100,-49],[-14,-47],[44,-24],[-66,-66],[-23,4],[18,69],[-70,54],[-77,-1],[-100,24],[-43,43],[-77,36],[-83,3],[-32,37],[-126,31],[-43,-4],[-59,40],[-129,9],[-98,17],[-182,-1],[-79,-12],[-40,-19],[-73,-144],[-69,28],[-78,3],[-165,31],[-153,3],[-62,-37],[-78,15],[-124,-7],[-116,-19],[-60,-30],[-27,-52],[18,-46],[-177,38],[-82,-3],[-33,17],[-84,-26],[-86,18],[-71,-7],[-25,16],[-86,16],[-81,-3],[-106,36],[-78,9],[-175,-43],[-35,-41],[-69,-23],[-24,58],[-141,59],[-271,52],[-223,16],[-47,-12],[-41,-44],[-21,13],[-135,-28],[-85,-31],[-46,-28],[-35,-44],[28,-34],[-40,-35],[-32,-1],[-125,-34],[-42,-28],[25,-36],[-72,0],[-85,-45],[-34,-73],[-25,37],[-78,1],[-188,32],[-121,5],[-82,-18],[-53,1],[-113,-25],[-286,-24],[-58,-19],[-82,7],[-204,-15],[-77,9],[-76,29],[-79,11],[-48,20],[-125,30],[-154,8],[-106,-12],[-86,6],[-72,-9],[-83,-34],[-46,-39],[-146,23],[-99,0],[-49,22],[-62,4],[-141,27],[-76,-1],[-121,-24],[-227,-66],[-101,-47],[-115,-93],[41,-120],[7,-73],[65,-6],[10,-17],[-75,-54],[-135,-20],[-101,-35],[-115,-26],[-158,-58],[-97,-53],[-99,-106],[-125,-63],[-51,-2],[-86,-45],[-72,11],[-81,-15],[-28,-40],[-9,-59],[-21,-30],[-119,24],[-137,15],[-61,-20],[-70,-49],[-9,-34],[-83,11],[-62,30],[-135,30],[-263,78],[-75,9],[-168,45],[-80,14],[-82,25],[-107,11],[-123,32],[-164,17],[-144,32],[-120,43],[-117,17],[-97,-5],[-123,28],[-28,-8],[-354,47],[-102,25],[-298,24],[-90,-13],[-46,-17],[-81,-4],[-132,4],[-147,-16],[-101,23],[-116,-9],[-115,-28],[-127,-55],[-50,-8],[-66,-38],[-83,-2],[-126,-22],[-64,-37],[-26,-30],[-107,-3],[-10,38],[-66,57],[-153,28],[-76,35],[-43,7],[-216,107],[-134,5],[-41,38],[-69,24],[-178,36],[-46,-9],[-51,-33],[-62,0],[-128,-74],[-18,7],[-69,-44],[-63,-22],[-35,17],[-105,12],[-105,-14],[-38,-24],[-9,-104],[-43,-89],[-46,-30],[-83,21],[-108,-48],[14,-25],[-19,-42],[-49,-44],[-67,-15],[-94,-58],[-42,-50],[-33,-19],[-38,9],[-47,-15],[-29,24],[-88,-15],[1,44],[-60,43],[-115,14],[-132,3],[-39,-22],[-65,6],[-69,-13],[-71,10],[-97,-3],[-46,-30],[-61,24],[-299,3],[-43,-50],[-38,18],[-90,-63],[-83,-35],[-103,-19],[-18,-30],[-55,-3],[-36,-46],[-41,16],[-65,-29],[-33,-28],[-55,-76],[-7,-29],[-41,-13],[-43,-44],[-74,-28],[-11,-58],[11,-52],[-34,-37],[-33,-62],[-21,-69],[-70,-13],[-122,-127],[-33,11],[-39,-36],[-100,-3],[-44,-15],[-12,-54],[-75,-38],[-8,-61],[-40,-2],[-49,-44],[-46,-59],[-84,5],[-34,28],[-173,-40],[-79,-38],[-8,-29],[-79,-51],[-33,8],[-56,-25],[-44,-46],[-111,-68],[-25,32],[-121,-16],[-152,-55],[-92,-48],[-145,-104],[-53,-61],[-23,-51],[0,-58],[55,-11],[35,-30],[-86,-27],[-61,-36],[-107,-26],[-163,-94],[-137,-98],[-130,-126],[-92,-120],[-34,-75],[-12,-51],[8,-58],[54,-32],[66,-17],[-64,-39],[-139,-133],[-38,-9],[-34,-58],[-40,-20],[-91,-87],[-36,-14],[-63,-63],[-93,-104],[-151,-198],[-117,-187],[-98,-190],[-41,-94],[-64,-175],[-40,-142],[-63,-5],[-74,31],[-38,48],[-129,33],[-71,-32],[-10,-41],[-54,0],[-99,-33],[-35,36],[-42,-51],[15,-47],[31,-31],[63,5],[53,73],[136,-2],[93,-77],[36,12],[30,50],[33,13],[118,-12],[-44,-235],[-12,-199],[17,-202],[21,-92],[42,-110],[34,-52],[133,-3],[27,-44],[118,-56],[34,-68],[63,-76],[50,-43],[64,-25],[75,46],[167,25],[22,18],[55,2],[67,-37],[39,-90],[-63,-8],[-21,-34],[-52,4],[-122,-16],[-130,12],[-6,-36],[-33,-11],[-99,2],[-11,-33],[-50,-30],[-72,-76],[-37,-10],[-51,20],[-47,-86],[-184,-22],[-26,34],[-43,14],[-76,-13],[-97,22],[-52,24],[-30,38],[37,27],[78,23],[3,40],[71,29],[-14,108],[-32,50],[-86,73],[-37,8],[-44,-37],[-31,29],[-70,0],[-10,-33],[-40,-15],[-156,3],[-44,28],[40,62],[-42,45],[-101,23],[-191,-34],[-182,-67],[-118,-73],[-49,-45],[-33,-50],[6,-69],[41,-16],[54,4],[19,-44],[-47,-7],[-96,-112],[-58,-94],[-19,-64],[2,-37],[34,-7],[39,-57],[57,20],[27,-17],[-4,-91],[-65,-55],[-7,-37],[90,-58],[-3,-51],[-29,-16],[12,-35],[181,-54],[5,-45],[-75,-19],[-39,46],[-121,-28],[-69,25],[-73,-42],[-12,-43],[-39,-30],[-23,-57],[-1,-48],[73,-41],[-6,-21],[-60,-64],[-109,18],[-48,0],[7,54],[-52,-7],[-100,52],[-58,21],[3,32],[34,40],[46,-9],[41,28],[18,57],[-61,118],[-84,45],[-99,3],[-20,51],[-153,21],[-200,1],[-130,-14],[-166,-43],[-164,-77],[-77,-55],[-96,-98],[-6,-30],[40,-19],[-6,-51],[71,-19],[-19,-79],[-35,-46],[32,-60],[76,-39],[64,3],[-57,-49],[13,-28],[-5,-69],[-28,-21],[33,-44],[-16,-42],[-37,0],[-44,-40],[-10,-41],[28,-22],[-11,-38],[-42,10],[-22,30],[-102,51],[-96,-28],[-1,-45],[-27,-25],[-28,-71],[38,-19],[-4,-40],[-60,17],[-117,-21],[-57,0],[-3,32],[-102,5],[-35,-15],[-73,26],[86,71],[24,32],[55,22],[57,63],[-57,74],[-105,92],[-109,64],[-234,86],[-69,16],[-66,27],[-31,-1],[-106,33],[-25,-49],[-52,-13],[-10,-41],[-50,-18],[-86,3],[-52,17],[-68,-12],[-88,19],[11,62],[-44,61],[-147,82],[-75,20],[-39,23],[-58,-1],[-38,44],[-36,13],[-57,-14],[-84,24],[-30,37],[-32,6],[-72,-18],[-74,40],[-76,3],[-187,62],[-47,-10],[-61,-41],[-38,-10],[-64,37],[-62,3],[-203,47],[-126,15],[-265,42],[-251,18],[-337,-6],[-39,-11],[-177,-16],[-107,-21],[-149,-46],[-194,-79],[-74,-76],[-24,-53],[7,-52],[48,0],[35,-37],[12,-100],[-31,-67],[3,-58],[96,-19],[5,-33],[-85,-4],[-68,24],[-240,21],[-496,-24],[-105,-25],[-66,-38],[-54,7],[-83,-6],[-76,-35],[-76,-1],[-76,-38],[-30,-50],[36,-24],[-74,-33],[-90,-12],[-72,-29],[-245,-128],[-108,-73],[-70,-62],[-98,-102],[-67,-105],[-27,-54],[-35,-125],[-2,-56],[35,-43],[11,-67],[35,-91],[33,-34],[89,-9],[9,-70],[87,-34],[69,-8],[134,-32],[-14,-57],[-37,-36],[-45,6],[-16,-33],[-79,-14],[-39,-21],[-69,-5],[-71,-92],[-52,-42],[-16,-96],[-106,-25],[-16,-35],[-39,-6],[-11,-53],[-41,-35],[-59,-15],[-19,-20],[2,-47],[-88,-3],[-29,26],[-41,-7],[-119,11],[-97,-55],[-32,-5],[-56,-35],[-42,-3],[-18,-27],[-126,-14],[-95,-29],[-55,-27],[-99,-72],[-53,-55],[-12,-44],[20,-68],[-69,-34],[-61,20],[-129,24],[-138,7],[-85,-13],[-44,-40],[-49,10],[-83,-98],[-58,28],[-61,0],[-76,-17],[-16,-48],[-63,-6],[-4,-46],[-45,-4],[-40,30],[-84,-4],[-155,-25],[-37,-15],[-7,-66],[-35,20],[-89,-14],[-13,-30],[-77,-2],[-27,-32],[-60,13],[-125,-33],[-81,-32],[-25,-22],[16,-45],[-89,-14],[-33,-19],[-60,12],[-135,-44],[-170,-78],[-182,-100],[-123,-80],[-196,-162],[-179,-194],[-106,-156],[-72,-124],[-52,-102],[-86,-231],[-64,-241],[-14,-169],[4,-113],[27,-142],[44,-48],[66,-17],[38,40],[63,-24],[70,3],[59,-24],[11,-40],[45,-53],[-59,-23],[42,-82],[-43,-42],[-37,11],[-82,-36],[-59,11],[-14,-27],[-69,-26],[25,-31],[25,-64],[-59,-55],[-49,-2],[-76,48],[-27,44],[3,32],[-50,31],[-113,36],[-144,2],[-59,-18],[-77,-6],[-25,26],[-91,30],[-44,-19],[-47,15],[-39,-17],[-103,66],[-171,-83],[-58,-13],[-61,15],[-49,-2],[-18,-24],[-51,17],[-20,-36],[46,-17],[-28,-53],[-67,-13],[-46,27],[-33,-17],[-166,2],[-137,45],[-84,-3],[-34,-30],[-34,-66],[-68,1],[-62,-29],[-35,43],[-61,2],[-86,-29],[-130,-57],[-113,-78],[-61,-94],[29,-78],[-149,-7],[-30,25],[-90,8],[-21,21],[-48,-10],[-32,-34],[-29,32],[-64,-38],[-54,-114],[-12,-119],[15,-68],[25,-44],[41,-38],[91,-29],[75,25],[28,47],[72,-48],[-4,-27],[48,-25],[27,19],[73,-28],[50,-34],[-16,-90],[32,-22],[-89,-108],[-57,-53],[9,-46],[59,-80],[-104,-116],[-17,-41],[-45,-29],[-77,-11],[3,31],[53,55],[-15,44],[-41,-6],[-141,17],[-63,83],[10,65],[-32,27],[-21,53],[-99,34],[-136,36],[-202,28],[-56,-6],[-48,14],[-208,11],[-39,13],[-91,-1],[-110,-18],[-167,-42],[-122,-42],[-124,-65],[-19,-51],[-42,-10],[-56,-36],[-36,-58],[30,-29],[-37,-22],[-86,-24],[-44,32],[-55,-40],[5,-34],[-81,-3],[-10,37],[-51,19],[-155,-4],[-52,-9],[-71,-38],[-29,17],[28,54],[-11,27],[-46,25],[-67,3],[-109,-16],[-66,-23],[-46,6],[-88,-34],[-46,5],[-36,32],[-53,-9],[-68,57],[-43,13],[-59,75],[31,67],[97,15],[87,-13],[93,16],[102,62],[7,85],[-5,81],[-85,209],[2,33],[65,75],[19,68],[-5,31],[22,71],[-42,-16],[-17,-140],[-85,33],[-26,-3],[-57,29],[-67,-6],[-135,55],[-15,-65],[-29,-56],[-7,-43],[36,-103],[-5,-67],[-25,-77],[9,-59],[-36,-3],[-52,-36],[20,-102],[64,-48],[-13,-22],[49,-24],[-94,-41],[-88,-22],[-47,-23],[-101,-78],[-68,-77],[-28,-86],[20,-30],[47,4],[26,-30],[-41,-49],[-9,-53],[-64,6],[-70,-29],[-64,-11],[-170,66],[-43,-3],[-71,57],[-69,-10],[-135,38],[-123,-5],[-79,-48],[-28,-50],[-25,-129],[10,-72],[66,-15],[-1,-58],[93,-30],[68,1],[68,-77],[102,-13],[-4,-31],[39,-57],[34,-4],[48,-65],[82,-32],[87,-18],[29,-27],[60,7],[21,-19],[73,9],[79,22],[90,99],[16,82],[-2,54],[-109,77],[-68,24],[-44,37],[18,30],[40,6],[7,81],[-19,31],[56,13],[-8,-132],[62,-39],[22,-38],[98,16],[82,-46],[1,-29],[-52,-45],[-7,-81],[7,-77],[58,-148],[66,-45],[102,-4],[86,-38],[90,14],[48,-27],[24,15],[109,-16],[62,45],[48,-5],[107,33],[9,34],[81,7],[138,-75],[62,-88],[-30,-24],[53,-42],[-23,-39],[-49,49],[-50,4],[-12,43],[-42,27],[-109,10],[-53,-29],[-22,26],[-162,-1],[-52,-6],[-13,-47],[-63,6],[-38,-28],[15,-36],[-21,-33],[44,-34],[-57,-70],[-41,-24],[-118,-37],[-9,-63],[-95,-10],[-19,37],[37,45],[-122,48],[-49,-7],[-27,-27],[-140,3],[-10,51],[-164,28],[-67,-11],[-51,-41],[19,-67],[-112,47],[-27,70],[-56,47],[-47,22],[-87,22],[-69,-1],[-58,-26],[-23,39],[-56,56],[-62,20],[-54,30],[0,42],[-72,46],[-91,42],[-99,57],[-66,21],[-253,117],[-262,112],[-44,23],[-138,51],[-154,52],[-139,39],[-414,72],[-70,-4],[-91,11],[-39,-25],[-18,-35],[-51,-24],[-35,15],[-94,83],[-90,9],[-99,-9],[-134,-89],[-77,-18],[-60,-40],[-47,-10],[-77,-52],[-31,-59],[16,-70],[47,-35],[18,-85],[23,-31],[-17,-52],[-95,15],[-75,-46],[-16,-64],[17,-90],[-50,-45],[12,-30],[-60,-29],[-18,-47],[37,-70],[39,-30],[11,-59],[60,16],[28,-31],[-45,-119],[-64,69],[-89,16],[-18,-70],[-95,46],[-43,0],[-13,-31],[-48,8],[3,28],[-42,19],[16,78],[-26,78],[-53,14],[-63,34],[-7,45],[-43,19],[-245,158],[-199,102],[-107,37],[-47,26],[-320,109],[-36,-36],[-99,29],[-27,-18],[-10,-46],[13,-45],[-112,-1],[-105,-43],[15,-22],[-59,-23],[-52,23],[-44,-10],[-21,31],[26,90],[-70,29],[0,30],[-114,65],[-88,35],[-145,77],[-18,17],[-92,33],[-62,41],[-29,0],[-56,47],[-51,15],[-96,62],[-76,27],[-139,77],[-48,19],[-54,2],[-23,37],[-54,-10],[-194,82],[-86,22],[-139,69],[-63,-29],[-110,17],[-128,-19],[-75,-29],[-16,27],[14,41],[86,61],[192,89],[31,26],[116,37],[145,17],[103,20],[154,3],[27,-104],[98,-50],[95,-19],[49,-21],[68,-53],[102,-43],[158,-3],[84,19],[105,48],[26,-27],[92,-26],[5,87],[-101,17],[-43,-13],[-31,43],[48,7],[28,63],[80,-4],[68,-16],[41,31],[25,45],[80,54],[0,40],[-22,77],[-54,118],[-63,73],[-113,26],[-9,20],[-60,29],[-82,-14],[-71,-43],[-62,-70],[-19,-41],[-84,-28],[-16,-37],[-74,22],[-38,-18],[-85,61],[-62,14],[-29,41],[-42,28],[-88,12],[-151,47],[-83,-34],[-47,38],[-102,-11],[-24,-55],[-44,-48],[-17,-52],[14,-19],[-21,-44],[-35,-11],[-18,-44],[-124,47],[-51,-38],[-69,-14],[-8,-30],[-39,-28],[-6,-70],[15,-55],[-105,-46],[-32,-87],[9,-55],[43,-22],[-25,-40],[30,-13],[5,-61],[78,-54],[-60,-66],[-15,-37],[-101,-17],[-138,90],[-140,64],[-94,21],[-142,63],[-190,55],[-32,-12],[-47,18],[-116,-76],[-110,-31],[-64,23],[-72,3],[-36,43],[-89,15],[-59,33],[-82,6],[-62,19],[-89,11],[-126,0],[-168,-24],[-148,-54],[-126,-83],[-30,-73],[6,-47],[30,-21],[-11,-51],[-73,-18],[-36,-26],[-30,-55],[-3,-46],[59,-30],[-68,-46],[-49,68],[-80,53],[-38,-6],[-95,57],[-90,44],[-112,41],[-56,6],[-138,103],[-155,30],[-89,10],[-44,-12],[-44,-38],[-26,-50],[-70,2],[-65,55],[20,20],[-52,37],[-60,-19],[-157,26],[-139,43],[-132,-44],[10,-47],[-65,-27],[-101,53],[-72,24],[-128,21],[-155,61],[-149,29],[-95,7],[-200,-43],[-89,-45],[-104,-83],[-42,-53],[-4,-48],[-52,-21],[11,-41],[-17,-28],[-11,-70],[-42,-5],[24,-92],[-28,-47],[-84,6],[-16,24],[-76,30],[-80,10],[10,34],[-86,10],[-39,-23],[-71,21],[-30,64],[-51,29],[-80,-8],[-52,-28],[-25,24],[-53,11],[-61,-19],[-4,-28],[-53,-40],[-14,50],[-99,42],[-65,-25],[24,53],[-55,66],[-87,12],[-70,-24],[-17,-22],[-62,0],[2,47],[-36,72],[-133,81],[-107,49],[-68,18],[-120,49],[-197,41],[-112,7],[-142,-14],[-116,-33],[-54,-29],[-56,-57],[-34,-72],[60,5],[46,-25],[-38,-39],[-40,-9],[-89,-54],[-77,-11],[-96,23],[20,55],[-83,52],[-93,24],[-89,-70],[-64,6],[-107,-7],[-67,-55],[-37,3],[-32,-51],[-92,-38],[-49,-32],[-104,3],[-11,-43],[-88,0],[-51,26],[-54,-23],[-5,-25],[-106,-22],[-21,-57],[-46,-27],[-47,30],[7,30],[-26,41],[51,90],[-34,30],[-151,98],[-126,65],[-71,-30],[-59,17],[-58,-15],[-83,51],[-31,-16],[-45,27],[-50,6],[-8,46],[-61,-4],[-13,54],[-38,29],[-128,50],[-46,6],[-99,42],[-61,45],[-110,37],[-121,-7],[-15,32],[-40,6],[-44,-59],[-53,-5],[-30,19],[-58,-10],[-58,-36],[1,-55],[-36,-27],[-191,-14],[-40,33],[38,35],[-69,94],[-93,79],[-105,74],[-86,45],[-163,122],[-96,-4],[12,45],[-26,25],[-114,67],[-87,30],[-109,71],[-101,46],[-55,41],[-103,36],[-60,44],[-41,-15],[-42,52],[-46,6],[-24,30],[-14,60],[-92,52],[-27,-2],[-139,86],[-39,11],[-55,-14],[-95,51],[-64,56],[-220,118],[-67,17],[-129,55],[-15,37],[-36,-3],[-78,39],[-67,1],[-51,73],[-90,55],[-105,52],[-145,64],[-139,50],[-305,94],[-297,61],[-115,11],[-61,18],[-196,73],[-139,61],[-157,29],[-74,25],[-191,36],[-84,-10],[-284,-10],[-130,-43],[-94,33],[-79,-11],[-143,52],[-89,19],[-102,9],[-259,3],[-75,45],[-71,7],[-38,-35],[-39,-8],[-45,23],[-48,4],[-46,-28],[-123,-6],[8,52],[-15,34],[-58,38],[80,77],[-9,61],[30,33],[-11,42],[-43,91],[-46,73],[-19,8],[-59,101],[-51,41],[-10,43],[-52,64],[-73,69],[-134,146],[-46,4],[-42,52],[36,47],[-29,75],[1,38],[27,40],[-117,179],[-2,55],[-137,135],[-145,123],[-149,145],[-193,176],[-193,170],[-139,133],[-71,60],[-106,105],[-176,152],[-13,17],[-168,138],[-40,45],[-146,119],[-89,85],[-73,51],[-188,171],[-163,130],[-61,59],[-159,124],[-63,57],[-108,83],[-305,246],[-135,99],[-198,129],[-115,86],[-137,120],[-69,40],[-203,180],[-156,110],[-21,6],[-103,80],[-91,46],[-73,57],[-139,87],[-59,45],[-211,134],[-91,45],[-95,63],[-159,78],[-87,28],[-24,23],[-113,34],[-45,25],[-160,-118],[-90,25],[42,86],[-61,59],[-51,17],[-45,56],[-81,67],[-65,44],[-226,102],[-139,44],[-85,8],[-105,46],[-51,46],[-65,35],[-97,93],[-118,85],[-193,115],[-219,99],[-52,32],[-194,80],[-176,68],[-47,32],[-219,75],[-150,31],[-62,22],[-134,35],[-375,58],[-284,25],[-125,18],[-154,5],[-130,10],[-152,-20],[-111,-9],[-80,-18],[-84,12],[-158,-7],[-92,-22],[-68,-3],[-173,-47],[-190,-83],[-118,2],[-19,9],[-9,71],[-33,26],[42,62],[-4,54],[-36,39],[49,41],[25,-7],[139,76],[47,7],[42,33],[-6,62],[31,65],[54,12],[74,-6],[-13,43],[-60,-11],[-37,17],[-57,-1],[-111,-31],[-137,-5],[-38,67],[54,51],[89,-12],[15,61],[-63,-2],[-152,-68],[-58,-42],[-5,-63],[46,-43],[46,-123],[-38,-33],[-64,-2],[-100,24],[51,-54],[85,14],[30,-29],[26,-93],[-26,-82],[42,-72],[-6,-20],[37,-65],[92,1],[-28,-32],[-11,-122],[-31,-51],[16,-51],[-15,-103],[-45,-123],[-72,-86],[-32,-16],[-93,19],[-155,-25],[5,-56],[-20,-34],[-33,9],[13,102],[26,31],[-44,37],[-8,39],[-65,56],[-35,11],[-9,47],[-48,97],[-120,124],[-173,115],[-95,49],[-118,193],[-97,100],[-79,51],[-81,68],[-171,182],[-93,54],[-123,17],[21,67],[-24,75],[-103,26],[-9,69],[43,-1],[22,64],[3,59],[32,57],[-11,77],[-46,79],[-54,32],[76,48],[64,59],[37,80],[20,94],[-27,140],[-47,107],[-14,91],[-37,128],[-40,82],[-75,12],[27,48],[-27,122],[-26,74],[-74,114],[-31,23],[-21,51],[-76,108],[-31,28],[-73,113],[-52,47],[30,97],[-11,19],[52,57],[33,8],[28,60],[27,18],[-52,121],[-40,49],[33,104],[30,19],[-45,62],[23,33],[-10,65],[21,28],[-34,70],[24,24],[15,58],[-22,114],[13,101],[-15,60],[-55,85],[14,26],[-47,40],[-51,106],[27,29],[-23,74],[7,44],[-51,64],[-7,57],[-28,15],[-47,103],[38,4],[79,48],[44,55],[7,35],[-13,72],[-1,94],[9,62],[-20,66],[-47,65],[12,90],[-31,37],[29,55],[6,54],[-31,57],[-11,114],[-28,136],[-30,49],[1,37],[-33,49],[-6,80],[39,-22],[68,16],[34,53],[-39,35],[16,33],[93,84],[13,71],[-7,167],[11,46],[33,59],[-10,187],[33,75],[-7,55],[16,44],[-43,90],[-6,52],[-38,71],[-1,38],[-49,81],[14,45],[-28,31],[54,118],[-18,78],[-36,31],[-14,72],[14,23],[-32,99],[-38,89],[-21,81],[-23,24],[2,70],[-45,71],[-23,16],[1,60],[118,-38],[41,17],[44,44],[35,91],[8,61],[-28,45],[20,35],[41,7],[-21,103],[59,-2],[54,36],[29,37],[20,61],[36,5],[63,-16],[67,53],[35,94],[-18,41],[12,69],[34,7],[53,75],[-13,81],[-17,31],[-11,92],[-47,144],[-59,162],[-41,153],[-46,81],[-4,52],[-58,137],[15,41],[57,30],[-8,79],[-26,29],[-14,129],[-45,103],[128,-8],[159,-50],[73,12],[16,-48],[-13,-47],[21,-29],[40,-12],[141,-9],[82,17],[35,-11],[45,-81],[57,-28],[-3,-45],[54,-39],[148,-41],[82,-37],[10,-34],[42,-7],[-18,-63],[64,-32],[37,-33],[3,-34],[78,-39],[16,-32],[-3,-79],[37,-37],[-10,-35],[27,-70],[-18,-34],[62,-72],[176,-153],[79,-41],[80,-23],[89,-6],[117,-33],[35,-21],[152,-43],[70,-29],[223,-55],[185,-79],[95,-27],[146,-24],[94,2],[10,-17],[127,-13],[207,-14],[91,4],[56,-8],[127,11],[112,20],[91,-2],[51,9],[91,-12],[128,11],[141,28],[95,30],[29,0],[109,35],[70,34],[86,26],[97,4],[146,35],[48,27],[48,6],[110,44],[44,10],[114,67],[97,37],[126,71],[78,52],[54,47],[69,37],[42,47],[144,124],[67,88],[98,113],[282,286],[154,143],[77,96],[163,166],[31,42],[96,104],[87,70],[17,36],[118,128],[69,50],[34,37],[84,125],[61,65],[105,80],[26,48],[75,37],[103,118],[82,135],[49,97],[37,29],[77,130],[71,147],[75,178],[31,98],[55,134],[75,233],[92,268],[68,124],[27,112],[84,169],[83,-19],[-35,-50],[-4,-47],[133,-16],[48,7],[117,-76],[52,45],[-44,35],[-54,-3],[17,63],[98,59],[34,38],[24,62],[58,103],[43,119],[18,125],[7,178],[-1,164],[7,43],[19,377],[0,158],[-8,140],[11,164],[-7,44],[29,239],[-1,119],[42,132],[7,132],[-3,109],[-18,207],[-27,189],[-23,246],[-43,339],[-27,152],[-59,391],[-1,49],[-58,269],[-42,162],[-68,238],[-31,149],[-4,83],[-31,234],[-41,202],[-79,244],[-25,65],[-38,137],[-55,159],[-58,143],[-16,66],[-39,293],[0,96],[-10,114],[-22,121],[-66,247],[-9,92],[-16,66],[-3,69],[-45,325],[-15,62],[-20,149],[-26,59],[-64,217],[2,106],[16,45],[-1,77],[22,84],[28,19],[39,72],[19,153],[21,37],[25,118],[43,76],[8,90],[49,80],[28,97],[31,22],[7,67],[38,40],[28,0],[42,36],[91,104],[18,38],[49,-9],[36,18],[212,221],[31,57],[37,36],[43,69],[23,14],[63,80],[49,99],[39,44],[29,70],[21,5],[69,72],[74,-32],[38,8],[-15,-63],[11,-25],[73,-62],[21,-84],[-20,-45],[5,-80],[-25,-61],[-2,-39],[29,-29],[-81,-19],[-44,-41],[-115,-3],[-103,-86],[-60,-21],[-154,-16],[-61,-49],[-47,-125],[24,-64],[46,-41],[-49,-38],[-111,-22],[-62,-24],[-9,-51],[-61,-68],[-53,27],[-24,-20],[29,-32],[-45,-15],[-14,-73],[12,-41],[-4,-66],[15,-36],[78,-63],[-25,-91],[18,-27],[-15,-50],[66,-108],[62,-62],[-30,-54],[3,-61],[34,-74],[73,-88],[25,-60],[5,-64],[39,-77],[30,-6],[20,-42],[-28,-64],[-2,-101],[35,-41],[5,-132],[90,-52],[-21,-69],[82,-79],[-20,-59],[17,-36],[97,-44],[63,3],[-37,-54],[-11,-79],[6,-42],[56,-68],[76,-27],[9,-23],[-17,-61],[18,-30],[118,-51],[12,22],[-26,70],[2,62],[24,38],[32,-21],[20,-70],[76,-38],[38,25],[-5,46],[23,129],[-1,161],[-20,56],[-41,53],[-85,61],[-52,0],[-17,21],[12,50],[26,41],[-6,69],[-39,53],[-46,90],[-61,59],[7,33],[-28,71],[-13,82],[-29,33],[-2,58],[-53,66],[-46,31],[-48,0],[-19,65],[24,43],[14,90],[-31,42],[8,81],[-16,63],[-36,27],[-44,67],[-45,1],[-21,68],[-86,80],[26,103],[-6,66],[-32,34],[2,41],[57,18],[82,-27],[-7,-46],[85,-85],[85,-38],[82,-60],[105,-119],[52,-1],[139,41],[28,22],[1,79],[54,7],[68,-36],[63,-72],[99,-64],[42,-18],[87,45],[63,-10],[61,14],[80,49],[45,6],[48,45],[-24,35],[-62,57],[34,39],[9,95],[40,38],[10,75],[3,101],[34,31],[-10,59],[-124,30],[-62,24],[-3,26],[47,26],[-14,75],[-55,16],[-8,53],[27,36],[-46,64],[-58,35],[-87,17],[-108,-7],[-79,-37],[-52,-2],[-81,-18],[-61,43],[1,40],[41,36],[-38,60],[11,121],[36,24],[-3,42],[-51,67],[24,66],[-51,0],[-48,36],[-10,66],[78,14],[26,-13],[53,17],[54,45],[151,229],[32,121],[27,56],[33,122],[3,134],[31,208],[0,63],[16,70],[-9,118],[-31,119],[-15,152],[-43,94],[-90,100],[-28,51],[-47,56],[-111,102],[-62,48],[-53,25],[6,30],[67,-2],[56,13],[60,31],[55,4],[38,23],[61,70],[27,49],[22,70],[12,160],[-10,90],[-40,117],[-60,87],[-62,54],[-55,22],[-52,1],[-118,45],[-156,-7],[-7,18],[30,80],[-33,61],[24,65],[-10,71],[-43,63],[-66,37],[-38,43],[-69,4],[16,71],[33,-25],[112,-27],[20,-52],[100,-27],[63,11],[56,-3],[62,-19],[67,6],[86,43],[109,85],[136,132],[68,80],[49,124],[2,50],[-30,109],[-33,29],[8,28],[57,77],[36,28],[77,101],[56,103],[23,77],[7,145],[-51,151],[-11,49],[-41,0],[-1,42],[-50,0],[-9,42],[32,18],[17,88],[-5,114],[-21,57],[-86,39],[-135,18],[-39,-26],[-56,23],[123,28],[80,42],[53,83],[27,76],[10,72],[-12,77],[-32,8],[-47,56],[-2,47],[41,9],[-115,186],[17,69],[-9,65],[-18,14],[-19,65],[-5,62],[-69,16],[-58,63],[63,33],[129,126],[97,18],[13,12],[42,101],[-29,69],[54,13],[44,-11],[41,-30],[68,6],[20,38],[88,95],[5,83],[81,-21],[76,-44],[127,-32],[98,-53],[23,-65],[104,57],[47,74],[13,59],[-7,90],[54,16],[43,-16],[108,54],[42,-30],[26,-61],[44,-23],[-22,-29],[-3,-89],[52,-35],[-27,-46],[9,-72],[16,-40],[31,-16],[36,-57],[18,47],[42,15],[54,65],[108,-12],[64,36],[57,60],[84,27],[14,28],[74,-38],[-1,34],[-33,43],[-98,-2],[-63,-33],[-70,-7],[-28,-17],[-41,-112],[-33,35],[-68,21],[-34,-19],[-2,-52],[-51,3],[9,72],[-47,75],[8,52],[-9,53],[-29,13],[3,59],[-19,32],[28,108],[-24,93],[-73,117],[-9,110],[-27,54],[34,34],[34,-26],[23,-48],[90,-44],[73,-17],[43,8],[64,40],[99,1],[61,27],[83,64],[7,39],[-81,135],[-9,75],[13,42],[39,19],[48,-6],[41,-48],[1,-70],[29,-44],[80,-15],[78,14],[87,29],[31,29],[5,45],[-59,-9],[20,-32],[-20,-29],[-43,-14],[-106,-9],[-58,18],[-23,29],[26,78],[-87,69],[-64,4],[-63,-60],[-13,-91],[55,-173],[29,-18],[-62,-49],[-63,10],[-314,98],[-35,-6],[-35,-32],[-93,-24],[-63,-72],[-50,-33],[-104,-24],[-48,-43],[-12,-61],[18,-31],[61,-23],[-21,-22],[-63,7],[-31,-17],[-29,-46],[-40,-29],[-39,-85],[-80,-30],[-86,-7],[-74,-20],[-16,49],[-46,56],[-10,75],[-55,25],[-85,8],[-37,-17],[-9,-74],[-20,-54],[39,-18],[-31,-65],[2,-46],[127,-89],[-65,-81],[-35,-28],[-98,34],[-57,-4],[-89,-41],[2,-25],[58,-34],[8,-33],[-27,-76],[-61,-20],[-69,4],[-108,-108],[-45,-55],[-78,2],[33,48],[-25,17],[39,79],[86,15],[26,31],[45,98],[50,71],[21,176],[-10,50],[5,109],[-17,26],[29,122],[-3,43],[27,120],[2,85],[-2,279],[-6,99],[11,9],[-1,166],[7,95],[3,206],[-15,150],[-37,195],[10,33],[-6,316],[-19,112],[-25,65],[-114,165],[-36,19],[-124,182],[38,75],[23,70],[13,125],[-14,119],[-35,142],[-14,23],[-40,170],[-61,183],[-37,90],[-114,141],[-35,80],[-15,101],[-47,114],[-36,30],[-15,43],[16,50],[-30,66],[-77,63],[-13,39],[-6,94],[-35,81],[-17,73],[-73,124],[-65,75],[-59,52],[-89,146],[-14,108],[-54,67],[-25,17],[-53,70],[-46,118],[-48,76],[-59,116],[-35,43],[-26,86],[-64,96],[-74,71],[-6,38],[-41,69],[-85,75],[-13,36],[-91,89],[-46,79],[-18,81],[-130,142],[-55,51],[-70,28],[7,31],[-43,24],[-27,34],[41,37],[-23,76],[-68,124],[-78,98],[-78,59],[-16,71],[-26,57],[-14,92],[-37,49],[-62,126],[-23,92],[-67,93],[-82,154],[-48,51],[-135,192],[-72,122],[-79,110],[-69,51],[-66,62],[-53,109],[-42,60],[-116,119],[-247,348],[-19,33],[-106,133],[-85,74],[-29,56],[-135,180],[-22,83],[-75,191],[-31,57],[-78,184],[-12,89],[-86,177],[-37,66],[-43,106],[-60,94],[-101,197],[-25,113],[-3,71],[-22,84],[-62,127],[-18,79],[-20,37],[-5,80],[-34,74],[-19,91],[-34,54],[-58,50],[-52,22],[-25,129],[-58,124],[-70,94],[-27,71],[-70,97],[-18,51],[-59,53],[4,58],[-94,200],[-22,60],[-100,132],[-68,17],[-1,29],[47,58],[-4,50],[-24,45],[-9,75],[-44,33],[21,73],[-15,46],[-64,109],[-35,30],[-10,57],[-31,83],[-70,90],[-32,14],[-12,45],[-45,62],[-57,52],[-45,76],[-57,46],[-3,39],[-33,103],[-75,97],[-64,100],[-44,43],[-63,42],[11,29],[1,83],[-19,52],[-52,67],[-69,140],[-100,132],[-48,36],[-54,15],[-20,25],[-47,131],[-46,43],[-16,42],[-120,139],[-66,99],[-102,74],[-63,30],[-73,19],[-108,-6],[-46,-20],[0,183],[17,94],[-9,131],[-26,113],[-54,110],[-11,47],[-35,51],[-24,82],[-40,69],[-49,62],[-28,79],[-42,73],[-24,75],[-74,73],[-9,48],[-28,58],[-33,35],[2,56],[-19,37],[-4,64],[-86,219],[-64,148],[-20,29],[-84,157],[-23,130],[-31,40],[-61,117],[-49,54],[-11,57],[-39,64],[-2,44],[-30,50],[-43,22],[-55,61],[11,56],[-28,54],[-43,23],[-11,49],[18,22],[6,75],[-72,104],[-109,30],[-30,36],[22,94],[17,33],[1,62],[50,61],[10,90],[-13,49],[-62,116],[-68,79],[-112,70],[-15,42],[12,58],[-22,33],[-86,79],[-61,20],[-69,-14],[6,65],[-22,24],[81,63],[88,104],[26,69],[0,99],[-14,62],[-32,52],[-66,148],[13,60],[-17,58],[-75,119],[-27,75],[-46,87],[-15,66],[19,340],[-18,127],[-5,114],[-27,90],[-6,102],[-61,168],[9,53],[-18,93],[-78,100],[-74,46],[-131,117],[44,78],[47,15],[72,48],[78,79],[24,57],[13,110],[17,61],[-8,116],[-15,73],[-38,118],[-15,73],[-31,44],[-4,33],[-61,106],[-65,52],[-118,34],[-19,-12],[-52,33],[-98,36],[-51,-4],[-30,-20],[-27,31],[53,45],[-29,94],[9,82],[-60,34],[50,51],[9,48],[-12,62],[-24,40],[3,66],[48,53],[17,44],[-4,58],[55,40],[-14,88],[48,75],[-16,88],[-27,50],[22,35],[-40,104],[2,75],[-92,179],[-4,79],[-76,224],[-28,127],[-38,81],[-37,42],[-48,31],[-57,14],[-76,-29],[-55,34],[39,108],[-9,111],[-80,67],[-55,14],[21,30],[-7,44],[38,21],[17,83],[-9,27],[55,136],[-12,43],[10,48],[57,37],[19,73],[-13,49],[-53,98],[-17,1],[22,109],[-26,156],[96,127],[15,52],[26,33],[20,84],[0,48],[41,34],[0,36],[30,111],[12,106],[18,68],[-8,73],[13,43],[-7,65],[-39,110],[-8,109],[13,51],[-18,96],[15,78],[-20,119],[13,75],[26,18],[12,52],[-12,85],[-81,162],[10,27],[-40,66],[-102,218],[1,37],[-35,220],[16,71],[-36,88],[-18,98],[15,75],[-29,250],[0,105],[16,100],[-6,104],[14,31],[-22,112],[18,136],[-2,58],[-19,86],[15,222],[18,81],[60,145],[24,165],[-4,136],[24,79],[40,85],[27,85],[25,143],[1,103],[27,83],[-7,79],[13,70],[-12,193],[37,131],[67,131],[20,59],[62,67],[52,132],[35,74],[-16,95],[16,102],[-23,109],[-68,178],[-93,209],[-63,115],[-80,196],[-48,179],[-23,64],[-117,155],[-34,81],[2,50],[46,119],[-2,137],[-15,97],[-40,107],[-17,63],[-101,233],[-117,151],[-143,126],[-37,88],[-5,112],[-22,59],[-14,70],[-86,127],[66,35],[34,59],[3,43],[-29,84],[12,51],[-29,90],[-57,103],[-15,64],[-48,78],[-21,74],[-31,71],[-57,96],[2,44],[-31,58],[-27,105],[-41,100],[-25,98],[-6,60],[-48,76],[15,59],[-20,90],[-53,115],[-26,32],[-36,112],[-66,125],[-26,156],[-28,53],[-41,42],[-79,114],[-71,88],[-60,55],[-27,38],[-133,146],[-84,112],[-126,97],[-59,77],[-75,81],[-74,61],[-67,32],[-100,123],[-138,143],[-72,50],[-10,27],[-78,73],[-33,16],[-32,42],[-102,78],[-19,30],[-63,30],[-113,100],[-57,59],[-112,99],[-9,19],[-87,84],[-106,91],[-113,84],[-79,69],[-56,33],[-139,132],[-119,144],[-75,73],[-132,153],[-189,188],[-50,41],[-126,145],[-25,51],[38,63],[-11,67],[-47,48],[-32,14],[-22,41],[-3,58],[-37,62],[37,52],[27,81],[-3,36],[-61,131],[-20,78],[-38,103],[-60,97],[-55,61],[-129,29],[-38,-7],[-28,21],[-9,41],[-66,36],[-71,7],[-113,-4],[-3,79],[34,17],[124,22],[88,44],[-22,-50],[37,-10],[85,10],[43,22],[59,69],[31,13],[-2,53],[30,16],[41,164],[-4,35],[13,91],[-4,39],[22,124],[-17,135],[-26,90],[-65,167],[-76,127],[6,92],[50,49],[17,43],[16,102],[-24,97],[-45,88],[-28,31],[10,34],[-24,51],[7,50],[-21,39],[-16,126],[-72,114],[-13,70],[-32,38],[-10,41],[-54,76],[-39,91],[-28,32],[-11,67],[-47,47],[-45,26],[-55,107],[-1,23],[-102,179],[-5,63],[-32,42],[-7,35],[-40,65],[-14,67],[-43,31],[-46,54],[-113,160],[-31,58],[-71,101],[-25,82],[-57,49],[-66,113],[-43,44],[-52,75],[-32,29],[-83,104],[-30,28],[-63,84],[-103,114],[-124,109],[-134,130],[-63,36],[-50,48],[-54,81],[-54,64],[-38,-2],[-116,83],[-111,100],[-52,83],[6,42],[-39,123],[-49,59],[-48,31],[-61,92],[-18,40],[-89,104],[12,120],[-44,87],[-68,79],[-180,159],[-24,13],[-32,56],[-52,45],[-37,50],[-6,66],[-36,41],[-122,105],[-101,56],[-66,76],[-32,60],[-83,71],[-98,133],[-26,55],[0,36],[-41,48],[-29,89],[-58,100],[-23,24],[-93,58],[-75,38],[-255,91],[-138,57],[-113,71],[-31,12],[-30,40],[-80,49],[-65,65],[-154,75],[-43,8],[-24,34],[-51,116],[-70,103],[-101,109],[-80,99],[-210,278],[-124,130],[-75,46],[-97,41],[-23,34],[-27,105],[-40,112],[-60,339],[11,36],[-57,181],[-8,73],[-20,51],[-18,94],[7,27],[-25,60],[2,95],[-38,134],[-34,51],[-19,71],[-27,144],[-30,106],[-12,76],[-30,114],[-21,112],[-43,136],[14,27],[-31,35],[-8,52],[-33,90],[-41,169],[-135,399],[-98,238],[-11,45],[-75,136],[-12,57],[38,37],[-12,43],[5,70],[15,63],[50,82],[-7,120],[35,82],[11,62],[30,60],[5,115],[12,56],[35,75],[16,64],[47,112],[88,74],[27,115],[46,65],[-1,35],[23,32],[52,2],[25,55],[-2,51],[53,10],[32,28],[23,174],[35,66],[17,74],[55,-21],[67,45],[3,79],[49,37],[53,64],[63,149],[-50,3],[-82,81],[46,204],[-104,-120],[9,-63],[57,-72],[25,-117],[-15,-61],[-37,-62],[-60,-18],[-37,-40],[-37,150],[10,58],[-18,66],[-34,75],[-22,115],[-36,234],[-30,80],[-40,175],[-35,116],[-51,140],[-20,36],[-49,124],[-71,136],[-19,113],[-24,26],[-6,53],[-52,156],[-49,109],[-6,47],[-23,34],[-16,128],[-46,181],[-43,98],[-25,101],[-25,62],[-110,228],[-32,39],[-9,50],[-60,112],[-19,74],[-86,173],[-48,83],[-55,113],[-80,136],[-24,70],[-28,40],[-22,72],[-56,98],[-44,111],[-48,69],[-3,29],[-94,160],[-53,80],[-24,75],[-70,159],[-29,27],[-14,54],[-23,28],[-69,138],[-35,45],[2,21],[-90,148],[-35,40],[-34,77],[-51,67],[-36,82],[-50,69],[-48,83],[-49,110],[-119,196],[-40,50],[-7,40],[-37,46],[-47,111],[-43,77],[-30,26],[-87,149],[-85,130],[-107,186],[-37,35],[-68,96],[-75,126],[-50,96],[-38,48],[-72,136],[-87,126],[-71,130],[-136,208],[-62,105],[-70,90],[-64,98],[-22,59],[-101,155],[-113,190],[-61,80],[-35,66],[-58,74],[-118,185],[-85,127],[-43,83],[-10,58],[-31,82],[-73,101],[-37,112],[-38,79],[-90,106],[-62,100],[-25,19],[-44,76],[-48,52],[-94,171],[-35,46],[-18,48],[-62,78],[-47,31],[-50,90],[-77,80],[-123,158],[-15,73],[-154,160],[-106,171],[-42,40],[-20,40],[-50,48],[-80,108],[-30,29],[-18,55],[-135,108],[-5,29],[-85,97],[-58,105],[-110,131],[-113,99],[-30,65],[-82,96],[-77,115],[-53,48],[-16,32],[-75,86],[-87,86],[-80,172],[-75,69],[-58,82],[-40,33],[-23,50],[-95,96],[-23,51],[-88,80],[-27,51],[-78,90],[-50,74],[-42,29],[-36,67],[-64,50],[-65,109],[-53,39],[-107,139],[-56,56],[-128,114],[-75,103],[-39,41],[-116,77],[-22,29],[-98,85],[-137,138],[-54,33],[-43,85],[-104,83],[-35,48],[-108,80],[-56,54],[-149,106],[-63,84],[-111,89],[-28,31],[-73,38],[-28,33],[-153,121],[-48,67],[-109,89],[-74,79],[-181,138],[-33,15],[-63,65],[-18,32],[-53,23],[-75,65],[-70,71],[-73,61],[-42,50],[-137,109],[-20,31],[-60,32],[-110,112],[-78,45],[-70,66],[-69,93],[-64,41],[-86,80],[-33,97],[-53,33],[-176,162],[-72,73],[-37,13],[-62,69],[36,40],[28,-17],[48,1],[37,40],[16,48],[-6,39],[-40,73],[-56,64],[-33,5],[1,49],[-26,85],[-31,29],[-23,81],[13,72],[61,32],[23,52],[-3,40],[-41,96],[-99,137],[-30,89],[-46,87],[-2,35],[-42,59],[-30,83],[-2,39],[-74,80],[-54,97],[-50,107],[-128,168],[-41,74],[-96,108],[-23,57],[-76,91],[-71,74],[-117,86],[-59,65],[-165,149],[-31,48],[-41,30],[-19,34],[-126,109],[-57,30],[-87,68],[-21,43],[-64,77],[-7,55],[-36,53],[-96,79],[-21,6],[-39,51],[23,80],[34,25],[45,-8],[66,-47],[43,-65],[171,-68],[12,-48],[59,-30],[36,-2],[3,-76],[48,-49],[78,-24],[44,7],[122,-20],[43,-18],[63,-3],[21,-29],[58,-22],[131,-16],[57,-29],[134,-21],[51,-38],[45,-17],[-7,-57],[52,-155],[4,-65],[-10,-91],[6,-49],[26,-91],[12,-102],[43,-1],[66,52],[15,58],[39,53],[4,63],[-25,10],[-34,71],[-8,114],[36,157],[-15,41],[-49,77],[61,50],[23,71],[35,34],[7,51],[36,93],[32,121],[6,130],[29,110],[6,136],[-44,83],[33,22],[18,61],[-49,90],[23,139],[17,17],[10,80],[-30,56],[-61,33],[13,238],[11,64],[52,44],[15,52],[-15,35],[-77,64],[27,53],[80,88],[66,107],[14,58],[59,-99],[23,-13],[-16,-41],[-12,-79],[13,-61],[61,-58],[1,-107],[-19,-38],[37,-62],[-21,-35],[35,-69],[-6,-77],[-15,-57],[-34,-11],[-5,-33],[23,-48],[81,-74],[-15,-38],[-2,-78],[25,-52],[8,-67],[46,-100],[8,-166],[10,-56],[0,-215],[14,-28],[-14,-90],[21,-257],[-22,-108],[-3,-84],[10,-43],[49,-49],[8,-89],[-72,-52],[-10,-35],[49,-56],[-8,-39],[36,-72],[-41,-71],[6,-32],[-48,-38],[-10,-33],[9,-63],[39,-45],[20,-63],[-11,-71],[1,-72],[31,-52],[0,-35],[43,-96],[8,-72],[33,-36],[4,-47],[-42,-74],[43,-93],[-10,-28],[40,-54],[-38,-55],[-53,-13],[-30,-30],[53,-54],[1,-33],[37,-44],[-60,-105],[50,-36],[31,-40],[51,-23],[27,-32],[36,31],[60,1],[39,42],[14,54],[39,32],[5,50],[35,3],[15,-40],[65,-56],[16,-84],[23,-36],[3,-83],[-61,-41],[-13,-67],[15,-68],[-32,-28],[-16,-47],[42,-61],[55,-32],[40,-4],[31,-48],[-66,-31],[3,-57],[38,-55],[5,-44],[32,-16],[79,29],[48,-7],[26,38],[-8,84],[43,-48],[65,-108],[34,-11],[5,153],[-38,42],[-96,16],[7,68],[-21,81],[11,93],[-5,94],[-38,25],[-113,5],[11,30],[-10,80],[-60,72],[-6,54],[-39,38],[3,96],[-60,11],[-10,57],[13,98],[-8,44],[-41,57],[11,17],[-16,79],[-66,28],[-64,-2],[-106,-29],[15,39],[92,50],[7,73],[63,42],[53,115],[-14,36],[32,27],[20,102],[-14,80],[22,48],[-5,76],[12,53],[94,49],[13,30],[-8,88],[-23,84],[23,38],[-15,50],[0,87],[32,30],[87,40],[56,-6],[45,-26],[21,87],[-24,85],[18,36],[-7,76],[-44,74],[6,69],[15,35],[-21,90],[25,44],[1,35],[-23,68],[40,69],[10,74],[-43,57],[33,45],[-5,35],[-31,25],[53,49],[3,35],[-36,51],[56,25],[28,58],[0,60],[-41,66],[-117,62],[-20,19],[15,41],[31,-13],[15,60],[-43,38],[35,36],[-9,90],[-75,34],[-2,58],[-35,32],[-67,29],[-55,2],[10,32],[53,28],[13,55],[32,22],[-10,82],[-41,46],[15,70],[-98,93],[37,53],[1,26],[-34,69],[66,55],[95,-105],[31,-86],[80,-126],[-4,-42],[35,-51],[-10,-48],[39,-68],[50,-43],[-2,-48],[23,-27],[-48,-131],[-1,-91],[28,-17],[-10,-91],[54,-84],[106,-80],[31,-8],[-44,-109],[120,-90],[62,-83],[101,8],[31,-80],[57,-60],[21,-39],[-52,-129],[-11,-72],[37,-63],[28,-9],[36,-45],[101,-30],[95,14],[10,-38],[32,-33],[-35,-60],[23,-41],[-12,-89],[20,-186],[22,-60],[-5,-89],[51,-67],[97,-52],[-6,-96],[13,-27],[-5,-144],[28,-76],[5,-65],[33,-48],[84,-64],[42,-60],[74,-57],[-16,-46],[36,-78],[7,-97],[-24,-37],[-3,-46],[20,-31],[-31,-111],[6,-61],[68,-73],[-25,-43],[9,-35],[81,-47],[21,-35],[58,-39],[43,-73],[-21,-48],[1,-77],[-64,-27],[-53,-61],[-8,-45],[31,-54],[50,-12],[26,25],[58,-29],[65,4],[18,-23],[-12,-39],[-1,-95],[31,-83],[-10,-49],[-30,-65],[9,-39],[-45,-99],[-30,13],[-16,38],[5,61],[-10,37],[0,106],[-51,45],[-88,-12],[-13,-48],[-28,-25],[19,-61],[-14,-49],[20,-57],[39,-47],[81,-16],[17,-70],[61,-87],[8,-87],[-38,-56],[-91,-3],[-26,-14],[3,-48],[-71,-12],[-8,-31],[36,-42],[9,-38],[-48,-64],[-5,-51],[-65,-25],[9,-38],[-27,-27],[-1,-50],[21,-36],[7,-60],[-52,-102],[50,-82],[40,-8],[36,-48],[33,13],[29,41],[59,-9],[58,55],[16,59],[40,49],[10,40],[-15,30],[3,50],[43,72],[-13,15],[-56,-22],[-13,28],[31,87],[30,9],[51,48],[7,39],[-55,72],[-5,105],[10,81],[-12,29],[37,28],[-17,60],[33,13],[-7,79],[70,16],[36,27],[31,111],[-28,66],[20,58],[41,12],[52,37],[23,63],[-10,82],[33,42],[-2,57],[-61,38],[-42,39],[-28,126],[-26,40],[-43,15],[-5,30],[23,38],[-8,34],[39,83],[-34,36],[-55,9],[-83,57],[-8,27],[-40,31],[-62,-13],[-10,35],[74,54],[36,-41],[42,7],[100,75],[14,48],[-15,35],[56,89],[6,55],[-15,28],[-52,33],[-22,38],[91,-6],[104,-75],[55,-16],[67,4],[45,17],[2,-45],[54,-65],[8,-107],[19,-67],[-40,-40],[-44,-85],[24,-58],[-3,-76],[58,-57],[13,-32],[42,-35],[-2,-41],[41,-109],[37,-76],[62,-21],[-87,-117],[-31,-74],[7,-80],[-32,-83],[55,-94],[33,-24],[-1,-34],[29,-47],[0,-29],[53,-55],[-5,-53],[19,-29],[-14,-32],[14,-135],[12,-26],[-27,-54],[17,-26],[58,-40],[-53,-61],[-22,-120],[15,-29],[0,-90],[-24,-71],[-75,-35],[-36,-56],[20,-80],[56,-109],[80,-73],[-20,-39],[17,-28],[69,-19],[55,10],[41,-32],[9,-104],[-50,-95],[-8,-35],[-40,-35],[-18,-89],[10,-47],[-58,-23],[-19,-55],[3,-56],[-28,-41],[-25,-99],[3,-84],[-13,-34],[2,-170],[18,-51],[55,29],[12,-38],[53,-19],[33,8],[10,-48],[40,-31],[-2,-45],[37,-32],[58,-101],[28,22],[53,-17],[50,-38],[49,-17],[39,-53],[-15,-106],[60,46],[14,34],[45,23],[-40,66],[-40,20],[-71,89],[-46,6],[-52,86],[41,89],[3,93],[-8,87],[-25,50],[56,119],[30,21],[48,70],[-19,80],[10,61],[-31,32],[-20,57],[30,54],[-34,64],[15,60],[104,-50],[58,11],[57,64],[4,35],[-41,30],[35,85],[48,-16],[-25,-34],[18,-71],[48,-51],[5,-48],[-23,-34],[9,-70],[-27,-48],[5,-74],[27,-45],[41,-16],[38,55],[23,98],[-5,54],[-96,29],[23,46],[13,91],[-28,64],[3,57],[-16,48],[26,55],[-27,37],[12,26],[53,42],[6,51],[35,42],[8,70],[33,47],[-3,50],[31,5],[17,-33],[53,-51],[7,-26],[-40,-48],[-20,-94],[7,-72],[32,-54],[-15,-50],[50,-76],[-15,-49],[-5,-124],[-38,-82],[13,-58],[-4,-49],[-35,-41],[-5,-34],[-36,-45],[13,-92],[63,-71],[-26,-20],[-5,-65],[18,-55],[-68,-22],[-19,-19],[-17,-57],[17,-43],[69,-26],[19,-91],[5,-83],[20,-65],[-25,-133],[5,-70],[15,-33],[48,-28],[67,-9],[59,19],[22,73],[34,46],[5,48],[-15,40],[28,53],[130,-20],[-48,-35],[16,-69],[53,-21],[-43,-44],[-54,-28],[-12,-61],[4,-66],[27,-74],[78,-61],[-47,-18],[4,-42],[46,-38],[5,-71],[-16,-23],[-60,-19],[-31,-79],[25,-29],[7,-124],[-15,-28],[65,-81],[26,0],[86,39],[55,45],[39,117],[40,3],[70,-22],[56,-1],[26,44],[30,-19],[4,-55],[30,-44],[36,7],[41,46],[-81,55],[-15,59],[-35,25],[-70,18],[-5,30],[141,94],[-22,93],[-25,1],[-1,-58],[-76,-48],[-55,43],[7,51],[43,11],[46,33],[30,69],[-10,45],[13,32],[-20,30],[-63,28],[-27,87],[35,60],[43,-38],[10,-45],[66,-29],[91,-1],[81,63],[136,-16],[53,-58],[80,-16],[20,9],[34,-54],[47,50],[94,19],[38,16],[33,35],[-6,39],[56,54],[8,44],[28,17],[53,98],[76,21],[56,-34],[37,-40],[54,3],[24,-44],[11,-62],[59,-53],[112,-32],[52,20],[61,-61],[40,-3],[66,54],[20,38],[-2,41],[-32,99],[15,81],[-26,63],[9,59],[54,46],[38,74],[56,45],[8,33],[43,32],[16,33],[70,73],[94,-1],[93,40],[36,29],[101,51],[79,69],[81,108],[31,71],[43,12],[4,37],[74,102],[51,112],[18,70],[-2,66],[28,87],[3,117],[-40,103],[-7,121],[24,63],[5,55],[-15,45],[-17,146],[-22,64],[0,73],[-14,55],[-53,107],[-35,31],[-67,96],[27,63],[-30,74],[58,-26],[-2,73],[39,46],[35,73],[42,37],[28,54],[-16,96],[-49,125],[41,61],[-10,48],[9,63],[-38,73],[-50,72],[-83,102],[-34,54],[-42,97],[-187,156],[-111,72],[-33,37],[-2,46],[-39,69],[-71,59],[-97,48],[-58,41],[-103,85],[-55,35],[-74,65],[-232,121],[-163,53],[-37,22],[-92,30],[-114,54],[-75,19],[-49,0],[-79,19],[-81,7],[-111,40],[-58,0],[-142,31],[-54,-1],[-20,21],[-70,14],[-38,23],[-87,31],[-7,28],[43,54],[-28,83],[-70,83],[0,23],[49,77],[5,57],[-41,44],[-23,55],[-149,91],[-108,79],[30,63],[-59,61],[-19,48],[-67,45],[-71,92],[-85,65],[2,29],[-33,41],[2,26],[-30,45],[18,45],[-63,54],[-102,63],[-43,10],[-66,35],[38,71],[-10,40],[-30,20],[-66,19],[-160,29],[-132,7],[-36,9],[-75,-15],[-31,23],[-23,56],[-71,40],[64,57],[51,99],[43,31],[-8,26],[-64,-26],[-24,42],[-6,50],[-51,31],[1,59],[-38,42],[12,37],[-63,94],[0,72],[33,36],[-2,45],[43,69],[-7,63],[33,37],[7,63],[-13,67],[-40,50],[-51,23],[-91,64],[12,35],[-3,86],[-33,121],[-4,69],[-22,41],[7,49],[-20,26],[30,101],[12,67],[2,81],[-40,70],[-140,97],[-82,26],[-126,62],[-79,54],[-81,38],[19,99],[49,70],[17,62],[3,130],[-19,31],[31,80],[-57,71],[-48,38],[-1,48],[-30,76],[12,28],[-61,49],[28,34],[-5,55],[-46,66],[-80,32],[-97,92],[-26,50],[-97,50],[-112,45],[-49,44],[-51,77],[-51,48],[-52,24],[20,35],[10,116],[20,-14],[42,33],[56,21],[0,27],[50,71],[12,72],[-40,70],[-14,77],[-71,22],[-33,32],[81,9],[54,-19],[28,21],[2,37],[-39,44],[-2,27],[-67,84],[-25,62],[6,80],[-35,31],[-3,40],[-82,23],[0,67],[33,35],[36,-29],[18,-38],[58,-9],[23,16],[3,44],[-28,90],[-157,59],[67,53],[9,-29],[36,-25],[47,9],[22,51],[-56,47],[-81,3],[-24,42],[-31,13],[-72,-1],[-22,-20],[-74,-31],[-16,-33],[21,-42],[61,-2],[72,-32],[-48,-43],[-67,-9],[-15,-47],[29,-41],[28,-77],[57,-31],[71,-77],[-30,-113],[9,-51],[-100,17],[-29,-19],[6,-40],[43,-24],[39,7],[69,56],[-4,50],[47,-20],[10,-84],[-28,-30],[-110,-44],[4,-35],[102,-71],[48,-19],[26,-37],[39,-96],[-25,-28],[-75,31],[-43,6],[-34,35],[23,32],[-18,63],[-51,48],[-23,38],[-54,44],[-25,48],[-72,28],[-49,42],[-13,51],[-42,76],[-23,64],[-58,31],[-49,53],[-37,22],[-81,73],[29,99],[39,62],[-18,38],[-39,34],[-8,74],[21,19],[-19,54],[20,48],[-12,48],[7,58],[32,41],[3,75],[27,40],[38,134],[18,124],[28,71],[24,107],[34,73],[7,80],[42,71],[116,45],[68,75],[54,104],[22,56],[-5,47],[35,31],[15,52],[108,170],[9,37],[38,68],[0,45],[36,70],[33,-3],[67,68],[76,29],[38,41],[26,55],[35,34],[38,143],[31,39],[9,160],[38,31],[15,67],[19,17],[81,29],[24,-26],[17,-69],[29,-39],[5,-38],[-18,-90],[52,-59],[-25,-70],[20,-62],[-9,-69],[-41,-156],[19,-81],[-10,-113],[15,-61],[28,-32],[40,-179],[0,-48],[16,-88],[25,-70],[29,-33],[46,-19],[41,-82],[11,-42],[38,-56],[256,-118],[118,-30],[62,-9],[51,13],[66,60],[13,58],[-41,47],[-10,58],[48,-4],[62,-104],[-10,-116],[13,-41],[51,28],[-26,-142],[14,-67],[35,-51],[-17,-151],[23,-70],[34,-56],[-16,-52],[64,-111],[3,-90],[62,-57],[36,-107],[72,-105],[38,-41],[119,-100],[153,-97],[161,-73],[99,-17],[67,-41],[61,-75],[57,-121],[64,-110],[89,-98],[143,-108],[113,-58],[61,-18],[99,-1],[84,17],[59,-5],[-9,-65],[33,-58],[6,-49],[-8,-91],[8,-78],[-21,-94],[-25,-63],[-16,-112],[29,-82],[-18,-65],[31,-51],[0,-28],[30,-68],[-7,-21],[69,-61],[135,-26],[143,-11],[59,-37],[88,-43],[-33,-108],[1,-54],[-18,-90],[5,-90],[-54,-88],[-10,-33],[-68,-71],[-9,-73],[-33,-28],[-58,-13],[-43,-33],[-21,-50],[-12,-95],[-46,-90],[8,-114],[28,-49],[-8,-98],[21,-22],[-3,-116],[-18,-41],[-50,-44],[8,-74],[15,-28],[-23,-91],[37,-31],[60,60],[16,-14],[-54,-44],[-28,-64],[26,-58],[-124,-104],[-61,-77],[-102,-31],[-55,-63],[-72,-69],[-39,-61],[-7,-52],[7,-91],[23,-21],[32,-66],[26,10],[-10,-83],[-34,-6],[15,-97],[26,-35],[-31,-26],[15,-54],[-68,-78],[-3,-80],[18,-67],[14,-112],[-2,-64],[14,-42],[7,-93],[-24,-27],[-3,-39],[34,-108],[53,-124],[26,12],[66,-124],[7,-37],[51,-108],[103,-109],[15,-25],[-7,-60],[10,-32],[-28,-78],[-51,23],[-70,-75],[-73,-9],[-48,11],[-25,-24],[160,-2],[40,32],[56,-101],[38,-29],[88,-17],[99,16],[38,15],[33,41],[56,42],[28,77],[-15,46],[3,53],[38,-20],[43,-57],[5,-93],[23,-106],[0,-41],[22,-36],[144,-25],[82,19],[129,78],[32,80],[89,92],[20,35],[70,64],[14,37],[52,31],[86,129],[49,60],[61,96],[56,68],[28,78],[36,49],[19,49],[2,63],[-14,112],[-20,74],[45,-3],[4,-226],[41,81],[39,105],[28,36],[-7,25],[87,69],[59,77],[15,35],[74,88],[34,108],[10,65],[62,25],[69,76],[48,83],[32,112],[-57,-24],[67,103],[10,67],[31,96],[0,30],[-29,79],[15,76],[-25,57],[-50,45],[13,61],[-41,91],[-4,55],[-32,93],[5,52],[-31,86],[13,38],[-39,60],[-32,20],[12,70],[-37,25],[-1,148],[-10,80],[82,101],[71,6],[44,-51],[-29,-7],[-4,-38],[28,-27],[46,-7],[76,-64],[107,-6],[106,16],[18,-71],[-5,-44],[51,-88],[12,-54],[41,-56],[-107,-108],[-43,-80],[-14,-49],[-49,-107],[-31,-151],[-28,-59],[-4,-112],[23,-55],[48,-22],[35,-32],[74,-105],[24,-88],[-10,-111],[-24,-92],[-24,-189],[3,-40],[35,-56],[-18,-69],[7,-99],[12,-51],[44,-118],[69,-84],[50,-39],[99,-26],[79,15],[54,38],[33,-12],[30,-51],[-1,-48],[64,-43],[-52,-149],[-29,-175],[-75,-194],[7,-48],[-25,-53],[14,-61],[-8,-40],[13,-51],[-13,-32],[22,-43],[85,-234],[28,-27],[71,-35],[29,-45],[79,-98],[14,-64],[-61,-32],[-10,-77],[-28,-28],[12,-27],[-28,-113],[100,-171],[122,-169],[12,-182],[-16,-73],[5,-103],[34,-166],[27,-48],[12,-55],[31,-63],[73,-88],[77,-58],[48,-53],[66,-39],[42,-53],[110,-70],[44,-40],[45,-70],[83,-72],[20,-27],[93,-61],[20,-23],[78,-52],[28,-45],[51,-23],[47,-40],[45,-66],[67,-48],[-2,-31],[26,-34],[53,-122],[79,-75],[27,-53],[82,-40],[69,-56],[12,-60],[-73,54],[-25,-11],[6,-44],[49,-140],[68,-23],[56,0],[45,24],[45,46],[-29,66],[58,5],[40,29],[140,69],[60,53],[24,86],[46,46],[43,7],[48,34],[2,35],[54,46],[176,80],[78,49],[97,77],[54,77],[-3,41],[40,52],[40,90],[141,58],[47,28],[87,22],[88,-1],[104,43],[112,82],[92,107],[35,84],[-6,89],[-54,78],[7,36],[122,94],[17,59],[66,65],[8,50],[37,33],[37,71],[-7,68],[-29,49],[-30,0],[-13,36],[73,22],[27,75],[-16,123],[-29,58],[-46,62],[-68,56],[-60,12],[-67,43],[8,68],[-31,59],[-49,57],[-106,90],[7,84],[-26,37],[39,42],[0,105],[-16,48],[-31,32],[-34,84],[-57,47],[-42,52],[7,56],[-20,28],[26,53],[-1,44],[-24,64],[-36,57],[36,101],[2,54],[181,61],[40,30],[48,66],[29,79],[32,148],[43,69],[27,127],[27,57],[61,2],[33,-75],[-33,-24],[-37,19],[-24,-29],[-13,-100],[-35,-58],[5,-39],[52,3],[5,-39],[-37,-36],[16,-82],[20,-48],[-33,-52],[44,-37],[78,7],[10,36],[46,-38],[77,-16],[27,66],[70,27],[68,43],[12,35],[-11,46],[10,54],[-14,30],[-62,61],[-49,31],[28,18],[-7,91],[-23,21],[-69,25],[-50,74],[33,24],[-36,34],[25,27],[-52,84],[44,72],[50,169],[-28,117],[7,55],[-82,82],[-21,-3],[-45,71],[-72,59],[16,18],[11,70],[-4,41],[-47,73],[-51,14],[-52,62],[-51,44],[13,68],[-21,37],[23,36],[-9,47],[-59,77],[-89,70],[17,56],[-38,33],[4,45],[-32,129],[15,61],[28,28],[104,48],[70,14],[51,52],[62,7],[74,-46],[4,-31],[-27,-42],[6,-76],[-15,-26],[50,-13],[69,5],[77,-21],[52,-43],[45,-11],[51,20],[106,18],[110,97],[-8,17],[-82,-31],[-74,132],[1,72],[-12,55],[-31,67],[-33,31],[27,83],[-16,70],[0,61],[-13,25],[27,58],[-21,61],[8,56],[95,136],[10,53],[73,122],[39,41],[30,110],[-46,53],[-39,9],[-16,29],[-36,-10],[-60,18],[-82,-6],[-46,25],[-57,7],[-59,31],[-31,60],[-64,28],[52,33],[-41,56],[-49,6],[-38,35],[-64,19],[-36,-4],[-75,75],[-51,97],[-9,49],[-85,91],[-58,16],[-37,57],[-40,24],[-31,54],[-70,32],[-136,104],[90,-25],[10,22],[-34,52],[-87,76],[-22,-54],[-49,49],[-55,111],[-61,67],[-177,92],[-57,38],[-26,52],[36,1],[12,-40],[55,-41],[48,-19],[31,21],[-16,37],[-90,97],[-41,5],[-23,-29],[-66,86],[4,26],[-66,35],[-47,50],[-11,63],[34,26],[-88,48],[-15,34],[10,36],[58,4],[43,35],[-55,108],[16,10],[-136,120],[-48,82],[-191,209],[-84,25],[-16,38],[-79,66],[-116,31],[7,29],[-97,36],[-46,52],[-47,28],[-128,49],[-92,53],[-37,30],[82,7],[18,-32],[50,-40],[19,12],[-95,84],[-62,138],[-47,29],[-41,91],[-48,74],[-67,78],[-23,55],[-39,1],[34,-103],[-136,129],[-57,46],[12,23],[100,-27],[-56,84],[-98,57],[-19,74],[88,-70],[26,-42],[30,15],[-77,87],[-21,39],[-58,39],[-23,81],[-30,0],[27,-81],[-28,-9],[-18,54],[-40,45],[15,50],[-33,40],[-23,98],[31,-6],[-26,108],[-30,-10],[-36,30],[-7,57],[33,15],[36,-21],[10,-48],[32,-72],[24,67],[-29,40],[-48,104],[-64,54],[-48,99],[-15,67],[-80,91],[-5,60],[-46,67],[0,28],[-107,199],[-76,92],[-8,29],[-83,67],[-14,36],[-95,63],[10,133],[74,-57],[57,-23],[-80,209],[-18,76],[-76,61],[-26,57],[-54,42],[-26,85],[-28,40],[-100,81],[-61,68],[-39,23],[-59,86],[1,25],[45,12],[-5,52],[63,42],[7,25],[-38,38],[-85,36],[-82,99],[0,47],[-60,73],[-35,68],[57,104],[4,80],[-40,87],[20,21],[-28,38],[18,26],[-29,83],[1,26],[-46,88],[-70,103],[-57,35],[-104,115],[-47,95],[-77,96],[34,3],[56,-44],[35,11],[-35,52],[-25,87],[-29,70],[-62,45],[-22,31],[-70,55],[-64,22],[-54,58],[-8,48],[-26,31],[21,47],[55,-47],[25,15],[-36,201],[-27,48],[-15,89],[-33,119],[-29,48],[28,29],[-36,88],[-36,-12],[-35,19],[-34,87],[8,44],[-100,124],[-55,108],[-28,77],[18,26],[-87,67],[7,41],[-47,26],[-69,60],[-10,21],[-57,0],[-39,19],[-66,11],[-142,123],[-39,55],[-52,28],[-25,31],[-90,19],[-63,38],[-126,13],[-113,45],[-74,48],[-127,105],[-162,158],[-119,144],[-75,72],[-31,55],[-8,66],[-36,38],[-1,33],[-67,143],[-72,82],[-94,146],[-109,262],[-18,58],[-6,76],[0,196],[-20,84],[-13,205],[6,105],[16,61],[65,149],[31,16],[-8,45],[50,59],[5,22],[50,11],[15,57],[32,24],[87,-4],[-23,44],[-87,30],[-26,24],[-48,121],[-49,64],[-4,69],[-13,40],[-67,32],[-20,42],[-39,-26],[-51,-9],[9,-33],[-83,-55],[-43,89],[65,64],[48,95],[-34,41],[-50,16],[-27,36],[-11,49],[40,58],[84,32],[64,2],[75,87],[40,6],[149,68],[119,15],[36,-13],[128,5],[53,13],[11,48],[-82,-22],[-103,11],[-107,37],[-57,-13],[-51,16],[-173,-69],[-30,-33],[-106,-40],[-59,-53],[-58,-12],[-81,26],[-79,-9],[-90,38],[-64,1],[-47,39],[-1,98],[-12,68],[36,68],[1,74],[33,13],[23,-25],[-38,-23],[-10,-159],[19,16],[-2,50],[49,103],[29,153],[48,78],[19,83],[-2,128],[18,50],[4,144],[-10,174],[-42,163],[-77,183],[-79,125],[-134,166],[-157,167],[-74,119],[-172,218],[-67,64],[-69,54],[-117,153],[-53,87],[-56,59],[-32,54],[-95,111],[-87,77],[-80,83],[-47,59],[-61,52],[-131,210],[-85,109],[-98,144],[-65,86],[-111,128],[-88,68],[-39,40],[-79,43],[-94,71],[-72,35],[-129,125],[-65,143],[-39,49],[-72,44],[-34,33],[-20,46],[-3,53],[-28,47],[-25,105],[-36,58],[-73,25],[-88,73],[-12,129],[-16,32],[1,159],[-16,158],[4,94],[-36,171],[-3,89],[-20,108],[2,65],[14,76],[33,38],[-4,95],[-11,16],[7,151],[-6,29],[29,50],[-12,57],[30,15],[21,45],[-2,148],[-25,78],[-19,110],[9,40],[-19,21],[11,68],[19,35],[-3,124],[14,43],[0,95],[-13,35],[3,80],[-34,121],[-39,74],[-45,185],[5,54],[-18,38],[2,105],[-43,144],[-16,148],[-13,37],[19,19],[49,-20],[144,-3],[38,11],[63,71],[50,25],[155,150],[104,145],[40,87],[39,62],[8,90],[-5,117],[-8,29],[8,76],[-10,68],[26,44],[0,32],[-26,66],[-5,58],[-22,67],[-60,112],[-65,92],[-20,52],[-99,168],[-26,65],[-11,59],[93,64],[21,45],[2,87],[-13,54],[9,181],[-28,66],[-48,75],[0,25],[37,64],[48,56],[57,29],[99,15],[47,-32],[56,25],[99,149],[39,73],[6,65],[19,57],[11,70],[54,121],[14,159],[57,137],[-20,48],[7,80],[-14,69],[6,48],[-21,110],[-30,108],[-3,106],[25,24],[6,43],[26,23],[25,52],[-16,76],[21,37],[-22,43],[72,100],[34,18],[39,66],[56,43],[52,19],[102,91],[11,56],[35,41],[25,53],[133,154],[17,31],[44,127],[18,79],[5,162],[36,147],[-14,144],[41,59],[49,116],[35,22],[17,66],[22,29],[71,50],[24,74],[75,-38],[120,19],[37,24],[78,75],[47,73],[54,132],[12,48],[84,157],[-24,52],[30,79],[72,124],[85,76],[12,50],[-14,67],[19,45],[3,74],[42,75],[-1,67],[13,102],[34,30],[54,70],[52,13],[48,32],[44,71],[13,80],[-33,52],[7,72],[80,75],[32,19],[86,1],[63,25],[138,118],[82,150],[16,16],[89,38],[223,79],[64,42],[85,42],[134,77],[79,55],[143,185],[52,27],[54,100],[83,70],[80,31],[24,-5],[53,38],[28,47],[79,34],[41,47],[68,45],[31,63],[35,20],[47,75],[13,159],[28,43],[-20,54],[52,80],[78,37],[26,52],[31,131],[-12,82],[20,77],[-10,108],[34,130],[-31,32],[28,31],[0,100],[-12,55],[15,73],[18,25],[-24,61],[8,101],[-53,129],[-23,18],[6,162],[23,62],[42,3],[57,42],[25,71],[6,62],[2,237],[35,100],[3,105],[-22,65],[33,56],[27,128],[-4,195],[-29,104],[-112,150],[13,86],[-7,74],[-24,58],[18,28],[-50,94],[-3,68],[-46,86],[2,51],[-32,91],[-44,65],[24,36],[38,160],[-8,105],[-37,109],[-82,63],[-21,27],[6,50],[27,84],[-12,120],[38,91],[-28,91],[25,42],[34,4],[4,37],[-13,80],[3,58],[-59,62],[-68,39],[29,20],[64,16],[110,46],[149,75],[127,99],[149,153],[57,78],[34,105],[7,63],[44,151],[22,19],[15,79],[46,41],[32,65],[23,147],[-3,103],[-17,156],[12,50],[-15,33],[24,123],[-40,106],[-49,81],[-36,28],[63,60],[4,99],[15,69],[-8,100],[-34,183],[-38,84],[-20,76],[0,60],[-16,160],[-27,58],[-122,141],[-54,70],[-40,98],[-29,153],[1,63],[-35,106],[10,87],[-16,85],[-78,193],[-74,130],[-63,84],[-12,49],[-38,79],[-2,110],[-28,96],[-62,120],[-89,132],[-62,123],[-77,96],[-70,65],[-47,68],[-72,56],[-43,20],[-57,67],[-240,157],[-65,8],[-133,-19],[-235,-88],[-65,51],[-13,40],[36,66],[-32,127],[34,102],[87,107],[29,101],[26,12],[31,79],[-14,125],[-32,53],[-21,72],[-54,55],[-49,72],[-25,73],[-39,56],[-9,60],[49,112],[35,50],[4,62],[-17,154],[-36,62],[-55,43],[-167,69],[1,59],[67,160],[12,87],[69,124],[142,59],[87,53],[42,-20],[48,4],[48,22],[52,41],[60,101],[75,49],[85,106],[38,72],[-30,93],[-85,110],[51,13],[89,-27],[59,20],[30,26],[15,56],[41,43],[39,100],[69,100],[17,73],[80,173],[24,89],[7,102],[29,120],[2,100],[17,57],[-33,58],[11,37],[101,101],[67,147],[39,23],[5,40],[82,4],[48,20],[66,74],[19,51],[0,83],[64,59],[41,17],[79,96],[42,88],[67,109],[11,64],[35,34],[56,116],[60,72],[43,112],[18,15],[48,177],[46,47],[30,70],[35,110],[8,109],[-22,46],[19,63],[28,126],[5,80],[14,32],[54,62],[-18,35],[46,15],[52,75],[8,118],[26,47],[32,143],[30,39],[35,171],[17,43],[-1,56],[57,133],[23,71],[30,54],[5,77],[29,37],[43,91],[37,48],[49,114],[43,61],[50,162],[14,73],[-9,96],[55,24],[15,97],[29,72],[47,81],[7,40],[47,89],[44,112],[34,52],[7,61],[56,175],[75,89],[4,49],[35,21],[9,48],[34,89],[12,80],[25,37],[26,-4],[50,55],[22,82],[5,97],[-12,57],[-24,28],[23,85],[43,2],[67,37],[-5,58],[29,39],[24,61],[-4,43],[35,50],[50,32],[6,22],[91,83],[40,9],[32,35],[11,61],[23,52],[2,42],[30,59],[133,117],[31,80],[46,56],[11,67],[76,68],[35,82],[5,107],[109,69],[51,21],[94,69],[56,52],[24,47],[46,56],[141,58],[46,-4],[107,94],[58,24],[84,74],[39,16],[105,18],[56,25],[88,150],[112,54],[81,26],[97,55],[109,29],[81,-41],[51,-9],[166,20],[73,32],[61,47],[59,32],[67,55],[59,28],[59,52],[65,10],[59,-42],[35,-54],[48,-124],[51,-45],[75,-44],[73,-63],[-21,-34],[-99,-51],[-30,-24],[-85,-102],[-38,-76],[-70,-114],[-63,-52],[-56,-70],[-16,-64],[-49,-35],[-29,-51],[-5,-81],[13,-41],[-36,-123],[-32,-164],[-26,-167],[-43,-125],[-5,-55],[5,-131],[22,-100],[-26,-123],[31,-29],[-58,-85],[-18,-74],[-37,-47],[-14,-41],[-13,-95],[-23,-34],[-9,-97],[-48,-124],[-2,-108],[-23,-46],[0,-42],[-43,-39],[-44,-152],[-11,-89],[6,-101],[-28,-99],[-19,-30],[-47,-133],[-86,-103],[-8,-100],[-44,-113],[-13,-91],[-40,-143],[-9,-64],[-30,-26],[-22,-47],[-23,-85],[5,-30],[-20,-49],[-8,-63],[-21,-53],[-2,-58],[-20,-32],[-31,-108],[36,-100],[-13,-72],[22,-153],[-2,-43],[16,-85],[41,-77],[54,-79],[80,-78],[100,-114],[102,-89],[24,-50],[-10,-100],[22,-93],[61,-78],[77,-74],[44,-28],[42,-48],[-10,-57],[-79,-76],[-35,-122],[45,-212],[-25,-21],[51,-38],[-31,-32],[-3,-118],[-54,26],[-39,-9],[-30,-30],[-39,-131],[33,-40],[40,15],[23,90],[22,3],[37,-48],[29,35],[61,12],[38,46],[68,49],[28,6],[23,39],[-8,50],[72,48],[69,8],[109,-28],[101,6],[28,-16],[63,7],[11,-45],[-52,-89],[-3,-94],[13,-23],[19,-109],[33,-91],[43,-70],[-44,-50],[-11,-78],[-26,-38],[-33,-5],[-55,-66],[-131,-65],[-45,-73],[-32,-28],[-42,-69],[-8,-37],[-55,-94],[-100,-70],[-84,-36],[46,-43],[46,-3],[87,58],[11,-24],[-27,-33],[-10,-53],[-34,-41],[-91,-1],[-77,19],[-40,-28],[-27,-38],[-18,-87],[17,-160],[33,-70],[37,-54],[-76,-158],[-13,-173],[8,-92],[87,-121],[24,-72],[54,-67],[51,-39],[-51,-21],[34,-52],[47,-35],[41,-11],[-5,-65],[33,-5],[37,-71],[29,7],[14,-60],[30,-25],[77,-16],[123,16],[49,-9],[115,16],[90,30],[62,41],[89,43],[43,40],[80,55],[56,52],[63,74],[-32,145],[39,70],[68,71],[33,49],[52,-26],[-2,41],[-72,41],[-24,63],[23,29],[83,17],[58,-15],[72,6],[94,55],[73,51],[51,61],[8,26],[48,47],[98,39],[45,28],[126,21],[101,-39],[115,2],[87,22],[50,0],[94,-58],[30,-44],[-3,-88],[38,-65],[18,-107],[-42,-137],[-8,-54],[1,-142],[27,-2],[34,114],[23,3],[12,-84],[79,-16],[11,-81],[56,24],[24,-11],[-24,-53],[40,-84],[-15,-56],[47,12],[-30,138],[72,83],[128,-130],[11,66],[18,6],[36,-96],[20,99],[50,56],[44,-17],[48,52],[-1,51],[27,48],[61,-26],[24,6],[-38,65],[46,-7],[24,77],[-11,37],[36,52],[60,-9],[79,3],[67,-36],[-9,45],[-137,29],[25,53],[-47,55],[-91,91],[-14,57],[24,34],[96,-19],[30,13],[106,-22],[-5,43],[-96,1],[-77,43],[-19,61],[7,28],[78,-11],[14,18],[82,-3],[-6,42],[-67,13],[-28,69],[-14,67],[-5,92],[34,40],[37,2],[-21,61],[-6,61],[40,24],[30,-12],[109,-6],[59,-44],[112,-3],[-68,38],[-39,40],[-45,10],[-30,26],[-82,-4],[-38,51],[7,146],[22,36],[31,115],[67,42],[13,75],[40,11],[128,-10],[64,-19],[57,-55],[108,-68],[43,63],[-104,38],[-21,29],[16,70],[-104,2],[-32,11],[-85,60],[-30,31],[-8,45],[-35,26],[0,102],[29,79],[35,34],[69,1],[-45,71],[24,51],[63,78],[29,11],[164,-51],[2,16],[-91,64],[24,31],[113,-61],[74,-57],[17,-40],[5,-110],[32,-40],[42,-22],[20,-40],[44,-40],[9,41],[-24,33],[-84,65],[-15,94],[7,35],[-26,78],[99,87],[-41,25],[-80,-19],[-133,45],[-46,43],[3,70],[-56,67],[5,26],[49,35],[26,65],[88,6],[98,-70],[62,-13],[61,31],[-56,19],[-39,27],[-35,65],[36,17],[169,-10],[-41,27],[-125,22],[-48,35],[-16,31],[-61,67],[15,51],[54,-3],[51,-61],[53,-25],[43,-3],[77,16],[69,-17],[-128,116],[-39,16],[-72,51],[-33,111],[14,78],[32,21],[-16,82],[16,58],[29,13],[69,-57],[54,2],[18,35],[5,55],[57,5],[56,-16],[63,-2],[65,-70],[40,-82],[66,16],[3,62],[-40,19],[-27,36],[-9,85],[-33,11],[-88,86],[-83,30],[-1,40],[40,16],[54,-23],[-2,42],[-54,35],[6,19],[-60,43],[-28,45],[-46,38],[-51,13],[-35,29],[-62,16],[27,85],[51,32],[57,11],[48,-26],[44,-4],[41,46],[75,5],[61,-35],[69,-5],[21,-30],[4,-46],[40,22],[45,-3],[30,-20],[28,-136],[36,45],[-3,62],[26,23],[-40,39],[-11,70],[68,56],[-22,61],[-42,74],[-24,89],[7,75],[21,44],[62,30],[98,-17],[51,7],[83,-86],[1,30],[-35,47],[-33,108],[-40,68],[16,81],[67,8],[13,43],[-24,67],[8,32],[49,51],[0,29],[35,34],[-28,36],[-52,10],[-55,-25],[0,126],[-34,46],[2,28],[78,50],[46,-21],[43,3],[74,-26],[40,13],[51,54],[70,-16],[37,53],[-37,75],[27,80],[26,19],[22,225],[51,77],[43,0],[4,-32],[47,-16],[96,105],[40,5],[13,32],[-69,156],[104,17],[64,50],[28,-13],[-14,-76],[69,32],[31,72],[52,26],[21,47],[37,26],[25,-6],[10,-42],[53,-88],[14,7],[-38,72],[8,92],[87,2],[45,112],[-10,70],[-32,83],[42,63],[-21,86],[14,67],[54,37],[-8,27],[37,88],[92,117],[72,49],[81,73],[74,-55],[79,-11],[72,26],[21,44],[57,59],[-17,14],[-57,-59],[-96,-48],[-58,16],[-14,77],[-29,41],[-5,64],[10,108],[-15,118],[13,47],[6,118],[20,112],[2,107],[-16,106],[59,57],[117,51],[58,53],[100,56],[26,24],[73,35],[54,-30],[39,-41],[35,2],[33,-34],[43,-17],[16,-32],[-26,-119],[-51,-49],[-35,-64],[43,-3],[78,83],[14,41],[35,41],[-15,97],[-48,53],[-67,42],[-51,-18],[-6,30],[25,26],[47,12],[62,60],[35,62],[35,37],[145,74],[76,75],[70,44],[24,3],[89,-32],[109,0],[80,15],[135,53],[81,-9],[123,18],[42,28],[76,30],[180,114],[97,84],[129,92],[57,47],[40,16],[110,96],[94,8],[48,13],[85,40],[91,70],[56,51],[25,64],[51,53],[86,22],[94,84],[38,48],[36,19],[77,18],[91,47],[70,49],[19,31],[76,35],[59,63],[25,76],[65,57],[86,-14],[110,-7],[86,13],[140,58],[119,68],[24,-4],[-7,-63],[31,1],[0,53],[56,43],[51,19],[24,29],[76,20],[57,1],[77,-65],[34,19],[40,-48],[231,-61],[86,-8],[40,21],[61,-23],[11,-31],[78,6],[80,22],[41,32],[54,9],[-7,28],[91,-13],[83,31],[43,65],[100,57],[197,152],[111,104],[71,78],[58,73],[41,28],[50,51],[49,9],[63,-54],[21,-43],[54,-34],[55,-8],[78,5],[19,-95],[-7,-42],[30,-30],[45,-14],[27,16],[-82,41],[-7,90],[40,28],[84,0],[74,27],[80,66],[110,135],[76,66],[33,42],[114,69],[42,11],[57,-23],[10,-67],[45,-35],[56,-1],[61,-45],[62,-31],[-4,37],[-46,23],[-77,55],[-78,21],[-18,41],[108,81],[119,105],[57,-8],[37,-44],[45,-4],[50,-26],[-29,-55],[47,-21],[1,100],[38,28],[39,65],[38,14],[78,66],[19,45],[69,103],[32,10],[53,-61],[-38,-85],[51,0],[47,-33],[70,-4],[64,-26],[94,-14],[224,-19],[59,2],[97,17],[118,35],[184,91],[81,53],[52,56],[74,22],[42,24],[48,66],[79,29],[35,-7],[59,18],[46,32],[43,12],[92,65],[49,13],[30,49],[70,37],[35,-3],[59,-63],[191,2],[4,49],[40,70],[44,-5],[43,27],[38,3],[29,26],[-70,16],[4,56],[-45,-9],[-33,14],[-40,-15],[-77,-52],[-33,1],[-30,-37],[-60,1],[-22,-32],[-87,-19],[3,32],[30,40],[86,53],[39,-1],[53,28],[36,36],[91,26],[84,57],[75,-2],[44,-44],[101,2],[49,-13],[16,-30],[35,12],[4,-86],[56,-19],[19,-48],[67,12],[8,48],[-48,35],[-84,-27],[-4,107],[104,94],[25,103],[23,31],[96,36],[35,-31],[-7,-67],[30,-37],[-40,-112],[-39,-16],[-54,32],[-37,-5],[-25,-41],[-39,-23],[6,-34],[38,6],[22,64],[42,7],[92,-44],[-2,-38],[51,-65],[13,-97],[24,26],[-9,98],[-54,47],[1,50],[44,21],[29,38],[16,140],[92,-119],[19,-41],[-58,-75],[24,-59],[32,17],[-22,44],[39,35],[48,-42],[107,-28],[71,-67],[2,70],[-24,25],[5,45],[-14,86],[22,54],[70,65],[6,58],[36,14],[112,-15],[-59,42],[-79,15],[-67,48],[-48,46],[-5,31],[33,30],[-21,25],[9,70],[46,17],[11,30],[40,22],[81,-28],[-3,62],[67,-4],[71,-69],[48,43],[-44,44],[40,21],[40,49],[41,7],[-14,45],[-83,-65],[2,-23],[-39,-42],[19,-30],[-25,-20],[-31,48],[-60,19],[59,44],[-14,16],[-59,-40],[-11,52],[-1,88],[43,74],[64,42],[24,-72],[54,58],[-13,22],[-57,6],[8,50],[37,40],[163,124],[89,21],[40,-27],[62,28],[89,6],[70,-22],[47,-30],[42,27],[-127,85],[-28,39],[24,44],[-46,12],[-21,35],[-3,43],[26,48],[105,82],[129,120],[125,133],[72,30],[71,-27],[4,-128],[45,-13],[58,-65],[5,-33],[-41,-57],[29,-13],[28,68],[-6,43],[-60,67],[-3,74],[70,4],[24,30],[24,84],[-38,-17],[-23,-67],[-56,1],[-36,73],[-35,15],[34,57],[54,49],[120,154],[76,0],[64,-86],[19,33],[-42,61],[-44,30],[-9,32],[40,41],[38,1],[41,26],[43,-9],[24,-49],[43,-15],[-39,96],[-61,57],[77,44],[96,83],[17,33],[66,48],[71,26],[19,-74],[33,-46],[6,-62],[45,33],[-25,44],[-18,66],[32,53],[-2,85],[46,51],[33,-15],[27,18],[43,-9],[37,23],[51,-24],[70,15],[46,-2],[70,-41],[0,34],[-38,13],[-5,54],[33,31],[98,43],[65,89],[10,80],[-27,42],[59,56],[48,17],[33,36],[62,-13],[37,-21],[65,25],[68,-38],[-18,-53],[107,22],[35,34],[51,-2],[45,54],[73,-8],[58,-26],[16,14],[-23,52],[4,29],[44,64],[19,57],[-27,51],[6,23],[48,47],[46,18],[22,-29],[8,-58],[-14,-70],[6,-76],[43,3],[-8,48],[43,-13],[56,56],[12,38],[-49,69],[13,31],[56,-12],[116,16],[44,-38],[-9,-46],[9,-52],[21,-32],[76,24],[53,50],[34,-102],[12,73],[-62,89],[-61,26],[-22,56],[56,46],[54,22],[92,-3],[34,-22],[-10,-32],[19,-53],[32,-4],[-10,54],[53,-27],[127,0],[48,130],[41,38],[-22,30],[42,99],[-2,28],[53,33],[93,24],[-92,95],[-7,99],[14,38],[75,68],[43,-13],[33,24],[32,57],[29,21],[49,-3],[59,-25],[-32,60],[-62,52],[59,155],[42,61],[27,22],[76,99],[80,39],[-53,37],[99,215],[73,35],[-25,58],[-6,53],[25,55],[46,54],[51,12],[7,44],[78,101],[144,126],[29,36],[29,83],[100,92],[38,25],[46,8],[16,-22],[-5,-68],[-46,-23],[22,-94],[45,57],[2,118],[76,16],[66,36],[39,75],[31,17],[77,10],[136,76],[51,52],[205,134],[141,82],[100,9],[58,30],[152,39],[41,35],[175,25],[167,82],[104,10],[57,23],[64,39],[95,-8],[43,14],[89,60],[47,14],[167,89],[62,51],[35,-41],[-46,-74],[39,-121],[28,79],[-26,71],[51,27],[0,51],[71,-28],[42,16],[46,-5],[31,18],[75,13],[78,39],[85,-42],[75,-66],[33,-64],[35,-3],[-28,83],[-80,53],[-11,29],[18,54],[49,49],[76,41],[68,67],[18,60],[80,73],[55,29],[30,-59],[52,-44],[73,-10],[47,13],[102,113],[14,83],[-55,127],[16,81],[55,63],[16,96],[-8,158],[9,108],[-48,78],[33,75],[75,-9],[38,15],[43,80],[76,34],[-15,22],[-101,-31],[-110,46],[7,38],[28,24],[14,45],[-24,70],[68,79],[27,54],[17,112],[-24,77],[-2,40],[18,65],[30,35],[1,44],[48,8],[43,-40],[90,-36],[96,-62],[9,-37],[45,-70],[52,-49],[56,-34],[52,-8],[55,13],[67,-1],[57,25],[16,-27],[-38,-39],[-76,-17],[-5,-39],[-85,-60],[21,-23],[47,12],[21,30],[87,59],[69,1],[18,-20],[-3,-45],[70,6],[38,23],[65,-1],[66,-24],[176,-89],[70,13],[26,-42],[60,47],[120,37],[138,22],[55,20],[35,28],[44,64],[10,47],[48,60],[24,77],[38,25],[65,104],[46,-23],[135,-27],[50,1],[70,19],[142,62],[38,28],[73,10],[38,18],[60,70],[-13,38],[56,19],[24,-76],[30,-17],[106,-3],[106,9],[28,-11],[131,40],[112,0],[58,-23],[-23,55],[14,19],[87,-7],[124,8],[53,12],[38,77],[40,-5],[103,80],[82,32],[-3,41],[34,37],[91,5],[36,24],[-80,17],[115,58],[52,38],[3,28],[47,28],[5,23],[101,75],[97,-6],[-67,42],[-35,51],[7,37],[77,108],[49,32],[45,-29],[36,2],[-54,58],[5,36],[96,23],[45,-4],[74,17],[54,-2],[46,25],[39,-7],[8,32],[56,6],[183,46],[90,9],[40,-50],[62,50],[55,16],[37,-81],[60,13],[-77,145],[113,20],[86,88],[10,19],[68,56],[52,-10],[71,73],[17,-23],[-51,-86],[-7,-56],[43,-10],[24,-46],[39,89],[-17,40],[2,78],[63,75],[45,-48],[-1,-43],[29,-81],[-6,-38],[-76,-39],[16,-83],[68,-23],[-15,-81],[49,28],[9,71],[-73,49],[80,93],[56,-26],[68,-72],[-4,-39],[32,-33],[-45,-21],[-8,-29],[54,2],[53,27],[6,33],[-61,5],[8,28],[60,16],[-24,55],[-73,12],[-41,27],[-55,65],[145,-23],[82,-3],[31,-41],[69,-41],[-3,36],[59,28],[69,72],[30,7],[42,57],[77,24],[-45,27],[-35,-1],[-46,-30],[-23,-45],[-73,-62],[-54,-9],[-104,38],[-40,30],[-33,-4],[-58,30],[-52,6],[-33,21],[1,105],[127,104],[24,47],[106,48],[22,32],[147,59],[65,-7],[62,32],[50,-24],[81,19],[-27,37],[25,60],[84,38],[26,38],[-14,64],[46,19],[34,38],[-5,31],[50,17],[48,41],[75,41],[19,20],[13,100],[156,-27],[47,12],[35,-11],[44,9],[92,57],[49,5],[35,-21],[32,6],[22,38],[-11,29],[-110,-2],[-46,46],[36,40],[-29,19],[-52,-14],[54,111],[49,19],[35,56],[32,10],[-16,43],[24,54],[36,-11],[39,12],[-18,47],[71,72],[-4,24],[32,31],[36,1],[50,49],[41,15],[14,-50],[61,-9],[25,38],[42,14],[42,76],[68,40],[-9,37],[-30,31],[-94,-63],[-122,-45],[-29,11],[9,41],[49,44],[56,106],[45,49],[61,-19],[99,42],[4,21],[56,19],[49,46],[4,42],[64,64],[-32,37],[-30,-13],[-69,3],[-2,35],[23,32],[13,54],[76,28],[25,-6],[66,40],[40,-14],[30,14],[104,-3],[39,34],[35,-9],[107,23],[91,-1],[19,-20],[40,23],[58,-9],[51,-47],[-46,-96],[-35,-37],[-77,-35],[-14,-63],[-98,-66],[-110,-141],[-38,-62],[-32,-18],[-45,-63],[-99,-101],[-42,-25],[13,-76],[-41,0],[-26,-22],[26,-33],[87,28],[9,-16],[-14,-83],[-61,-107],[-60,52],[-48,-17],[-30,-37],[79,-33],[-26,-49],[0,-44],[-24,-46],[-56,-49],[-6,-36],[-111,-52],[12,-67],[49,-38],[-17,-74],[-63,-58],[-21,-99],[-11,-121],[21,-34],[32,-11],[35,-73],[20,-96],[27,2],[37,-71],[27,-12],[73,-97],[68,-61],[36,-17],[80,-88],[149,-71],[69,-22],[82,-8],[105,-45],[38,-7],[109,-40],[86,-11],[49,4],[27,22],[44,-9],[54,16],[86,-39],[59,-2],[36,35],[123,28],[87,62],[53,24],[43,-29],[13,29],[52,25],[47,44],[71,21],[86,37],[69,13],[-85,41],[11,61],[30,40],[58,42],[63,65],[42,-23],[58,7],[56,84],[59,24],[-22,32],[99,29],[-57,17],[129,82],[42,55],[87,-2],[69,51],[31,-12],[89,15],[107,41],[61,1],[99,15],[6,19],[92,5],[-2,-26],[-35,-42],[-61,-52],[109,-28],[22,-85],[52,38],[43,71],[38,-9],[36,43],[51,-3],[10,75],[69,81],[53,46],[68,19],[104,7],[73,25],[18,50],[27,8],[61,51],[113,-38],[-22,-32],[-7,-57],[-46,-62],[60,-89],[83,-56],[91,-28],[59,31],[17,-28],[70,29],[76,-11],[22,31],[-9,40],[22,36],[6,48],[89,86],[-20,35],[-2,69],[28,14],[10,38],[64,28],[52,93],[61,29],[30,37],[105,63],[28,61],[28,20],[18,43],[47,-11],[106,38],[29,-53],[-56,-27],[5,-20],[-70,-35],[22,-59],[27,-36],[60,-45],[41,22],[50,1],[15,-56],[48,-88],[38,-49],[-13,-33],[37,-48],[-31,-20],[-17,-38],[-62,35],[-29,-39],[-58,27],[-51,54],[-115,35],[90,-66],[30,-80],[-38,-31],[-8,-38],[-73,-76],[-36,-13],[-29,13],[43,65],[-111,-72],[-74,-74],[20,-15],[122,48],[75,37],[41,45],[36,-12],[-30,-46],[20,-85],[-39,-23],[-29,-46],[-38,14],[40,53],[-52,34],[-35,-42],[28,-44],[-30,-47],[-23,-73],[50,-23],[-9,-99],[133,73],[42,16],[-30,32],[-6,33],[-41,34],[-3,45],[60,18],[71,-59],[52,29],[43,-8],[100,-47],[-44,-35],[-10,-32],[-46,-13],[-53,-56],[-66,-38],[-9,-90],[-41,-6],[-10,-45],[-43,-32],[8,-48],[55,63],[21,42],[29,-15],[-11,-68],[46,-41],[68,-5],[74,-69],[37,12],[-83,48],[-16,26],[-81,8],[-18,69],[58,52],[-11,50],[49,84],[46,-17],[-51,-41],[72,-66],[104,-42],[27,-69],[90,-99],[48,-16],[40,15],[85,-17],[-49,-56],[-76,-6],[-16,-34],[73,6],[57,32],[30,82],[-36,19],[-69,12],[-37,-17],[-38,11],[-24,87],[126,22],[99,-31],[133,-51],[0,-24],[46,-52],[-27,-43],[39,-45],[27,26],[-31,102],[69,-15],[87,-45],[69,-47],[74,-71],[87,-66],[46,-9],[18,56],[77,-9],[10,-58],[79,14],[5,-58],[60,32],[83,-15],[75,0],[76,-23],[42,2],[125,-47],[38,-28],[93,-9],[38,-19],[60,14],[45,-4],[74,-52],[26,0],[36,-44],[-12,-50],[-89,-46],[-27,-47],[-19,-67],[-30,-1],[-71,46],[-32,-41],[-56,-11],[0,-45],[57,26],[48,39],[49,-70],[74,9],[16,-31],[-31,-71],[8,-61],[54,26],[12,99],[-30,71],[6,43],[103,78],[62,34],[26,35],[-2,69],[-47,38],[10,52],[80,-10],[69,-71],[50,-91],[52,-51],[-22,-113],[27,-95],[-75,-116],[16,-40],[57,-40],[18,50],[-21,30],[10,71],[87,121],[42,8],[64,-45],[-11,64],[-60,14],[-59,-37],[-32,32],[32,70],[31,21],[-3,35],[-47,71],[11,98],[78,36],[20,25],[43,12],[101,3],[52,-41],[42,44],[66,0],[46,-18],[30,9],[100,-57],[-33,-66],[24,-40],[47,-25],[27,-39],[-20,-29],[38,-25],[36,77],[44,-13],[35,-57],[38,-10],[43,-45],[70,30],[-68,22],[-59,42],[-46,62],[-67,-2],[-63,28],[8,32],[81,48],[10,58],[138,31],[135,-4],[81,10],[79,22],[86,50],[98,10],[73,31],[172,6],[23,18],[153,22],[76,19],[122,44],[79,36],[30,0],[43,-26],[67,-14],[-8,-65],[-71,-108],[-5,-39],[-67,-102],[47,16],[6,41],[28,33],[13,44],[35,44],[49,104],[-16,66],[-30,21],[15,34],[99,35],[112,69],[63,24],[25,-27],[69,-6],[44,-31],[46,1],[-29,62],[29,60],[28,18],[64,-2],[-2,43],[-46,73],[58,-3],[137,37],[88,19],[71,32],[136,73],[40,42],[112,9],[32,-24],[54,42],[34,-4],[-124,-95],[-44,-82],[88,-35],[17,-101],[44,-87],[-17,-64],[13,-54],[-40,-21],[-60,-80],[41,4],[92,76],[78,-1],[-8,56],[-31,33],[30,104],[82,160],[66,49],[35,-15],[-55,-70],[-1,-48],[50,-19],[-14,55],[35,23],[44,-16],[37,45],[66,124],[33,-3],[52,-68],[-1,-68],[83,-87],[4,-25],[43,-26],[52,16],[39,-13],[30,25],[53,2],[54,45],[54,0],[44,16],[73,-2],[152,32],[38,28],[46,10],[92,52],[131,36],[102,36],[33,-56],[68,-7],[66,5],[27,-48],[49,-6],[29,16],[30,-17],[32,-51],[54,51],[-62,0],[-19,71],[-50,0],[-42,-34],[-50,59],[-55,8],[-27,-14],[-19,48],[53,93],[59,34],[62,16],[46,-26],[42,-6],[-14,47],[40,52],[56,41],[26,33],[50,20],[24,35],[82,75],[36,7],[73,69],[63,21],[84,41],[64,48],[64,27],[25,39],[112,76],[59,15],[-3,-38],[88,14],[-60,45],[-8,84],[69,168],[37,32],[73,28],[46,-33],[49,0],[27,35],[38,-30],[14,84],[-81,-41],[-49,73],[-36,-3],[-46,48],[-1,61],[49,85],[36,16],[70,65],[55,22],[63,9],[45,-31],[6,-23],[45,-12],[52,27],[41,-38],[18,-36],[-16,-38],[59,-36],[31,2],[51,-45],[-26,-83],[102,111],[-51,-3],[-44,48],[53,37],[-58,19],[-24,24],[26,108],[75,46],[99,37],[6,-21],[57,12],[16,-36],[94,-23],[48,-82],[-25,-52],[-51,-12],[0,-28],[46,-45],[43,85],[16,106],[110,31],[61,-48],[46,-10],[27,34],[0,34],[28,54],[-27,24],[73,71],[-106,-12],[-8,-50],[44,-45],[-31,-44],[-46,2],[-81,73],[-38,16],[-60,-13],[-40,29],[46,37],[27,96],[2,51],[35,34],[-8,52],[-41,-29],[-47,-54],[-13,-46],[16,-20],[-14,-39],[-35,-2],[-72,23],[-42,38],[83,186],[32,24],[31,90],[8,65],[-43,82],[-11,125],[60,50],[57,-1],[29,-45],[46,-23],[5,-44],[30,-31],[20,38],[-28,105],[115,21],[81,-3],[159,30],[43,0],[147,52],[165,85],[213,130],[92,74],[78,81],[74,94],[80,130],[-3,26],[265,81],[85,50],[99,78],[118,69],[22,29],[136,51],[7,-34],[-29,-39],[35,-9],[9,86],[31,23],[5,49],[70,35],[88,60],[95,53],[45,44],[79,49],[115,52],[146,75],[41,27],[121,112],[152,166],[94,9],[56,-3],[28,-23],[0,-93],[14,-26],[-9,-44],[59,-111],[-47,-10],[-109,78],[-15,73],[-29,32],[-35,-3],[-121,-67],[-22,-52],[42,-57],[55,44],[46,0],[2,26],[-75,29],[80,62],[44,-35],[1,-35],[-26,-47],[91,-25],[44,-35],[62,-25],[16,-52],[-68,17],[-6,28],[-112,66],[-80,-2],[10,-43],[69,-40],[59,2],[76,-36],[19,-36],[-53,-19],[-4,29],[-99,53],[-114,-15],[-102,-35],[-56,-33],[-14,-41],[22,-16],[-17,-51],[20,-68],[52,13],[60,-4],[34,37],[56,27],[85,5],[47,26],[30,-5],[52,25],[85,-2],[30,-22],[-9,-45],[-49,-6],[-7,-64],[-50,-50],[8,-64],[28,18],[0,53],[44,27],[33,47],[79,77],[23,62],[134,25],[-41,35],[55,21],[100,-16],[79,-23],[19,-26],[53,28],[29,-42],[70,-11],[34,25],[-25,30],[38,41],[45,70],[-24,21],[71,28],[90,10],[66,30],[98,5],[46,-70],[12,-54],[42,34],[68,8],[11,64],[36,45],[52,-12],[62,-31],[30,-40],[33,9],[-33,59],[-69,44],[-189,-15],[14,35],[219,37],[38,-7],[106,35],[41,24],[93,0],[66,34],[134,97],[33,-29],[12,-36],[-22,-83],[53,-115],[62,-44],[-9,-26],[-68,19],[-47,-63],[32,-40],[20,38],[50,27],[43,-23],[30,4],[44,-33],[10,-44],[22,-17],[6,-60],[56,24],[19,44],[-4,76],[-15,89],[43,38],[30,-19],[-14,-82],[24,-17],[66,107],[44,20],[57,1],[60,29],[44,2],[79,-17],[27,-17],[40,-73],[46,-30],[-4,-54],[36,13],[9,51],[-10,46],[-33,38],[12,41],[35,-1],[-7,44],[63,59],[25,-9],[115,17],[49,20],[18,-11],[73,0],[30,-15],[-16,-68],[111,49],[18,48],[92,27],[107,-56],[61,-62],[49,-17],[109,-16],[69,6],[9,36],[124,-1],[-30,39],[-29,-7],[-66,22],[-45,38],[-17,53],[-27,23],[103,60],[89,-15],[-90,-36],[40,-53],[134,-2],[31,28],[103,17],[6,-18],[-58,-56],[-30,-53],[62,11],[49,74],[42,25],[-66,54],[32,40],[52,26],[73,52],[65,23],[76,59],[65,7],[17,-22],[-5,-74],[-41,-44],[8,-71],[48,-27],[-11,56],[8,54],[65,44],[15,79],[42,22],[69,-56],[31,10],[-36,57],[-59,47],[-36,15],[-91,-32],[-98,2],[-81,32],[66,23],[117,19],[37,19],[74,11],[169,61],[89,1],[45,-45],[-57,-57],[-54,-111],[28,-55],[25,-4],[-19,-57],[42,-35],[-26,-43],[-46,24],[-57,98],[-24,-21],[45,-109],[26,-41],[-43,-68],[-52,-13],[62,-58],[-35,-16],[-26,23],[-37,-2],[-18,-82],[37,-18],[81,52],[19,41],[8,65],[48,-4],[29,54],[74,47],[23,-42],[-29,-30],[-16,-73],[43,18],[29,-108],[27,30],[-24,62],[23,23],[68,-26],[46,-54],[31,-3],[33,-34],[90,14],[-97,45],[-74,68],[10,18],[55,-1],[174,51],[49,-22],[95,47],[64,-46],[23,-36],[34,26],[-12,45],[-37,-8],[-84,56],[-51,-12],[-66,36],[-48,0],[-150,-66],[-61,33],[18,33],[-192,91],[5,86],[85,32],[91,-2],[23,26],[11,50],[50,111],[24,-35],[-23,-95],[54,-53],[68,4],[148,27],[83,42],[159,55],[101,-6],[7,-30],[-31,-25],[-5,-43],[45,-79],[41,-18],[98,-26],[28,-29],[69,-21],[6,-22],[82,-37],[-54,-64],[74,6],[59,-18],[28,-27],[-10,-39],[-48,-57],[102,23],[23,33],[-12,66],[99,67],[-30,16],[-43,-42],[-51,6],[72,69],[98,55],[8,16],[143,49],[25,19],[138,29],[95,42],[146,75],[103,44],[160,112],[31,-9],[117,22],[51,50],[57,13],[73,-23],[83,5],[94,25],[43,-4],[39,26],[36,-6],[71,-77],[22,56],[74,-3],[82,11],[31,32],[18,-45],[29,23],[-14,48],[66,-32],[79,-20],[35,45],[-112,56],[21,15],[-8,76],[48,37],[-24,28],[-4,67],[48,77],[27,28],[-3,36],[58,95],[19,68],[30,29],[52,14],[41,34],[38,-65],[64,-24],[57,-81],[135,-36],[40,-35],[-57,-37],[-31,-72],[25,-15],[27,63],[61,49],[1,33],[-42,41],[-116,30],[-26,19],[-18,48],[-3,57],[-32,8],[17,78],[33,82],[43,68],[93,99],[119,168],[64,105],[110,163],[166,127],[57,10],[33,20],[115,32],[114,51],[125,76],[113,100],[103,110],[24,48],[92,125],[48,110],[64,124],[29,74],[74,296],[15,151],[69,176],[43,74],[20,16],[55,-9],[98,5],[69,17],[108,53],[104,11],[117,34],[79,52],[49,3],[50,-22],[38,3],[39,31],[114,45],[43,25],[101,106],[43,34],[115,154],[30,10],[22,63],[-8,38],[-50,54],[14,87],[-3,35],[42,61],[67,66],[41,16],[93,3],[74,-24],[83,-10],[32,-22],[133,-58],[100,-59],[37,-41],[82,-46],[40,-47],[-2,-42],[71,-103],[-3,-61],[11,-56],[35,-12],[45,-64],[96,-84],[58,4],[74,-41],[71,-4],[63,-24],[60,14],[78,-31],[85,-23],[72,32],[-26,51],[-168,22],[-46,19],[-35,-8],[-84,47],[-148,24],[-24,26],[-18,100],[-37,97],[-3,42],[14,95],[-6,57],[17,23],[45,162],[6,63],[72,33],[29,28],[53,21],[101,8],[71,-17],[49,10],[214,-25],[117,-34],[118,-55],[44,-35],[8,-26],[59,-2],[182,-92],[86,-19],[137,-20],[-36,-24],[173,-14],[177,-50],[83,-10],[161,-51],[35,-26],[127,3],[33,16],[79,13],[58,-1],[245,-46],[80,-27],[80,5],[104,-64],[-23,-54],[31,-54],[36,30],[12,48],[77,-13],[206,9],[69,54],[57,5],[52,-17],[47,-36],[31,-3],[43,-33],[24,-51],[69,-59],[44,-25],[-15,-55],[70,-16],[87,13],[11,25],[44,-6],[119,13],[78,34],[5,40],[56,-36],[6,-22],[92,-34],[100,-28],[16,-18],[-35,-56],[16,-34],[36,-16],[61,-80],[92,-66],[36,-38],[88,-67],[61,-19],[139,-104],[70,-25],[93,-45],[46,1],[25,-44],[65,-14],[105,-46],[38,15],[85,-22],[87,-75],[70,4],[26,30],[55,14],[68,3],[110,22],[175,46],[125,46],[216,102],[127,67],[40,11],[179,112],[97,104],[58,113],[6,53],[67,74],[-18,23],[30,41],[-39,57],[66,41],[96,36],[124,38],[-1,-41],[21,-18],[9,-63],[35,-37],[1,-72],[-24,-32],[10,-29],[52,-23],[-30,-72],[-51,-13],[-57,-62],[12,-38],[-93,25],[-18,-41],[147,3],[-2,68],[48,13],[100,59],[48,39],[56,-43],[22,51],[38,44],[57,38],[158,18],[34,28],[25,-10],[-23,-52],[75,-72],[25,25],[-58,26],[-9,97],[-85,45],[14,35],[54,4],[-16,47],[-30,6],[-23,92],[5,47],[25,7],[12,89],[-22,32],[-109,57],[10,36],[60,11],[69,51],[72,18],[63,-16],[0,-70],[63,1],[27,-23],[-1,-30],[41,-9],[26,42],[71,22],[-33,62],[-43,116],[-35,28],[96,4],[22,-29],[-9,-35],[40,-32],[65,-5],[65,-56],[63,2],[57,-39],[134,-16],[115,-7],[109,2],[252,38],[276,87],[-14,-29],[87,-7],[39,7],[33,63],[91,27],[66,28],[145,42],[96,39],[129,34],[33,1],[195,39],[93,10],[475,123],[193,18],[184,-12],[115,-15],[123,13],[71,1],[170,19],[219,35],[274,78],[39,-27],[79,-14],[-28,56],[74,-10],[131,35],[121,19],[122,27],[102,14],[79,22],[99,9],[91,-9],[91,-30],[137,-3],[84,12],[193,-2],[56,11],[125,0],[133,41],[150,37],[209,62],[32,3],[131,51],[116,27],[185,55],[77,30],[210,68],[74,4],[32,16],[96,24],[114,42],[118,33],[55,27],[164,64],[143,67],[48,9],[93,40],[176,62],[125,52],[71,9],[146,43],[48,-2],[75,19],[104,44],[114,39],[116,58],[130,48],[105,30],[114,49],[82,9],[190,94],[85,18],[120,38],[90,43],[84,29],[129,20],[145,56],[96,29],[60,35],[104,39],[120,52],[100,36],[241,49],[110,29],[74,10],[81,25],[162,41],[164,55],[323,139],[36,10],[209,100],[56,17],[86,41],[69,22],[237,111],[206,85],[233,110],[228,81],[120,62],[46,9],[168,77],[124,46],[139,66],[120,43],[108,56],[109,40],[90,25],[113,43],[107,66],[156,51],[8,-46],[88,67],[130,47],[101,49],[60,15],[234,103],[79,26],[178,73],[67,21],[172,83],[42,4],[118,41],[118,72],[151,70],[178,106],[209,146],[231,137],[140,59],[168,116],[40,33],[214,111],[133,93],[145,112],[57,25],[103,66],[124,61],[71,54],[120,77],[61,63],[34,17],[169,108],[94,86],[102,78],[93,48],[174,138],[218,155],[134,110],[414,375],[52,55],[162,153],[47,57],[94,97],[49,68],[92,82],[173,181],[23,32],[195,172],[72,87],[139,131],[47,60],[65,60],[28,45],[86,89],[24,39],[100,130],[86,98],[71,104],[202,237],[53,83],[122,162],[312,397],[47,86],[87,104],[43,73],[125,156],[108,164],[87,109],[86,126],[80,98],[23,51],[103,149],[33,61],[133,190],[44,54],[66,114],[50,75],[54,48],[94,158],[79,178],[46,115],[39,130],[24,104],[-16,63],[-67,27],[-8,49],[49,-6],[52,40],[61,78],[77,78],[55,82],[27,58],[37,47],[26,63],[84,125],[30,79],[55,116],[56,184],[0,28],[-36,77],[-11,79],[-67,84],[-34,30],[11,57],[36,16],[61,-19],[61,-67],[92,-39],[66,-9],[132,98],[103,-8],[54,42],[-33,23],[-33,-43],[-72,28],[-42,-35],[-115,-10],[111,173],[31,60],[47,64],[43,76],[52,127],[19,22],[-8,55],[12,121],[19,47],[10,96],[-30,60],[24,60],[42,32],[33,-44],[59,11],[70,63],[48,84],[23,97],[41,87],[34,29],[61,-73],[39,-18],[32,59],[-63,-12],[-28,19],[-14,43],[20,61],[23,108],[25,36],[58,31],[74,-14],[-7,48],[38,41],[35,-41],[9,-55],[-46,-123],[33,-10],[5,61],[37,96],[7,82],[-18,88],[-102,115],[-4,46],[55,128],[33,168],[44,74],[-50,7],[-20,41],[-6,75],[-37,64],[-71,24],[-93,98],[-60,17],[-26,-21],[-83,9],[-28,17],[-20,171],[-7,110],[3,145],[21,49],[113,65],[12,-22],[-39,-101],[42,-97],[53,-21],[-33,67],[-15,57],[131,-15],[50,7],[72,34],[71,8],[43,-12],[26,-30],[62,-31],[20,-50],[53,-42],[70,14],[85,-35],[-45,64],[47,41],[59,14],[13,29],[103,45],[39,40],[19,49],[30,-30],[42,-18],[45,-54],[90,24],[61,-14],[112,53],[88,63],[38,1],[26,-33],[-9,-70],[33,1],[8,54],[45,7],[2,28],[-58,13],[20,89],[29,58],[61,97],[34,40],[52,37],[52,10],[69,-25],[26,1],[210,169],[29,51],[43,25],[-17,-67],[30,-25],[42,39],[20,60],[-35,9],[15,57],[-3,76],[-57,22],[-22,33],[-3,51],[16,79],[-21,43],[20,68],[-29,57],[-15,57],[25,32],[-75,34],[-105,124],[-67,5],[-54,20],[-53,85],[-41,34],[-66,10],[-64,-7],[-50,12],[-98,51],[-66,9],[-4,45],[16,56],[79,2],[79,15],[9,48],[80,38],[95,29],[109,107],[98,164],[21,58],[41,58],[61,118],[46,152],[29,42],[49,41],[25,1],[72,-68],[-16,-31],[-47,-13],[-37,-71],[-5,-40],[49,-47],[18,-41],[-38,-54],[-2,-46],[79,73],[14,39],[-50,48],[-17,48],[22,21],[78,26],[77,79],[25,62],[39,48],[20,57],[37,57],[-41,61],[-34,25],[15,-86],[-53,-54],[-42,-78],[-32,-9],[-22,-41],[-39,104],[-60,32],[-32,48],[4,73],[-33,31],[44,22],[41,71],[69,90],[117,123],[47,58],[28,63],[108,55],[124,-5],[87,46],[64,-79],[16,-69],[56,-37],[26,-48],[33,-28],[80,-29],[46,-42],[49,-21],[61,-9],[131,19],[75,23],[136,29],[75,28],[63,33],[154,116],[58,36],[60,16],[139,116],[48,-16],[46,19],[178,137],[244,236],[52,72],[100,8],[73,-1],[61,20],[63,70],[89,65],[73,23],[50,58],[67,107],[58,42],[75,130],[63,27],[64,65],[103,173],[58,137],[70,97],[30,7],[51,-16],[47,16],[41,-4],[61,-27],[58,12],[101,93],[86,56],[120,29],[188,30],[95,41],[100,76],[136,142],[89,70],[79,109],[74,130],[31,-22],[64,-9],[-22,37],[5,42],[48,72],[28,81],[38,69],[29,82],[64,55],[111,53],[27,4],[43,-60],[-90,-45],[83,-1],[-26,-54],[-56,-41],[66,-44],[89,133],[34,89],[38,51],[1,63],[-26,30],[-38,9],[-31,42],[23,50],[105,123],[112,26],[94,9],[61,52],[84,-29],[31,11],[61,52],[58,36],[61,69],[34,19],[81,22],[78,9],[184,41],[122,63],[68,10],[69,39],[111,-26],[39,34],[31,61],[48,48],[81,60],[98,54],[108,84],[59,62],[55,78],[59,55],[65,39],[67,124],[35,29],[1,54],[17,79],[43,33],[13,79],[18,42],[-15,47],[10,60],[21,35],[-20,57],[12,50],[41,56],[-19,37],[-8,63],[30,71],[9,53],[-20,54],[-11,95],[11,64],[-15,50],[2,100],[-30,76],[-39,263],[-21,68],[41,45],[-123,23],[-57,73],[-60,38],[-50,48],[-69,11],[-67,-44],[-98,-16],[-67,45],[-77,-4],[-46,25],[-78,-8],[-78,9],[-55,22],[-51,-8],[-86,32],[-67,16],[-108,47],[-34,36],[-70,1],[-106,37],[-72,6],[-68,24],[-36,26],[-27,50],[-44,-8],[-1,-49],[-31,-20],[-26,-76],[-24,11],[-31,-39],[2,-28],[-52,-48],[-42,-4],[-110,-58],[-101,-79],[-66,-78],[-42,-72],[-7,-36],[53,-64],[3,-31],[-28,-41],[-55,9],[-67,83],[-53,22],[-34,36],[-30,134],[-44,25],[-25,36],[-60,16],[-71,92],[67,-13],[35,21],[81,22],[78,87],[97,180],[25,61],[37,140],[-4,81],[24,125],[2,222],[38,216],[8,140],[-3,100],[-11,106],[4,63],[-34,178],[-10,130],[-31,147],[-27,91],[-17,185],[-39,158],[8,62],[-25,76],[59,120],[-55,104],[-14,73],[23,130],[14,140],[-2,292],[6,45],[-17,166],[-3,75],[-33,109],[-41,79],[-40,51],[-56,26],[-36,-44],[-22,245],[-24,122],[-18,150],[-11,33],[-25,155],[-18,69],[-62,141],[-33,32],[-17,73],[-40,18],[-28,42],[-63,22],[-40,32],[-59,76],[17,63],[-39,52],[-31,61],[28,81],[-5,71],[4,148],[-23,153],[-2,83],[-18,72],[-21,125],[16,35],[-2,79],[-14,77],[17,46],[30,4],[49,50],[25,99],[9,101],[-9,118],[-21,121],[3,133],[-12,80],[11,40],[-2,242],[-20,136],[46,48],[12,114],[-6,143],[-12,54],[-19,195],[40,25],[76,73],[42,81],[5,62],[29,94],[10,158],[2,151],[15,82],[44,117],[18,93],[19,137],[6,113],[43,70],[33,25],[35,117],[28,41],[62,55],[87,-3],[-19,-48],[117,-24],[37,36],[51,4],[25,27],[5,65],[37,36],[9,56],[-26,3],[-50,-73],[0,-60],[-59,-27],[25,144],[46,94],[76,105],[59,125],[54,166],[26,62],[28,-51],[-37,-25],[6,-26],[69,-23],[-27,66],[62,68],[33,-46],[45,-15],[38,10],[-43,54],[11,51],[48,87],[-35,49],[0,35],[76,89],[59,50],[28,-10],[-53,-62],[53,4],[28,-65],[36,0],[-11,82],[43,25],[56,-10],[11,74],[62,0],[6,21],[59,35],[6,-63],[22,-28],[45,25],[1,63],[-31,16],[-1,41],[118,-4],[91,-47],[20,12],[56,-10],[16,-32],[56,12],[74,-46],[10,-32],[71,-23],[-37,64],[46,9],[-15,31],[-84,-16],[6,42],[-89,23],[-51,35],[-28,-7],[-71,38],[-37,1],[-22,48],[94,19],[112,14],[126,-37],[1,86],[-62,25],[-43,-32],[-48,35],[-17,-25],[-64,-7],[-48,29],[4,130],[40,17],[32,-33],[43,7],[6,53],[-71,-14],[-69,2],[-57,-113],[-141,-67],[-40,0],[-46,-37],[-92,-9],[-60,10],[-61,35],[-26,47],[-2,35],[20,72],[40,92],[57,82],[38,24],[69,126],[56,35],[60,60],[56,67],[25,46],[57,62],[22,6],[79,79],[111,87],[96,39],[141,74],[79,-5],[53,13],[82,43],[85,57],[85,84],[117,141],[70,127],[18,57],[42,47],[-82,94],[37,41],[127,81],[158,82],[131,73],[177,120],[91,57],[80,69],[51,15],[38,-18],[45,5],[108,45],[77,40],[45,33],[59,81],[79,60],[85,47],[17,-11],[-62,-64],[-22,-3],[-32,-71],[13,-75],[-22,-39],[-80,-82],[-95,-51],[-12,-53],[-29,-34],[8,-48],[-17,-38],[-117,-35],[21,-32],[83,-23],[110,108],[8,37],[40,39],[66,34],[28,-34],[48,47],[44,-17],[-9,-62],[-20,-27],[29,-63],[26,66],[59,8],[42,-43],[2,92],[-27,20],[-17,45],[12,65],[39,48],[29,3],[20,32],[-76,-6],[9,53],[36,62],[52,63],[17,79],[-28,106],[-25,54],[-60,41],[13,47],[-2,133],[17,103],[-8,50],[23,17],[48,-27],[-21,-92],[47,-77],[59,-50],[-14,-22],[68,-11],[118,3],[9,-22],[-23,-45],[11,-32],[36,-31],[71,-21],[34,16],[31,-30],[3,-43],[45,-21],[-30,-86],[-70,-103],[-28,10],[-12,-52],[65,2],[95,37],[41,-6],[31,18],[36,-12],[51,-71],[55,-40],[105,21],[82,-59],[76,3],[169,37],[87,13],[71,-52],[62,38],[42,-36],[12,-41],[39,-48],[66,-16],[-8,41],[-36,7],[-25,70],[-31,51],[20,33],[-92,50],[-25,62],[-81,92],[-29,20],[-19,40],[-51,33],[-13,67],[-26,54],[16,85],[16,34],[-5,97],[-30,61],[-37,32],[-77,-42],[-31,51],[-1,70],[-26,58],[-55,67],[25,190],[-24,47],[-67,24],[-32,51],[-72,61],[-9,37],[9,87],[-44,69],[53,67],[102,85],[58,40],[-55,-101],[98,-85],[-27,92],[152,-18],[48,-77],[9,62],[35,-48],[10,75],[37,29],[-25,58],[-91,66],[-30,-6],[-29,59],[-65,21],[-22,83],[67,79],[68,54],[85,114],[54,6],[45,73],[-16,56],[-35,-6],[-7,35],[-40,17],[107,92],[38,20],[120,-18],[64,8],[28,-23],[67,-16],[40,19],[62,3],[25,-34],[2,-48],[20,-17],[1,-43],[55,-31],[-9,-30],[54,-93],[-26,-45],[13,-34],[49,-41],[99,-31],[79,-6],[136,23],[172,41],[57,21],[138,80],[43,-3],[53,31],[69,65],[73,45],[71,-43],[16,-46],[49,-34],[62,-9],[73,19],[238,106],[31,2],[38,41],[60,127],[29,48],[87,96],[55,45],[34,51],[91,-17],[21,-15],[-13,-45],[-60,-44],[-41,-44],[-14,-87],[43,28],[31,64],[65,53],[54,-57],[20,34],[67,35],[52,-29],[39,-47],[5,-43],[56,-12],[3,-79],[37,33],[-11,52],[6,51],[-81,64],[-48,57],[-3,30],[130,-63],[103,-90],[155,-102],[11,-80],[53,22],[60,-63],[41,-21],[11,-35],[73,-66],[77,-20],[14,12],[65,-19],[-1,37],[-92,5],[12,50],[-66,33],[13,18],[-34,61],[-56,8],[-11,51],[48,43],[46,19],[-18,42],[-33,-13],[-43,7],[-33,41],[-3,45],[66,28],[12,72],[-55,-37],[-22,-28],[-54,-10],[-20,-21],[-51,29],[-23,-25],[-38,37],[-33,87],[-27,-25],[-47,44],[-30,54],[-79,50],[-80,-23],[-82,-6],[-37,7],[-21,169],[17,67],[4,64],[-34,100],[46,1],[37,35],[46,-20],[0,38],[-67,46],[-57,5],[-99,-42],[-23,-33],[19,-37],[-38,-68],[-95,33],[-85,42],[-70,56],[37,128],[-21,55],[-43,33],[73,167],[62,86],[73,138],[91,146],[64,117],[23,54],[43,135],[21,140],[20,93],[-21,129],[34,0],[14,48],[-34,26],[41,73],[57,44],[86,103],[42,22],[124,123],[68,89],[14,-17],[-89,-106],[-32,-79],[19,-36],[83,73],[44,49],[81,12],[72,-19],[55,20],[-1,21],[81,21],[139,63],[50,34],[40,41],[36,66],[40,38],[39,67],[54,124],[85,-59],[70,-67],[61,1],[46,14],[2,42],[-58,6],[-34,-18],[-36,13],[-40,48],[-68,39],[1,50],[-54,35],[-33,45],[-49,-76],[-20,28],[107,155],[31,-18],[-12,-54],[30,-32],[44,-14],[104,3],[94,20],[117,61],[51,41],[100,150],[18,36],[15,89],[-31,103],[-27,23],[-27,-15],[-61,26],[28,61],[20,161],[-18,50],[22,84],[26,52],[25,-54],[67,-4],[15,38],[-33,30],[-43,16],[17,48],[66,85],[18,38],[95,133],[19,53],[47,88],[18,70],[0,69],[73,-44],[60,-5],[43,-38],[22,-42],[78,-34],[119,4],[134,33],[114,50],[115,89],[34,78],[57,2],[36,-46],[-17,-45],[-55,-19],[-3,-67],[44,29],[39,-5],[20,39],[-10,42],[11,35],[-47,57],[53,35],[63,26],[53,36],[241,107],[128,85],[83,-4],[-27,-50],[-4,-87],[-59,-32],[-34,23],[-25,-34],[-36,-14],[-10,-33],[-40,-26],[47,-52],[42,-8],[36,23],[10,-39],[48,-27],[-22,-22],[15,-53],[28,-38],[-19,-65],[-33,38],[-67,-17],[-29,5],[-68,-74],[-61,-27],[46,-40],[14,-50],[41,-32],[21,-62],[122,-1],[12,-29],[-46,-58],[4,-49],[72,-69],[65,-23],[23,-28],[51,-2],[44,-39],[77,-7],[94,88],[57,-8],[32,-27],[52,41],[38,-15],[-2,-37],[-31,-42],[-75,-41],[-50,-48],[-123,-85],[-54,-30],[-55,-46],[-29,-58],[6,-69],[-50,12],[1,65],[22,23],[8,60],[-65,43],[-33,4],[-30,-33],[-95,0],[-33,-18],[-46,4],[24,62],[-12,31],[-88,19],[-59,-8],[-30,-54],[-55,-30],[-43,37],[-87,-45],[-36,35],[-32,-43],[-49,-34],[-22,-31],[24,-40],[-20,-63],[-34,-59],[42,8],[141,-7],[20,-22],[3,-84],[-33,-40],[-39,-72],[-61,-61],[-49,-31],[-46,-72],[-58,-3],[7,-98],[-20,-39],[90,8],[49,-24],[32,-37],[82,16],[49,-41],[106,24],[30,-81],[-35,-18],[-65,35],[-82,-28],[-58,-41],[-71,-116],[-44,-142],[51,-52],[-19,-35],[-48,-37],[-56,-10],[-29,17],[-47,1],[-35,-26],[-47,-119],[-48,-38],[-14,-51],[-44,-28],[35,-23],[2,-62],[30,-30],[51,-14],[100,13],[67,-37],[47,0],[26,18],[29,-21],[-43,-98],[25,-43],[39,-31],[111,77],[20,-9],[1,-130],[-25,-23],[18,-31],[-19,-42],[-44,-14],[-39,-67],[33,-42],[9,-40],[36,-42],[22,-49],[35,42],[31,16],[42,-8],[48,35],[16,54],[38,52],[22,78],[32,41],[0,39],[38,57],[51,5],[23,-70],[36,-57],[40,-39],[88,1],[25,-18],[-23,-61],[0,-47],[-22,-30],[20,-90],[-47,-40],[-8,-54],[28,-82],[55,-34],[28,-4],[-18,-93],[-37,-31],[5,-72],[18,-63],[37,-21],[38,-51],[20,7],[46,-40],[17,-91],[152,-44],[60,8],[54,29],[48,-42],[57,17],[32,52],[18,101],[6,89],[-9,13],[8,94],[31,1],[-7,-126],[16,-60],[-8,-25],[16,-86],[-1,-67],[-21,-51],[60,-60],[37,-21],[16,-50],[87,-36],[69,-20],[130,-13],[152,35],[40,24],[18,34],[45,24],[35,44],[-22,51],[24,25],[-29,48],[1,32],[42,16],[39,-62],[21,-59],[6,-60],[23,-83],[-27,-62],[-59,-73],[-23,-61],[-14,-112],[-31,-64],[-42,31],[-54,3],[-43,36],[-54,3],[-53,-34],[-91,-107],[-58,-36],[9,-47],[-28,-32],[10,-150],[11,-54],[29,-21],[27,-49],[-39,-125],[66,52],[14,-22],[-4,-51],[-61,-75],[52,-58],[31,-5],[74,42],[26,52],[97,2],[100,-46],[42,-46],[38,-15],[91,-85],[68,6],[66,-75],[20,-95],[26,-41],[-25,-180],[16,-33],[30,-4],[32,-31],[-12,-42],[-34,3],[2,-84],[71,-52],[40,39],[32,-25],[11,-75],[56,-51],[-20,-29],[-60,-9],[-77,45],[-36,-3],[-30,-39],[-100,-212],[-41,-121],[-9,-99],[-1,-105],[-14,-66],[56,-50],[-20,-52],[-40,-46],[11,-59],[95,30],[73,-4],[89,-29],[180,-112],[6,-41],[59,-8],[66,-32],[48,-35],[91,-48],[90,-62],[102,-84],[72,-45],[138,-106],[31,-18],[78,-211],[55,-80],[137,-165],[97,-75],[-4,-32],[52,-82],[148,-192],[0,-72],[27,-104],[19,-42],[1,-57],[29,-91],[14,-138],[-37,-69],[16,-54],[60,-135],[7,-82],[28,-89],[77,-48],[65,-55],[92,-110],[52,-45],[96,-102],[42,-58],[81,-78],[-5,-45],[47,7],[66,-52],[46,-76],[53,-48],[132,-242],[10,-53],[86,-276],[43,-70],[24,-63],[65,-103],[69,-92],[55,-54],[28,-46],[52,-120],[52,-207],[13,-82],[19,-50],[10,-139],[-14,-146],[-34,-77],[-9,-77],[34,-86],[58,-23],[139,-103],[74,-23],[68,-8],[89,38],[29,-19],[43,-80],[42,-17],[68,-74],[50,-68],[48,-20],[124,-22],[46,-25],[40,-136],[52,-87],[49,-99],[66,-116],[44,-29],[65,-12],[12,-18],[-19,-89],[32,-32],[56,-10],[92,-42],[79,-57],[3,-51],[29,-15],[51,1],[75,-85],[-2,-51],[-35,-27],[-6,-59],[50,-6],[32,-57],[65,23],[2,-41],[37,10],[15,-51],[-14,-118],[-27,-60],[87,6],[37,21],[65,-54],[13,-45],[-5,-54],[-32,-51],[-3,-44],[-32,-98],[15,-54],[34,12],[-24,42],[0,40],[63,100],[76,-51],[-10,-132],[4,-112],[14,-67],[-13,-28],[36,-50],[108,-63],[64,28],[95,-69],[12,-39],[28,-21],[18,-62],[37,-39],[31,-65],[-2,-28],[-45,-88],[1,-101],[-10,-93],[4,-59],[-16,-19],[32,-54],[41,-34],[-9,-80],[61,-129],[97,10],[51,55],[-2,88],[33,65],[-22,53],[-51,50],[3,23],[91,105],[-19,64],[-21,21],[-35,104],[29,58],[1,38],[23,54],[53,-9],[6,49],[-26,98],[-46,68],[16,26],[-91,76],[-39,21],[-65,70],[-16,43],[10,80],[49,52],[5,62],[-27,45],[12,101],[-9,32],[-6,133],[-25,83],[12,41],[5,116],[-19,49],[-72,48],[-56,25],[-37,33],[-42,93],[8,21],[64,21],[-1,124],[33,38],[37,67],[-9,82],[-23,38],[11,41],[4,79],[22,62],[28,38],[0,29],[38,51],[17,51],[40,15],[33,-31],[15,-67],[36,-40],[46,17],[45,77],[31,74],[3,40],[30,43],[8,81],[-2,254],[-5,68],[19,94],[77,178],[15,54],[37,31],[-20,19],[41,151],[26,159],[10,132],[-3,176],[7,110],[38,95],[27,154],[0,62],[17,37],[41,25],[63,-12],[115,14],[60,126],[-56,83],[-9,31],[-60,86],[-48,53],[-34,54],[-74,67],[-31,44],[-157,121],[-67,89],[-41,100],[-25,33],[-18,89],[-114,221],[-40,106],[12,64],[-2,68],[-18,44],[0,75],[-27,174],[-11,165],[-6,20],[-1,159],[79,52],[111,152],[-20,20],[56,69],[70,23],[122,1],[36,30],[76,42],[101,29],[34,17],[101,23],[32,-3],[123,-60],[69,-73],[17,-114],[-13,-32],[12,-75],[3,-183],[52,-2],[30,18],[74,-26],[26,-40],[76,-34],[-6,-55],[15,-114],[118,-11],[68,48],[84,143],[38,34],[62,-58],[40,-14],[190,-153],[128,-76],[18,-23],[53,-8],[89,-81],[57,-80],[58,-21],[64,-69],[66,-131],[12,-76],[37,-60],[31,-89],[35,-161],[52,-83],[37,-31],[36,-3],[49,-73],[34,-88],[37,-18],[51,-60],[28,-57],[104,-121],[65,-39],[94,-28],[140,-53],[20,-30],[30,-111],[33,-30],[63,-1],[131,-36],[41,-52],[-11,-50],[31,-77],[91,-106],[41,-4],[164,-62],[141,0],[123,37],[151,80],[40,10],[34,70],[-125,-1],[-120,24],[-62,-12],[-65,52],[-23,80],[14,74],[-9,40],[-104,76],[-80,29],[-31,31],[-25,99],[-43,27],[-46,51],[-45,16],[-20,31],[-88,79],[-87,46],[-90,115],[-49,32],[-30,38],[-16,87],[4,27],[64,59],[9,42],[-69,94],[-23,73],[-16,141],[-30,56],[-15,74],[-21,224],[-41,159],[-53,108],[-66,95],[-35,78],[-93,181],[-36,190],[31,19],[109,20],[38,17],[138,23],[16,65],[-65,9],[-163,42],[-24,33],[133,83],[182,274],[6,19],[59,20],[38,26],[87,91],[58,36],[153,126],[59,43],[133,131],[160,92],[104,81],[22,63],[30,45],[42,30],[15,59],[39,58],[178,26],[52,50],[20,78],[28,25],[90,40],[38,-3],[42,27],[66,26],[56,1],[40,-21],[36,9],[55,130],[45,54],[-27,142],[-38,16],[-65,60],[27,52],[-29,33],[24,48],[34,36],[12,60],[-39,7],[-55,-36],[-67,-24],[-27,-130],[4,-50],[53,-38],[16,-76],[-11,-44],[-36,-40],[-107,3],[-42,-39],[-65,-26],[-45,14],[-104,-38],[-87,-57],[-118,-14],[-62,12],[-51,-64],[-37,-92],[-85,-49],[-64,-6],[-64,-35],[-107,-90],[-100,-42],[-83,-16],[-36,11],[-129,-42],[-68,6],[-58,-38],[-96,-104],[-103,-46],[-76,-17],[-124,-8],[-113,53],[-60,49],[-24,41],[-34,11],[-49,51],[18,25],[-41,41],[-37,-3],[-118,179],[-21,22],[-34,98],[4,91],[-9,64],[-5,142],[26,33],[-17,65],[-80,34],[-66,57],[-93,156],[-78,117],[-45,43],[-63,89],[-8,62],[-34,58],[-71,67],[-59,136],[-21,67],[21,29],[8,66],[-20,29],[-9,88],[-27,16],[-76,-2],[-19,29],[-44,4],[-150,-84],[-80,50],[-76,71],[-30,38],[-33,72],[-98,100],[-140,74],[-60,46],[-52,66],[-27,86],[-26,43],[-6,47],[-66,81],[-40,20],[-60,8],[-58,50],[17,59],[-47,51],[-39,21],[-46,3],[-24,-27],[-37,-2],[-88,23],[-104,54],[32,17],[-24,35],[-114,36],[-47,-18],[-19,-35],[-59,-17],[-40,25],[-42,-7],[-38,48],[-37,17],[-131,26],[-36,20],[-108,-22],[-31,28],[18,43],[-81,-22],[-30,-41],[-156,-12],[-39,18],[-34,-11],[-16,29],[-70,8],[-54,33],[-14,25],[18,36],[77,7],[70,57],[-19,56],[-43,14],[-70,-22],[-31,24],[47,39],[84,2],[34,20],[51,52],[144,31],[136,-12],[18,-16],[47,11],[12,36],[71,-4],[105,38],[-4,40],[59,18],[84,0],[-3,41],[-130,4],[-63,53],[-44,65],[8,32],[32,8],[27,41],[46,-22],[56,-11],[52,11],[-61,39],[-14,34],[-49,20],[7,41],[-15,89],[13,32],[39,25],[64,-8],[44,-25],[65,-69],[48,14],[27,80],[42,24],[1,30],[48,14],[131,-6],[24,37],[-63,19],[-94,51],[2,52],[46,20],[64,7],[83,-33],[131,1],[-19,65],[24,57],[-30,94],[-114,91],[-40,24],[-175,79],[-41,3],[-63,-18],[-7,-38],[-40,-35],[4,-58],[-153,11],[-67,-10],[-94,0],[-137,22],[-126,4],[-64,48],[2,-44],[48,-39],[63,-81],[-13,-26],[24,-50],[31,-28],[-10,-47],[15,-47],[-28,-39],[-26,29],[-147,12],[-38,38],[-66,20],[-24,-46],[3,-34],[-71,-118],[-10,-101],[14,-95],[-72,64],[-62,116],[-75,47],[-26,65],[1,48],[45,84],[53,2],[-37,58],[-23,10],[-30,48],[-23,71],[-33,57],[-79,-25],[-120,44],[-62,37],[-100,89],[-7,28],[-40,37],[18,51],[96,47],[3,33],[-38,34],[-114,26],[-104,-19],[-34,26],[-216,31],[-32,42],[-50,34],[25,46],[64,39],[92,-1],[54,-10],[3,-19],[-144,1],[2,-22],[152,-53],[110,-8],[37,-32],[67,40],[40,-19],[137,-32],[52,-4],[90,-41],[77,-19],[94,26],[12,58],[-68,61],[22,45],[76,-65],[31,36],[-13,27],[-64,70],[-15,32],[-71,14],[-28,54],[-42,8],[-157,54],[-32,48],[19,48],[-26,20],[-35,-38],[-49,-4],[11,42],[36,34],[28,1],[60,30],[57,-21],[17,-22],[83,-26],[46,-56],[40,0],[25,-26],[65,-13],[32,-50],[49,-13],[106,-52],[42,-5],[27,-28],[31,10],[83,-42],[43,-33],[74,-36],[-19,-47],[64,-5],[92,-25],[5,48],[174,-62],[60,-9],[2,-25],[66,-60],[105,-16],[77,-24],[43,-36],[35,-8],[74,-40],[25,23],[-97,58],[17,24],[111,-54],[193,-27],[74,-27],[97,-8],[36,-13],[184,-30],[21,30],[-2,42],[-122,97],[-72,29],[-117,6],[-36,14],[-38,41],[-57,-5],[-43,34],[-2,38],[-57,-12],[-45,-43],[-82,-4],[-8,-20],[-60,6],[-38,44],[39,57],[-79,41],[24,27],[203,65],[80,-37],[150,28],[19,23],[42,-9],[35,22],[36,-15],[-2,-31],[97,-5],[12,-31],[135,-1],[19,19],[49,-15],[90,5],[54,27],[17,37],[-35,52],[3,27],[-101,27],[-60,38],[6,34],[35,30],[-108,11],[-16,30],[-98,50],[-5,15],[-92,5],[-98,21],[-12,21],[-78,47],[-56,8],[-23,17],[27,37],[-93,30],[8,19],[-44,28],[-74,-8],[-110,69],[-38,-10],[-46,17],[-125,28],[-73,-24],[-52,56],[-63,24],[-96,20],[-49,66],[-54,-16],[-106,38],[-47,0],[-43,21],[-163,38],[-33,83],[-70,11],[-6,31],[-89,58],[81,25],[51,4],[35,-23],[53,-8],[31,14],[98,-21],[82,-30],[92,-61],[140,-55],[73,-18],[77,-40],[58,2],[44,-12],[77,-2],[40,-19],[65,2],[16,48],[-44,17],[-44,35],[-120,17],[-97,52],[-36,0],[-15,30],[-34,7],[-55,62],[65,-11],[74,30],[-92,17],[-82,29],[0,27],[-148,28],[-52,22],[-53,-7],[-25,42],[-39,14],[-82,10],[7,29],[-20,70],[24,19],[69,-22],[69,-59],[38,-46],[66,-27],[73,7],[88,-29],[187,-11],[83,-29],[-35,-65],[91,-45],[-21,59],[23,39],[189,-26],[155,-37],[82,-41],[27,-34],[-14,-53],[-76,-25],[-79,9],[9,-29],[102,-26],[48,-25],[33,-35],[68,-2],[109,-53],[32,38],[76,52],[43,-21],[29,-35],[31,17],[100,-30],[48,15],[93,-51],[80,-18],[41,-19],[95,-10],[65,29],[-74,41],[57,6],[62,-26],[25,34],[35,4],[115,87],[44,5],[4,77],[-130,-22],[-73,-5],[-4,44],[91,35],[-40,37],[-59,-28],[-12,29],[87,15],[22,25],[-77,33],[-119,17],[-83,27],[-180,137],[-74,37],[-22,35],[-63,43],[-34,35],[-23,59],[50,17],[-70,103],[-39,21],[-38,0],[-7,57],[45,14],[39,-25],[68,-18],[43,3],[124,-12],[69,-41],[-93,-54],[7,-65],[53,-88],[97,-58],[54,-5],[71,8],[-64,75],[5,25],[-61,52],[-12,44],[49,-4],[126,-49],[68,-43],[117,14],[28,14],[34,-22],[40,9],[56,-8],[19,38],[75,-2],[88,-16],[10,22],[-165,95],[-72,66],[44,12],[-42,53],[119,-25],[34,26],[-79,69],[-67,-14],[4,85],[-44,44],[12,29],[-94,27],[-136,-2],[-50,62],[19,55],[-57,27],[-44,34],[-59,20],[-73,83],[-79,21],[-116,9],[-30,41],[-34,-4],[-104,87],[-34,38],[-47,81],[-62,2],[-80,46],[-20,-37],[3,-108],[16,-32],[41,-31],[13,-45],[68,-39],[11,-22],[-15,-51],[-29,-13],[-105,30],[-31,-26],[-46,22],[-24,56],[-32,-30],[-64,43],[-67,-26],[42,-22],[-18,-44],[-142,74],[-19,21],[-123,67],[-54,16],[-63,36],[-18,45],[-119,137],[-32,16],[-46,55],[29,35],[-38,153],[47,27],[64,-31],[89,-95],[89,-16],[21,28],[74,43],[17,-47],[40,30],[-34,37],[1,34],[48,42],[8,35],[105,8],[7,49],[-87,84],[-145,9],[-25,33],[42,15],[65,-7],[24,-15],[33,28],[24,-32],[59,-21],[81,-68],[45,-15],[143,-74],[61,-10],[-64,58],[-61,35],[-48,48],[30,8],[16,76],[-26,21],[-25,-43],[-48,-15],[-73,9],[-44,24],[-24,-25],[-27,60],[-40,-5],[-41,53],[102,4],[34,37],[60,37],[-53,21],[-16,27],[-49,-7],[-19,-45],[-71,15],[-47,57],[3,59],[-93,37],[-33,-3],[-41,46],[79,31],[144,9],[31,-41],[-41,-26],[21,-23],[33,11],[64,-3],[61,8],[54,39],[-63,53],[-88,1],[0,25],[-52,22],[-129,36],[-73,-37],[-28,7],[27,53],[-6,41],[36,33],[-22,57],[15,20],[-7,67],[-75,36],[-78,69],[60,28],[63,-29],[35,56],[51,-10],[21,13],[24,66],[140,69],[92,-58],[40,17],[3,32],[40,0],[49,-27],[-1,48],[38,13],[18,-25],[45,-2],[-8,34],[42,7],[67,-63],[42,1],[69,-78],[37,-17],[19,-30],[62,-15],[20,33],[-101,78],[-75,94],[64,-7],[73,-45],[56,-18],[46,-34],[148,22],[28,38],[-16,48],[71,-2],[-18,68],[21,18],[73,-16],[1,-47],[55,-53],[56,24],[-92,45],[42,86],[63,-27],[114,-14],[-11,-82],[53,74],[60,-5],[2,47],[27,-2],[37,-31],[26,-44],[-9,-26],[-53,-33],[41,-35],[8,-34],[50,-34],[-8,-73],[17,-22],[5,-104],[-8,-70],[35,19],[-21,37],[15,122],[-21,53],[46,10],[107,53],[-73,63],[37,44],[-72,44],[-18,37],[65,10],[61,-62],[26,-57],[32,-15],[61,-52],[28,10],[-66,62],[-10,31],[-77,54],[15,11],[76,-10],[47,-37],[62,16],[-49,69],[-49,6],[-18,51],[-7,71],[-95,44],[-46,50],[-55,8],[17,48],[161,-102],[137,-63],[105,-133],[15,-81],[24,0],[5,48],[22,16],[66,-31],[17,-50],[48,30],[81,-41],[40,-34],[138,-94],[31,-49],[38,-86],[41,-12],[23,-44],[46,-40],[12,-41],[73,-114],[61,-36],[65,11],[34,-29],[-73,-23],[11,-19],[67,21],[47,1],[43,-29],[66,-112],[-28,-39],[-60,11],[-39,-7],[-54,47],[-34,-25],[-42,-7],[-90,81],[-51,-1],[44,-83],[41,-40],[-38,-23],[-125,62],[-69,68],[-18,-41],[2,-61],[49,-49],[-5,-45],[34,-12],[23,22],[46,-60],[39,-2],[-6,39],[49,4],[-2,-35],[43,-38],[29,-47],[0,-54],[58,-92],[-39,-23],[32,-50],[-28,-47],[2,-46],[-42,-19],[-35,12],[2,36],[-22,24],[-10,64],[10,39],[-14,55],[-20,17],[-61,-5],[52,-50],[-2,-59],[-21,-93],[-63,18],[12,31],[-47,75],[-32,-9],[-52,-45],[1,-44],[-49,5],[-31,24],[-51,-23],[-63,21],[-166,7],[-35,-45],[-3,-40],[125,-109],[100,-44],[37,2],[48,-17],[37,-64],[43,-23],[103,-36],[2,-75],[17,-30],[45,11],[11,38],[-18,26],[11,53],[58,-75],[84,-78],[-15,-28],[35,-18],[-2,-48],[-34,-21],[-57,20],[-34,-1],[61,-63],[75,-53],[20,-28],[61,2],[21,15],[-72,41],[-9,27],[33,48],[122,-96],[34,-35],[59,-20],[50,-50],[33,-5],[33,-35],[27,9],[41,-30],[53,10],[40,29],[22,70],[62,13],[46,-21],[139,-46],[27,-52],[72,-73],[-45,-14],[-66,20],[-5,-26],[46,-95],[24,61],[30,-12],[-22,-39],[5,-42],[-32,-85],[7,-41],[42,6],[-1,60],[18,45],[38,1],[35,-35],[31,2],[40,-28],[35,-72],[-5,-33],[-46,-54],[-64,-39],[-46,24],[-8,-29],[49,-11],[-8,-30],[59,-40],[29,-5],[41,-34],[-11,-39],[-29,-33],[-48,-6],[-74,50],[-141,10],[-63,22],[-157,161],[-15,-44],[89,-107],[-8,-25],[46,-28],[-11,-95],[-68,-5],[39,-49],[-14,-55],[26,-9],[29,-82],[-17,-116],[136,-267],[0,-34],[-35,-28],[67,-22],[32,-38],[29,-5],[63,-40],[17,-38],[48,16],[-35,87],[-6,91],[19,47],[-31,88],[-42,59],[76,15],[25,28],[32,-14],[83,-72],[55,51],[43,4],[20,-72],[42,-76],[54,-15],[10,50],[-31,178],[-89,104],[-12,82],[90,-6],[12,17],[-50,91],[-17,121],[29,40],[3,99],[-51,35],[-87,100],[23,17],[163,-77],[-2,-42],[75,27],[-93,78],[-73,30],[26,20],[-52,58],[0,23],[77,-20],[54,2],[111,-27],[25,-20],[94,-38],[-208,147],[-41,18],[-71,74],[-24,68],[-24,34],[-1,77],[-21,58],[-42,54],[-7,92],[84,18],[78,-78],[7,-77],[40,-163],[82,-102],[70,-40],[26,-34],[42,-13],[101,-84],[156,-86],[29,-32],[137,-79],[58,-22],[46,-40],[77,-50],[41,-12],[130,-71],[45,23],[71,-33],[37,71],[-33,64],[29,16],[-22,120],[-46,73],[-10,70],[-31,31],[-10,60],[-31,-6],[-58,64],[-48,10],[9,31],[-91,27],[-41,51],[-32,22],[8,57],[-33,10],[-59,59],[-1,69],[-115,103],[-83,63],[65,77],[99,10],[31,45],[37,-27],[26,4],[-25,56],[31,23],[38,-26],[58,61],[64,-15],[90,-3],[51,-33],[55,25],[34,-45],[57,-24],[23,19],[46,-19],[-1,-29],[97,-31],[-55,60],[-25,41],[-100,12],[-31,38],[-70,39],[-31,-13],[-52,67],[-113,29],[-69,69],[-101,46],[65,49],[-25,31],[-25,-28],[-82,81],[48,32],[-80,32],[-25,-34],[-51,29],[-52,76],[-66,66],[-75,22],[-31,-13],[-17,48],[-33,22],[6,38],[-29,7],[-18,66],[-54,58],[-15,71],[16,12],[70,-69],[73,-21],[1,-47],[29,-15],[19,41],[57,-16],[75,-55],[33,-84],[39,-35],[54,-5],[131,-53],[153,-77],[57,-50],[53,-88],[33,79],[99,-13],[11,-35],[60,-13],[27,-33],[-14,-35],[93,-31],[-12,67],[48,21],[47,-27],[16,-40],[80,15],[1,-44],[91,-69],[-41,70],[3,28],[82,22],[89,-41],[36,23],[27,-34],[86,-51],[34,-33],[-17,-49],[43,-18],[65,2],[49,16],[14,-45],[54,-46],[26,12],[-34,86],[51,-18],[71,25],[54,-23],[51,22],[70,-6],[38,-17],[73,6],[60,-36],[115,-29],[59,-23],[42,7],[206,-24],[-9,-38],[41,-44],[54,5],[84,-38],[29,-41],[67,-22],[20,-33],[33,9],[41,-43],[77,-8],[71,-54],[12,-23],[68,2],[134,-42],[-2,-35],[-35,-7],[4,-71],[28,-30],[-45,-40],[-4,-64],[72,-40],[47,-6],[32,-43],[69,-53],[41,-44],[-23,-20],[-5,-48],[-49,-28],[-10,-36],[83,-65],[-22,-39],[88,-37],[-41,-66],[108,-116],[16,-79],[-97,-31],[-34,-35],[57,-10],[0,30],[45,13],[24,-41],[45,-28],[-22,-30],[38,-37],[-43,-42],[-34,-6],[21,-41],[69,70],[87,-96],[25,-54],[-12,-33],[30,-28],[37,-8],[27,-35],[100,-15],[1,38],[76,11],[59,45],[78,-9],[22,22],[73,18],[97,-54],[65,-15],[77,17],[38,-35],[68,24],[93,-34],[3,-60],[74,-26],[54,48],[-21,30],[25,37],[108,6],[-4,-23],[42,-51],[25,26],[63,2],[84,41],[-5,-45],[17,-46],[46,-70],[26,-22],[28,19],[26,-38],[-24,-38],[9,-23],[-31,-29],[3,-34],[-65,-4],[-26,-22],[-125,7],[-7,-23],[79,3],[39,-23],[-32,-28],[15,-23],[-64,-50],[-98,-43],[65,-90],[43,-11],[-16,-32],[30,-31],[29,3],[30,81],[31,18],[71,8],[12,22],[50,-29],[102,12],[30,-6],[52,22],[8,29],[37,28],[28,-12],[41,30],[69,-37],[-3,32],[-42,18],[8,40],[66,27],[19,23],[77,26],[94,7],[101,-18],[26,-20],[47,-87],[-15,-36],[-42,-18],[12,-38],[66,-33],[-6,-35],[43,-12],[17,-56],[58,-64],[20,4],[26,-57],[-49,-54],[10,-72],[-42,-53],[-96,-104],[63,-1],[30,42],[77,-94],[31,13],[70,-47],[11,-66],[-56,-54],[9,-40],[-25,-43],[-47,-49],[-41,-16],[-101,9],[-29,-24],[-13,-50],[63,-13],[20,-30],[55,-1],[27,-22],[-9,-34],[82,-32],[49,37],[23,34],[83,16],[10,41],[45,21],[-10,96],[39,21],[-17,54],[49,-16],[-14,89],[43,56],[-12,33],[-42,36],[11,60],[150,12],[31,16],[79,-13],[107,-41],[58,-15],[81,36],[-9,44],[-56,45],[-23,-14],[-40,45],[-71,9],[-45,46],[-57,28],[-69,4],[-34,43],[-35,-4],[-56,-47],[-72,-8],[-18,-18],[-62,3],[-84,102],[-33,11],[-47,81],[-36,-7],[-40,54],[-1,36],[26,18],[16,57],[-6,33],[39,75],[-12,26],[-53,28],[-13,41],[23,61],[-6,111],[-13,50],[-74,72],[-86,56],[-77,18],[-68,-11],[-61,-30],[-29,-41],[-31,-8],[-114,2],[-178,-53],[-45,11],[-33,-8],[-19,58],[-43,39],[98,0],[-15,60],[66,64],[-22,66],[31,42],[10,45],[-15,47],[18,35],[77,-14],[44,55],[5,58],[54,16],[24,73],[54,65],[70,70],[33,65],[-6,18],[62,68],[34,-7],[59,96],[83,10],[76,-61],[-14,-29],[54,-6],[12,-44],[-21,-73],[21,-121],[53,6],[-2,-40],[102,7],[-3,45],[34,6],[30,-20],[55,52],[31,-6],[-9,-50],[17,-39],[61,-6],[0,-56],[-54,-39],[-27,-63],[2,-35],[77,-64],[90,-21],[78,39],[9,50],[64,2],[1,-57],[32,-47],[-13,-84],[17,-43],[-12,-36],[126,14],[50,13],[-8,-53],[67,47],[66,5],[9,18],[61,-30],[27,27],[82,18],[37,-20],[84,50],[56,21],[42,-42],[63,-43],[59,-15],[112,5],[36,12],[134,-8],[59,-30],[84,2],[25,11],[152,26],[251,-73],[234,-19],[74,2],[32,13],[99,15],[108,65],[65,21],[358,18],[30,-3],[139,14],[130,1],[165,16],[216,5],[148,38],[47,17],[117,-5],[101,37],[106,50],[36,10],[72,-7],[101,-51],[130,-47],[116,-58],[72,-26],[84,-42],[60,-14],[80,-61],[52,-55],[31,-7],[18,-38],[90,-62],[115,-42],[84,-39],[125,-4],[160,37],[113,34],[76,-16],[115,1],[127,13],[60,-7],[80,26],[209,78],[51,-16],[45,4],[54,54],[-2,62],[-39,69],[25,68],[-5,49],[34,82],[65,32],[50,5],[58,-17],[20,-38],[107,-19],[35,8],[36,38],[2,111],[59,67],[7,41],[-55,10],[-18,-60],[-80,-86],[-122,-1],[-35,18],[-85,-1],[-104,-69],[-31,-84],[-37,-53],[-3,-73],[-29,-73],[-37,-30],[-74,-33],[-6,-15],[-68,12],[-87,61],[-101,21],[-57,-15],[-26,-30],[-18,-52],[-101,43],[-126,-4],[-112,-27],[-80,8],[-47,39],[-71,28],[-94,6],[-117,-34],[-20,-53],[-37,1],[-59,54],[-18,57],[-61,65],[-84,107],[-115,103],[-148,48],[-235,45],[-108,29],[-42,19],[-183,-8],[-108,43],[-22,25],[-55,97],[-4,31],[-51,59],[-190,90],[-83,50],[-53,5],[-84,-8],[-70,-44],[-71,-23],[-106,35],[-130,27],[-131,12],[-120,60],[-29,0],[-178,52],[-41,-3],[-117,11],[-139,-3],[-96,24],[-22,23],[-64,22],[-99,-4],[-80,17],[-67,-16],[-236,-27],[-40,-17],[-63,-9],[-129,-55],[-100,-36],[-102,-14],[-56,-45],[-54,32],[-18,-20],[-71,-34],[-51,4],[-28,-49],[-54,-9],[-35,-32],[-90,-24],[-28,50],[21,20],[-2,44],[-29,34],[-91,-35],[-48,70],[-37,13],[-91,-106],[27,-16],[-83,-49],[-45,29],[-28,-41],[-43,-24],[-71,29],[-44,-39],[-44,13],[-22,-29],[-54,15],[-131,12],[-65,-1],[29,37],[-18,31],[-35,-14],[-31,23],[-8,52],[25,22],[10,45],[-34,15],[6,73],[-51,26],[-38,-5],[-11,-35],[-41,-37],[-29,9],[2,56],[31,41],[16,56],[31,50],[-8,20],[37,139],[-14,61],[47,63],[-63,91],[-43,25],[20,51],[-48,16],[-18,28],[3,39],[-70,65],[136,33],[29,75],[-9,46],[42,56],[30,88],[25,36],[-37,21],[-18,31],[11,77],[-25,35],[-48,0],[-98,74],[-25,-2],[-87,66],[-50,-4],[22,62],[24,15],[-3,44],[20,29],[34,-10],[74,55],[-9,48],[23,32],[61,26],[29,34],[-21,101],[-80,17],[-34,40],[-6,60],[47,3],[29,20],[76,4],[-20,99],[-23,56],[28,22],[42,3],[32,-26],[71,-32],[34,-29],[119,-34],[46,21],[43,-48],[41,-23],[31,41],[-10,52],[23,59],[15,88],[35,38],[38,169],[66,130],[30,217],[-49,111],[39,47],[-3,35],[-72,44],[-4,79],[8,115],[-15,26],[0,124],[27,132],[43,-18],[-14,-64],[45,-57],[44,-30],[54,0],[31,-26],[35,31],[-1,69],[23,12],[36,-33],[105,-15],[33,-39],[14,-43],[-7,-58],[36,-61],[-7,-40],[-62,-38],[-30,2],[-36,-57],[-37,-19],[-57,5],[-25,22],[-34,-29],[63,-24],[0,-35],[68,4],[66,-32],[34,-80],[138,-81],[32,-57],[27,-106],[23,-43],[65,-84],[149,-135],[67,-124],[38,-82],[0,-33],[-85,-66],[-26,-7],[-97,-107],[28,-14],[35,59],[68,40],[47,48],[26,-11],[-69,-139],[-19,-14],[8,-57],[59,81],[-2,28],[34,57],[37,7],[2,-60],[33,-53],[36,19],[-17,34],[13,57],[63,-6],[54,-58],[32,24],[-75,103],[-69,66],[15,118],[23,-7],[102,90],[31,10],[24,70],[42,49],[23,3],[49,115],[62,12],[31,38],[-4,24],[47,70],[-4,35],[20,41],[38,-2],[77,-29],[71,-38],[40,4],[40,-20],[129,3],[95,-9],[91,35],[123,76],[38,42],[150,110],[-6,25],[48,30],[90,4],[88,13],[31,58],[-43,-1],[-15,-22],[-43,24],[-51,3],[-43,17],[-31,-21],[-102,-42],[-6,124],[-58,-10],[-5,-117],[-66,-118],[-68,-61],[-54,-25],[-140,-9],[-45,35],[-12,67],[14,25],[-16,191],[4,101],[-17,73],[-20,144],[4,93],[-6,94],[18,119],[-3,77],[-31,7],[-13,61],[-24,19],[13,77],[79,-9],[30,-22],[50,-11],[-2,33],[-41,1],[-19,46],[-38,38],[5,89],[-35,20],[3,43],[-31,45],[-18,57],[37,50],[71,-15],[-9,63],[-31,15],[-9,64],[12,31],[33,23],[8,34],[34,19],[69,4],[31,-37],[37,17],[48,-40],[25,3],[108,-36],[72,-6],[28,-19],[39,3],[84,40],[54,-22],[22,-35],[1,-55],[-32,-27],[-32,-69],[53,0],[50,42],[-5,61],[15,28],[-9,42],[-26,13],[-18,41],[-62,20],[-90,-29],[-37,4],[-81,100],[-19,-5],[-110,60],[62,7],[-8,29],[-46,-23],[-66,4],[-26,-18],[-47,24],[-3,89],[49,93],[-2,45],[-67,9],[-10,19],[13,63],[46,20],[68,-16],[26,42],[-33,15],[30,43],[38,4],[23,51],[-19,43],[30,25],[69,33],[12,41],[31,28],[-39,22],[-29,36],[14,72],[-14,32],[-70,7],[-43,38],[-26,48],[30,83],[96,-1],[-5,42],[92,35],[22,-1],[80,51],[-11,15],[25,58],[70,24],[120,112],[23,75],[51,28],[23,36],[51,3],[78,-42],[10,-30],[41,-8],[58,-70],[9,-36],[31,-28],[-1,-101],[33,-38],[3,-43],[36,-22],[58,12],[51,32],[-1,19],[-74,17],[-45,42],[-9,36],[15,36],[-5,60],[-28,55],[36,27],[13,46],[74,-6],[-43,49],[-9,30],[49,12],[54,43],[-28,27],[63,34],[89,-14],[71,24],[60,47],[26,-24],[22,39],[-22,67],[-37,21],[4,45],[-35,27],[-26,85],[23,56],[67,20],[70,0],[104,-47],[56,-46],[124,11],[-1,71],[-179,105],[-34,-2],[-40,37],[-45,-18],[-27,50],[58,80],[-98,9],[-79,70],[-30,37],[-18,54],[5,76],[59,70],[69,34],[-36,37],[-50,-39],[39,113],[-46,-2],[2,-36],[-24,-91],[-39,18],[-88,16],[16,-32],[72,-21],[-46,-119],[-10,-59],[-36,-10],[-43,-34],[-114,-2],[-52,34],[6,77],[41,34],[-3,57],[49,47],[13,30],[46,53],[35,66],[84,77],[32,51],[-44,0],[-22,-38],[-100,-90],[-58,-22],[-25,-27],[-24,-55],[-72,-92],[-8,-28],[-49,-51],[-135,-75],[-191,-59],[-43,-20],[-75,-19],[-39,1],[-44,73],[-25,-34],[57,-90],[-51,-69],[-123,-61],[-73,-47],[-125,-127],[-26,-37],[-17,-64],[-91,-110],[2,-36],[-18,-51],[-37,-62],[-52,-49],[-12,-51],[-24,-38],[-33,-12],[-17,-37],[-54,-22],[-50,-119],[-77,-120],[11,-15],[-22,-89],[-40,-79],[-20,-63],[-78,-64],[-21,-63],[-21,7],[2,-83],[-10,-35],[-33,-36],[-27,-76],[-42,-37],[-21,-38],[17,-49],[0,-47],[-57,-64],[-44,-87],[-13,-75],[-41,-62],[-59,-28],[-36,-96],[-56,19],[-15,-41],[12,-66],[-71,-68],[-21,-59],[-142,-124],[-36,11],[-15,50],[-10,77],[-57,-3],[18,86],[41,60],[-36,71],[5,53],[36,72],[-14,21],[30,173],[60,42],[70,5],[-7,22],[41,68],[49,12],[-24,38],[-63,-11],[-42,-36],[-44,-7],[-35,11],[-56,-15],[-27,20],[-9,81],[-25,-2],[7,72],[-29,-11],[-50,-92],[-14,-92],[-75,0],[-4,114],[43,-16],[9,67],[-23,83],[29,92],[-10,73],[-1,92],[21,23],[-58,50],[-20,58],[32,21],[38,-20],[28,-51],[44,-9],[-27,78],[35,63],[-9,40],[-76,1],[-5,49],[-26,27],[29,32],[6,38],[-35,56],[-84,13],[-6,50],[-88,-2],[15,127],[-63,-24],[-12,113],[18,78],[9,103],[-24,133],[12,22],[1,110],[-17,23],[-68,-18],[45,-27],[13,-29],[-58,-29],[6,-123],[-41,-105],[-37,-25],[-33,25],[-15,-57],[-29,-43],[29,-28],[-6,-59],[10,-86],[-34,-31],[-15,-59],[7,-38],[-38,-103],[-29,10],[-62,-9],[-34,37],[-27,76],[0,44],[-27,38],[-11,56],[-27,-12],[-23,-78],[11,-76],[-37,4],[-26,-96],[-17,-19],[36,-31],[-11,-27],[-72,5],[-3,45],[-33,117],[-8,67],[9,21],[-23,158],[5,57],[-13,51],[11,49],[-7,58],[2,149],[26,14],[13,61],[-2,64],[-39,91],[-2,44],[-33,82],[-62,125],[17,45],[-43,60],[1,83],[17,52],[32,29],[-40,117],[-31,-54],[-56,105],[16,51],[-9,63],[-59,114],[-33,106],[20,23],[54,-86],[14,-62],[46,-23],[17,49],[84,42],[32,-1],[2,53],[49,-7],[23,-34],[51,-15],[19,-28],[64,-34],[-33,68],[39,66],[-76,-20],[-29,44],[-33,13],[12,34],[-16,35],[-43,-16],[-17,-57],[-41,-37],[-16,-43],[-43,-26],[-27,10],[-10,150],[45,24],[10,118],[-71,136],[-5,65],[-25,28],[17,33],[-14,46],[-32,46],[-41,-3],[-16,22],[-50,-69],[-53,-28],[-36,-4],[-74,30],[5,33],[-25,43],[55,47],[48,-5],[19,91],[40,2],[23,-38],[-1,-41],[39,-23],[40,0],[33,64],[1,-100],[29,30],[20,-42],[40,9],[6,-39],[-12,-43],[34,-21],[30,-63],[52,-9],[34,44],[13,48],[32,-33],[16,48],[0,78],[-21,64],[18,96],[20,56],[-8,48],[-28,64],[-9,57],[38,58],[37,-24],[15,-32],[-21,-33],[29,-27],[-9,-45],[37,-51],[24,-60],[-18,-48],[52,-105],[28,3],[3,51],[24,22],[42,3],[40,-29],[104,-45],[25,25],[-1,83],[-21,67],[20,27],[98,-8],[49,-24],[-7,57],[-65,-6],[-40,22],[-75,16],[-30,46],[33,13],[-50,59],[-46,-9],[13,92],[22,54],[-42,53],[-2,59],[17,39],[-7,51],[59,27],[12,25],[58,35],[17,40],[86,14],[11,-36],[-28,-64],[8,-58],[67,3],[18,-22],[48,10],[43,-10],[19,22],[109,-40],[78,2],[34,-13],[42,-40],[57,-81],[52,3],[-80,55],[-25,57],[-32,26],[-75,8],[-44,-10],[-75,26],[-33,51],[-66,-43],[-41,-15],[-36,37],[-48,23],[17,50],[34,37],[-58,46],[-58,10],[-66,-24],[-12,-42],[-41,-22],[-52,-10],[-38,8],[-18,83],[18,30],[-37,82],[-24,12],[-36,-31],[-88,-98],[-7,-42],[-29,-24],[-52,-8],[-33,-38],[76,-107],[0,-31],[-39,-8],[-32,50],[-53,1],[-14,54],[24,37],[27,70],[31,41],[39,131],[66,63],[24,47],[59,28],[12,29],[37,24],[16,35],[6,66],[-35,77],[18,31],[-22,52],[-40,52],[-43,-4],[-47,49],[43,30],[22,45],[53,38],[48,-51],[80,-30],[61,54],[5,56],[43,52],[-6,43],[25,30],[54,-23],[61,1],[-2,-90],[37,36],[31,-23],[30,57],[55,-34],[-34,86],[-6,91],[-36,58],[17,62],[29,32],[75,36],[44,-36],[-3,63],[39,36],[58,7],[29,26],[57,22],[27,-4],[47,-54],[2,-36],[55,-38],[22,-54],[-26,-63],[50,-49],[2,65],[32,26],[23,109],[-63,-19],[-59,139],[-43,38],[10,83],[-93,-51],[-37,-3],[-46,-44],[-28,-43],[-112,-92],[-153,-59],[-28,40],[27,65],[-68,-50],[-71,-22],[-5,38],[38,47],[3,23],[39,41],[46,12],[68,64],[91,37],[31,32],[64,34],[24,38],[43,20],[68,12],[78,-26],[36,26],[80,-1],[76,-66],[43,-6],[-13,44],[16,34],[-10,51],[119,32],[24,-10],[33,-60],[-1,-143],[35,-11],[27,41],[-3,35],[37,39],[34,-32],[-31,-63],[41,-23],[121,-10],[113,-29],[25,-20],[29,-88],[-1,-59],[163,49],[51,-4],[37,-21],[84,13],[19,-20],[-36,-93],[11,-28],[-8,-65],[28,-62],[33,24],[58,-26],[31,-40],[86,17],[-12,108],[52,92],[37,18],[64,-36],[66,-9],[40,15],[23,36],[60,-35],[-29,-45],[23,-47],[-44,-22],[1,-49],[48,26],[38,-15],[-7,-65],[32,10],[39,-30],[16,58],[-4,33],[33,30],[-30,24],[-62,-22],[-15,15],[15,50],[63,26],[9,37],[63,14],[-17,37],[-41,-6],[-30,16],[-76,-5],[-14,31],[52,53],[-31,13],[33,52],[-33,21],[-37,50],[35,52],[-8,70],[48,39],[-49,41],[-62,15],[14,45],[38,17],[83,6],[-9,35],[-32,11],[9,65],[66,85],[7,-50],[23,-11],[28,68],[-25,61],[40,38],[-48,15],[34,59],[50,0],[57,79],[17,36],[45,-27],[9,-36],[62,-45],[-80,-25],[32,-46],[-59,-62],[-3,-17],[37,-56],[-43,-23],[4,-41],[-52,-20],[54,-99],[69,-62],[45,-27],[0,-27],[62,-74],[27,39],[28,-29],[49,8],[32,-93],[30,32],[66,14],[0,-121],[-36,-50],[58,5],[24,26],[-14,59],[19,80],[40,33],[-17,37],[44,61],[65,16],[-54,27],[26,114],[-42,-16],[-35,-33],[-85,13],[22,34],[-53,33],[-20,35],[14,164],[-17,74],[-33,76],[28,38],[21,67],[89,43],[31,-35],[27,36],[-1,53],[-22,38],[-71,20],[-32,41],[26,60],[37,51],[43,32],[12,31],[45,-6],[50,28],[22,-17],[78,80],[43,-23],[20,35],[105,9],[68,73],[60,16],[76,162],[46,2],[39,19],[145,2],[8,21],[-69,6],[-72,-9],[-48,13],[-42,-6],[-19,44],[-31,20],[-8,35],[-59,-38],[-34,-3],[-86,-52],[-52,2],[-40,30],[4,65],[29,38],[15,78],[-93,-41],[-5,-51],[-40,-56],[-81,-32],[-34,0],[-63,24],[-72,-63],[-40,-5],[-49,11],[-32,-25],[-36,29],[-27,62],[1,90],[63,9],[-40,89],[-51,42],[6,91],[35,52],[31,-94],[51,-9],[44,26],[2,67],[30,30],[77,-69],[94,3],[23,-36],[31,-9],[49,56],[43,26],[24,32],[83,45],[9,44],[-12,30],[-123,33],[-71,52],[-2,50],[72,73],[-9,32],[-75,13],[-32,-25],[-77,-13],[-74,20],[-69,6],[-43,-53],[-20,50],[17,39],[37,-14],[66,32],[38,47],[-16,80],[-67,55],[46,41],[-7,44],[-41,47],[23,19],[41,67],[-40,80],[65,18],[46,-20],[-2,-47],[-55,-48],[0,-19],[52,-40],[57,32],[-16,-87],[63,-45],[26,10],[64,-23],[33,-32],[36,6],[52,36],[-20,63],[-38,68],[-5,103],[43,46],[54,-70],[40,17],[46,-8],[54,-45],[23,-46],[72,-83],[77,1],[27,-10],[27,-45],[66,-55],[86,-53],[35,13],[62,-61],[18,-6],[13,-65],[37,-24],[27,17],[30,-69],[1,-38],[65,8],[-26,-125],[-41,-54],[-14,-67],[-30,-71],[-80,-68],[-32,-7],[-45,-42],[-32,-8],[-80,-42],[-70,-53],[32,-29],[60,20],[31,-8],[24,-55],[79,-28],[31,11],[-15,70],[65,147],[87,60],[57,60],[29,8],[80,76],[71,90],[-52,138],[32,59],[49,23],[120,-42],[52,-52],[-20,-12],[51,-47],[71,-13],[46,-32],[54,-70],[60,-37],[6,-44],[-30,-40],[50,-20],[77,13],[59,-23],[56,34],[-111,65],[-66,82],[37,23],[17,-33],[44,13],[-38,58],[60,-2],[66,27],[87,84],[84,-25],[-7,-20],[-154,-110],[8,-25],[-16,-48],[20,-34],[80,-52],[49,-71],[20,-70],[-4,-31],[-46,-44],[-65,-12],[65,-90],[14,-58],[42,-24],[58,39],[91,-10],[3,-34],[64,29],[37,-39],[49,25],[0,19],[-60,65],[2,22],[58,33],[41,-13],[42,-56],[152,-83],[63,-9],[-12,-27],[108,-4],[32,-32],[42,-17],[26,-59],[5,-41],[29,1],[46,-44],[45,-12],[56,-32],[10,47],[46,5],[58,-41],[3,-20],[-35,-66],[19,-22],[48,-7],[27,-80],[-96,-17],[-45,29],[-3,-57],[49,-17],[57,18],[45,-29],[62,-4],[1,89],[-10,46],[42,-4],[15,25],[88,-33],[35,-75],[-26,-93],[31,-72],[73,-2],[27,-16],[16,-62],[32,-51],[-1,-24],[60,-53],[42,11],[18,27],[-10,73],[39,37],[20,-29],[-6,-97],[11,-33],[48,-28],[89,-24],[39,-66],[92,-111],[52,-20],[-16,-94],[-32,-49],[-35,-93],[-55,-56],[-60,-39],[-37,-3],[-30,-34],[-105,-18],[-21,-18],[-98,-45],[-79,4],[-55,-10],[-8,-38],[27,-46],[24,37],[174,20],[12,16],[60,13],[77,-6],[-48,-60],[-58,-23],[-63,-38],[-83,-37],[-51,1],[10,-52],[44,33],[22,-4],[95,40],[87,51],[65,28],[89,52],[43,4],[11,-49],[-1,-130],[-34,-99],[-62,-48],[47,-24],[40,38],[13,36],[31,-3],[23,-65],[76,66],[-8,38],[-73,-24],[-16,31],[9,109],[21,72],[32,63],[32,25],[41,9],[43,27],[45,8],[57,-44],[59,-118],[10,-103],[-12,-69],[-32,-120],[-31,-67],[-58,-101],[-29,-16],[-63,51],[-17,-63],[43,18],[39,-26],[-46,-84],[13,-39],[-10,-48],[23,-69],[42,21],[-37,105],[9,41],[51,26],[24,31],[3,52],[47,35],[48,66],[15,-45],[-15,-38],[34,-45],[23,34],[62,-50],[24,18],[-55,39],[-45,111],[12,63],[37,45],[58,45],[23,-5],[66,-57],[6,44],[100,-3],[-18,61],[-41,-6],[-75,73],[-14,69],[36,93],[63,52],[39,55],[80,43],[45,45],[44,15],[60,-1],[50,16],[37,-27],[41,4],[39,-26],[85,-3],[56,-54],[37,-4],[65,-37],[27,-31],[59,-6],[86,-59],[46,-19],[42,-44],[44,-24],[19,-36],[31,-17],[63,-61],[68,-24],[77,-74],[5,-50],[-35,-52],[38,-15],[90,-58],[89,-38],[51,-13],[20,-42],[82,-67],[29,-42],[50,-32],[82,16],[57,-25],[42,-41],[76,-27],[67,-38],[62,-59],[66,-48],[30,-50],[51,-41],[-14,-16],[44,-65],[43,-45],[57,-5],[8,-30],[57,-33],[59,-18],[67,-37],[111,-43],[52,-34],[37,-10],[19,-39],[57,-12],[8,-17],[73,-36],[56,-41],[3,-44],[51,10],[53,-29],[51,-44],[106,-28],[71,-63],[8,-45],[42,-47],[46,-23],[140,-95],[176,-102],[47,-18],[71,-48],[29,-37],[74,-33],[173,-111],[39,-39],[27,-9],[119,-93],[62,-21],[72,-72],[115,-41],[-2,16],[-83,27],[-56,32],[-49,55],[-83,38],[-50,59],[-59,25],[-112,90],[-36,14],[-66,54],[-67,30],[-44,49],[-79,47],[-77,27],[-140,101],[-84,48],[-96,68],[-28,53],[-3,45],[-60,27],[-158,134],[-38,19],[-31,69],[-77,-13],[-114,75],[-30,34],[-66,-18],[-72,69],[-64,33],[-46,44],[-28,55],[-26,9],[-117,127],[-48,21],[-17,30],[-38,-43],[-48,10],[-51,64],[-16,40],[-59,56],[-61,39],[-30,-1],[-77,58],[-56,55],[-4,63],[-18,32],[-59,33],[-63,19],[-59,35],[-45,-12],[-64,52],[-51,27],[-48,44],[-13,35],[-52,16],[-61,51],[-44,21],[-51,53],[-5,40],[-46,46],[-7,35],[-116,36],[-76,82],[-103,96],[-51,15],[-32,-8],[-48,21],[-8,20],[-49,14],[-88,69],[-46,49],[-25,4],[-28,38],[-35,6],[-15,28],[-108,49],[-66,42],[-8,70],[15,45],[33,23],[80,169],[36,128],[18,32],[33,170],[1,85],[13,21],[-36,51],[57,62],[21,39],[-15,19],[-7,60],[12,80],[21,47],[71,70],[154,110],[91,46],[108,27],[88,-6],[97,8],[33,45],[8,37],[55,31],[212,52],[-27,97],[-56,-74],[-36,-27],[-50,-7],[-29,13],[-50,-16],[-39,-37],[-30,6],[-56,-24],[-25,22],[46,48],[32,53],[-8,20],[-68,-88],[-27,0],[-22,-39],[-53,-3],[-289,-105],[-48,-31],[-83,-21],[-29,41],[29,81],[75,119],[56,31],[56,-17],[12,18],[-86,23],[-2,24],[58,144],[-20,51],[-2,112],[27,54],[35,28],[-14,55],[25,158],[-20,7],[-30,-47],[2,-102],[-46,-95],[-20,21],[-6,55],[-134,172],[34,118],[-15,39],[-36,-124],[-67,124],[-46,67],[-8,-45],[43,-53],[61,-140],[75,-109],[-7,-16],[51,-38],[14,-34],[3,-66],[-12,-19],[-51,20],[-26,44],[-21,-70],[50,10],[39,-35],[-33,-159],[-32,-51],[-46,-44],[-61,-34],[-83,-19],[-106,-1],[-74,22],[-63,65],[-71,91],[-152,9],[-48,76],[48,62],[17,68],[-56,-28],[-31,0],[-33,93],[-18,-84],[13,-44],[-28,-66],[-21,-13],[-18,-50],[-56,-35],[-75,-35],[-21,-37],[-32,16],[-42,-39],[-62,-18],[-50,-2],[-82,-92],[-39,-16],[-57,14],[-50,-22],[2,-52],[-35,-43],[-77,-30],[-85,9],[-58,-74],[-87,0],[-34,-47],[-37,-27],[-96,3],[-59,-41],[-32,-50],[-96,25],[-46,-34],[-14,-31],[-48,-22],[-35,-45],[-57,10],[-54,36],[2,50],[-71,25],[-42,43],[-70,50],[-21,84],[25,16],[43,-20],[83,-17],[-36,46],[16,43],[-17,38],[-33,17],[9,44],[-18,23],[-77,-86],[-7,-23],[-52,-8],[-111,144],[137,126],[-67,7],[-65,-51],[-53,1],[-44,63],[0,42],[37,43],[4,71],[50,15],[36,32],[-3,58],[24,69],[40,18],[40,76],[72,42],[58,3],[25,46],[-45,73],[38,55],[34,-14],[29,19],[47,-16],[7,-31],[-31,-41],[46,-22],[2,-61],[55,40],[-8,42],[51,25],[-45,60],[11,23],[103,40],[43,1],[16,40],[-142,-2],[-33,29],[19,32],[75,60],[24,3],[29,51],[-41,11],[10,51],[26,27],[46,8],[11,20],[72,9],[22,-46],[36,-5],[137,56],[43,47],[43,13],[-4,32],[65,53],[58,6],[25,-17],[9,-47],[43,12],[45,-36],[3,-25],[-75,-62],[46,0],[63,20],[145,-124],[33,-51],[133,-55],[12,88],[-39,71],[20,67],[20,16],[110,30],[23,-8],[44,30],[-8,54],[23,15],[26,-41],[34,17],[45,98],[13,117],[-14,26],[50,34],[27,-32],[41,-1],[68,59],[41,24],[19,65],[-13,26],[-54,20],[1,50],[97,4],[35,-18],[100,-25],[-6,45],[-39,10],[-3,31],[-39,51],[21,85],[-50,-34],[-48,24],[20,84],[-49,-11],[-81,-69],[-108,4],[-3,-40],[-25,-28],[-47,8],[-56,-11],[-40,32],[6,54],[38,74],[-75,0],[-48,-28],[-26,23],[-6,-92],[-21,-30],[46,-10],[38,-82],[1,-22],[-100,-78],[-32,-83],[-78,-85],[-61,-38],[-71,3],[-55,14],[-29,50],[21,86],[26,31],[23,81],[58,24],[23,42],[-25,15],[-95,-57],[15,62],[-38,8],[-29,-38],[-66,-25],[38,78],[-78,60],[-29,0],[20,-71],[6,-62],[-23,-39],[11,-70],[-70,-19],[-38,-71],[-2,-100],[65,-47],[12,-43],[33,-31],[-25,-34],[-78,36],[-112,19],[-42,42],[-63,13],[-21,21],[-33,68],[-39,-36],[38,-111],[-30,-34],[46,-22],[-3,-40],[-109,-84],[-46,3],[-27,-32],[-39,-15],[-17,-28],[-36,-7],[-43,39],[-35,-75],[-30,2],[-75,-44],[-66,-78],[76,-16],[-8,-61],[-32,-38],[-88,-36],[-38,5],[-78,-54],[-25,4],[-10,-60],[-84,-26],[-37,4],[-21,46],[-47,8],[32,39],[38,-3],[-7,43],[54,79],[48,58],[37,66],[-43,-7],[-126,-58],[-69,-42],[-24,-34],[-39,47],[-14,60],[14,89],[-5,27],[20,78],[45,-3],[2,48],[43,38],[57,-7],[25,85],[-24,30],[-50,15],[-36,-13],[-67,24],[-40,72],[1,55],[44,18],[39,-13],[84,31],[-5,35],[87,83],[69,37],[52,77],[-32,22],[-60,-3],[-171,-81],[-45,2],[-15,-27],[-37,12],[-57,-28],[-24,-28],[-60,1],[-9,37],[67,73],[38,70],[-49,-2],[-93,-81],[-51,-24],[-17,59],[-37,-20],[-12,-48],[-63,-58],[-14,36],[46,81],[-8,65],[42,34],[22,41],[-49,19],[-83,58],[39,16],[21,-29],[37,4],[67,79],[39,-8],[29,-40],[47,119],[104,38],[74,-19],[-17,126],[-2,62],[41,53],[49,-6],[91,11],[41,23],[29,53],[51,12],[35,61],[153,-29],[28,9],[40,57],[-2,53],[54,-28],[98,-70],[55,3],[14,78],[57,-63],[27,-89],[55,-26],[32,-32],[51,-8],[41,11],[12,35],[-18,51],[33,53],[42,-7],[-28,-117],[95,-1],[26,63],[48,-6],[60,-164],[22,-20],[78,-24],[60,22],[37,91],[43,-87],[10,59],[-10,63],[21,48],[-10,44],[25,32],[44,22],[26,-10],[36,-102],[9,146],[10,51],[22,33],[67,-24],[61,7],[-4,29],[36,57],[-3,53],[94,-77],[28,-70],[60,-68],[13,-35],[57,0],[33,54],[-19,83],[53,7],[20,30],[11,71],[-3,50],[24,53],[35,21],[75,88],[-25,63],[-50,23],[-45,-6],[-28,28],[-57,10],[-30,33],[22,78],[35,42],[23,64],[-55,5],[-74,-30],[-20,41],[-52,48],[9,92],[29,20],[31,-10],[36,44],[-27,57],[-70,-23],[-5,-37],[-37,-31],[-46,42],[33,38],[3,38],[64,57],[23,36],[8,60],[-42,59],[-23,3],[-3,60],[9,58],[30,95],[43,48],[-37,56],[-77,-14],[-36,60],[-24,17],[49,39],[52,-10],[16,-64],[42,-4],[43,25],[21,-12],[1,-83],[54,-57],[27,14],[76,134],[49,2],[41,-24],[48,-79],[41,55],[62,64],[55,-4],[22,23],[40,-5],[9,41],[74,41],[41,-38],[26,-68],[56,-16],[20,31],[40,8],[58,-58],[3,-19],[-78,-13],[-38,-31],[-24,-77],[-6,-103],[-40,-40],[-49,-28],[9,-20],[-52,-47],[-26,-41],[-53,-37],[-23,-33],[-43,-5],[-23,-44],[8,-106],[102,-64],[46,-10],[115,72],[21,-6],[31,-45],[-57,-40],[-30,-58],[5,-93],[23,-19],[-53,-72],[-14,-47],[38,-10],[48,9],[61,-19],[135,-6],[60,51],[-2,33],[-29,25],[-8,57],[43,80],[14,-5],[57,83],[2,41],[-23,17],[4,51],[38,5],[30,-39],[86,-19],[69,-44],[60,-18],[51,-60],[35,-63],[13,-55],[-43,-18],[-57,-4],[-14,-41],[-25,-135],[-14,-24],[7,-59],[-9,-54],[27,-24],[-16,-40],[3,-53],[66,-46],[72,-32],[24,-32],[49,-28],[31,-84],[-26,-13],[-1,-98],[28,-86],[54,-130],[46,5],[19,-38],[44,-51],[33,-4],[40,-32],[-14,-58],[72,-37],[29,39],[84,53],[15,53],[33,28],[-34,34],[59,83],[31,-26],[34,2],[72,-19],[31,13],[9,45],[85,59],[98,21],[98,43],[48,-19],[61,-41],[46,43],[-64,-3],[-34,33],[-46,4],[64,88],[49,-42],[12,23],[-55,32],[90,68],[54,3],[26,19],[86,4],[17,-103],[40,-7],[-17,55],[26,28],[29,-10],[92,33],[109,-19],[32,53],[56,-9],[-21,-161],[78,-13],[16,51],[26,8],[8,86],[83,64],[34,-40],[68,15],[12,-19],[-13,-86],[-20,-31],[0,-39],[-33,-35],[-3,-60],[-32,-47],[-27,-66],[-11,-62],[21,-97],[20,-29],[41,-4],[28,16],[44,-3],[27,-31],[33,-6],[46,41],[28,-13],[5,-34],[39,9],[29,36],[24,-81],[-21,-33],[53,-4],[57,-35],[40,3],[75,24],[70,-86],[77,-48],[52,30],[-22,64],[-45,46],[-16,51],[43,32],[31,-18],[43,7],[27,35],[32,9],[14,-35],[48,-61],[40,-13],[38,9],[90,-37],[61,10],[48,33],[1,66],[45,31],[100,-4],[73,-44],[117,-58],[16,-16],[79,-20],[100,-48],[72,-1],[52,15],[60,44],[83,2],[105,31],[40,24],[63,-18],[172,9],[149,-40],[87,-47],[33,17],[20,83],[7,111],[-28,43],[-128,14],[-89,-10],[-73,20],[-64,56],[-51,9],[-87,-1],[-31,-12],[-107,-2],[-66,9],[-184,-4],[-54,-34],[-176,16],[-45,31],[-7,76],[-141,58],[-74,20],[-6,42],[-40,16],[-62,50],[-60,-17],[-53,7],[45,59],[45,19],[55,-18],[33,-58],[36,11],[3,29],[-47,13],[-5,23],[50,29],[57,-20],[45,49],[51,39],[51,18],[49,46],[61,30],[23,56],[-56,48],[4,64],[29,41],[-46,32],[-87,-15],[-91,13],[-87,-5],[-86,-37],[-11,53],[-26,52],[19,63],[54,22],[35,82],[26,-7],[37,-45],[34,-13],[64,38],[-45,33],[32,24],[98,39],[48,-18],[7,48],[58,25],[56,-70],[60,14],[16,51],[61,58],[29,68],[52,29],[91,75],[60,0],[26,41],[80,12],[119,40],[46,60],[50,-9],[-3,55],[-25,54],[70,76],[60,13],[24,-17],[8,-44],[97,-5],[37,42],[-70,-2],[-49,58],[17,42],[-114,-18],[-38,-48],[-33,-11],[-37,18],[-67,-24],[-20,-92],[-21,-2],[-38,-86],[-123,-35],[-68,-45],[-86,-21],[-37,1],[-9,53],[-24,54],[-47,17],[-10,55],[-1,118],[-56,0],[11,-59],[2,-100],[27,-100],[-35,-84],[-69,-48],[-157,-42],[-83,-6],[-59,41],[15,52],[-31,77],[-16,72],[-49,30],[-28,56],[8,51],[-35,31],[-1,54],[-64,9],[-16,-84],[-21,-43],[-44,-21],[-54,6],[-41,-25],[-43,87],[-54,15],[-40,-27],[-50,-6],[-23,25],[15,80],[24,28],[-12,65],[-49,14],[-46,-32],[-19,-35],[-41,-25],[3,-79],[-76,0],[-15,-49],[-25,-22],[-116,27],[-84,96],[-21,-86],[-57,46],[-12,35],[-29,10],[-82,-30],[-17,-26],[-52,73],[10,97],[-9,25],[-54,27],[-13,55],[58,28],[20,26],[44,-14],[69,0],[37,-16],[42,41],[-11,70],[91,55],[0,32],[-57,6],[-43,-13],[-58,5],[-54,-54],[-102,47],[-48,31],[-79,5],[-36,-24],[-11,-49],[-46,-15],[-14,-48],[31,-73],[-40,-17],[-33,20],[-18,-35],[-38,-13],[-29,34],[-39,152],[6,44],[58,52],[24,141],[-60,32],[-44,-18],[-48,17],[-38,-1],[-56,-67],[15,-84],[-28,-73],[-64,-32],[-34,25],[-32,-89],[-54,25],[-15,-45],[-61,17],[-60,-2],[2,97],[-23,44],[-3,47],[-31,38],[-10,48],[32,12],[38,-24],[-6,60],[53,-10],[39,-47],[17,80],[25,7],[-11,57],[5,59],[-54,4],[-1,45],[74,60],[12,-43],[43,-4],[37,14],[-4,95],[33,4],[75,-48],[5,74],[65,46],[46,-64],[-11,-56],[67,-21],[5,73],[17,112],[-1,39],[84,110],[45,-72],[-11,-35],[39,-51],[-21,-83],[-28,-31],[-9,-39],[71,-22],[46,-25],[23,-60],[43,17],[36,-16],[33,14],[40,-24],[4,44],[45,-1],[34,-26],[42,-76],[25,-15],[41,33],[-34,54],[55,57],[38,-1],[57,30],[12,54],[-13,40],[-83,25],[-29,23],[-3,48],[-40,22],[0,62],[43,-28],[71,62],[31,-6],[27,-39],[43,-19],[-1,52],[-68,50],[34,14],[37,-45],[53,33],[27,47],[-15,71],[67,13],[25,37],[76,1],[65,40],[-164,22],[-120,-3],[-35,-38],[-63,16],[-12,71],[26,30],[-6,53],[-67,-6],[-57,-44],[-59,28],[-33,62],[31,36],[-21,69],[-24,41],[-34,17],[-11,-58],[-86,-100],[-15,52],[-43,0],[-18,31],[18,32],[-41,10],[-16,-43],[-72,-73],[-43,48],[-3,50],[-24,36],[-59,33],[-39,-43],[32,-45],[-8,-39],[-29,-20],[26,-70],[-26,-38],[-34,3],[-51,28],[-41,-3],[-33,45],[-31,-16],[-17,78],[14,39],[36,32],[29,65],[13,75],[24,33],[-6,61],[52,24],[-7,48],[-48,-12],[2,-38],[-36,-34],[-43,-101],[-78,-55],[-19,-51],[-52,63],[-27,-22],[4,-44],[-35,-36],[27,-34],[6,-43],[-48,-60],[-27,16],[25,50],[-53,-13],[-47,39],[-38,-42],[-23,25],[14,102],[25,41],[-35,61],[-34,34],[-73,6],[-16,26],[-9,64],[-45,18],[-25,-28],[-69,-5],[-35,23],[21,34],[-39,89],[47,0],[-16,48],[116,-56],[-13,133],[-32,83],[-6,83],[45,66],[62,40],[74,-12],[-21,53],[3,36],[-29,32],[-50,-44],[-63,0],[-23,39],[37,48],[-47,30],[-21,-34],[-89,-59],[-8,64],[73,33],[-18,24],[-43,-25],[-34,47],[-53,-39],[-62,-99],[-58,-20],[-8,80],[27,49],[-77,65],[-3,38],[-22,35],[-39,10],[-60,-35],[5,-57],[-34,14],[-32,70],[-35,48],[14,44],[-56,136],[66,72],[31,13],[25,38],[46,17],[-6,37],[40,17],[-3,31],[52,25],[9,-49],[66,9],[21,27],[57,-51],[75,17],[36,-30],[-4,-53],[33,-13],[26,-56],[43,13],[-10,114],[67,-13],[-13,38],[-69,34],[-5,40],[-33,22],[-6,41],[-46,85],[5,54],[29,35],[-3,61],[60,32],[107,-33],[54,37],[-23,68],[46,19],[54,-88],[6,-58],[33,-28],[9,-58],[37,-41],[58,109],[-13,60],[32,4],[-30,72],[24,35],[-85,67],[5,60],[-16,26],[33,42],[20,168],[62,32],[-10,-91],[14,-17],[44,41],[25,52],[57,62],[80,26],[18,-26],[63,-41],[4,-89],[37,-12],[28,-35],[40,-101],[82,-48],[8,-34],[46,-22],[79,7],[8,42],[-60,65],[-11,32],[-40,44],[-27,80],[50,3],[4,52],[-19,37],[50,99],[70,13],[58,-46],[61,-10],[19,61],[25,26],[71,-12],[28,25],[28,-9],[130,0],[47,-21],[80,65],[-13,40],[-83,50],[-26,60],[-56,64],[-43,18],[-29,39],[-51,3],[-32,-26],[-34,-81],[-21,-28],[-74,19],[-58,-2],[-104,67],[-24,34],[-32,3],[11,43],[-22,44],[-71,15],[-29,28],[1,58],[57,-1],[13,27],[62,-32],[30,3],[30,48],[-90,67],[-21,83],[30,28],[21,61],[47,-3],[20,48],[25,4],[55,-32],[13,36],[54,-7],[54,38],[11,42],[37,64],[65,1],[46,16],[37,32],[46,-15],[40,7],[0,33],[-34,13],[-10,74],[35,69],[36,36],[36,-32],[14,-75],[39,-58],[38,-37],[85,7],[92,-112],[-2,68],[17,25],[-17,80],[5,86],[35,32],[98,45],[46,-37],[17,-30],[60,-25],[39,21],[-21,101],[-24,35],[28,53],[39,11],[-4,50],[-47,36],[-41,2],[-12,108],[49,39],[-44,78],[40,21],[7,47],[60,36],[104,4],[43,22],[37,74],[41,-22],[-43,-35],[-1,-58],[-31,-67],[15,-38],[-13,-50],[-49,-37],[-12,-34],[29,-61],[-18,-15],[-10,-55],[43,-69],[-20,-81],[36,-33],[-8,-46],[71,17],[35,-28],[-17,-54],[3,-59],[-86,-48],[-11,-35],[-57,-87],[28,-30],[68,-10],[109,37],[-14,28],[40,48],[53,29],[13,28],[57,-11],[35,69],[25,-5],[3,-49],[49,-16],[12,56],[-5,43],[44,10],[18,-26],[-3,-44],[62,-8],[17,38],[-49,72],[-10,38],[4,86],[49,80],[45,27],[46,0],[83,-72],[-54,-71],[15,-49],[-12,-53],[44,3],[24,-41],[3,-55],[46,-69],[14,-45],[-19,-18],[40,-57],[-6,-45],[-25,-57],[-35,-48],[-74,5],[14,-47],[38,6],[56,-12],[46,10],[48,-44],[-13,-48],[68,1],[84,-85],[-4,-94],[-49,-41],[-29,9],[-8,-54],[-56,-36],[-14,-70],[18,-9],[32,-62],[44,25],[6,37],[79,100],[44,-2],[80,35],[15,57],[-39,57],[-9,111],[-31,-6],[-27,37],[-15,48],[-49,34],[-9,61],[51,23],[19,-28],[104,-42],[78,-12],[29,-32],[63,-34],[6,20],[-46,86],[-44,28],[-6,54],[-59,99],[27,69],[72,13],[13,28],[53,-27],[35,6],[25,62],[28,27],[8,61],[32,29],[-83,38],[14,77],[-39,56],[3,36],[44,64],[-30,40],[-3,33],[25,32],[58,18],[55,-8],[37,9],[21,-29],[-25,-22],[37,-61],[-8,-22],[54,-52],[-7,-48],[17,-33],[67,-72],[34,34],[-32,40],[-14,41],[46,21],[2,93],[-41,28],[3,30],[55,60],[-69,10],[1,65],[-40,29],[15,48],[65,-8],[42,43],[-54,29],[48,24],[95,-10],[23,-19],[60,0],[26,39],[32,0],[34,35],[-2,28],[50,84],[73,-29],[-13,-66],[61,-55],[26,-73],[-32,-37],[72,-12],[52,117],[39,31],[87,1],[43,-28],[88,-7],[35,-30],[-12,-93],[-19,-25],[-6,-87],[-115,7],[-50,-45],[-17,-64],[42,-48],[36,-12],[-25,-67],[-20,-17],[-46,6],[-69,-10],[-24,26],[-34,-18],[-35,-78],[33,-24],[11,-58],[43,42],[98,9],[75,17],[49,-6],[45,-44],[-7,-65],[53,24],[13,37],[64,27],[118,1],[92,-13],[27,-19],[40,16],[84,-10],[67,-27],[-24,50],[-132,18],[-53,29],[-34,3],[-72,34],[-33,27],[-5,92],[17,51],[74,60],[-18,39],[38,47],[43,27],[73,-35],[3,-62],[20,-59],[40,28],[40,96],[43,33],[21,54],[-30,51],[62,34],[26,-3],[77,62],[-84,14],[-35,42],[-7,90],[-34,-5],[-17,-44],[-44,-23],[-17,-38],[-36,-3],[-45,34],[55,51],[21,2],[34,73],[-76,0],[10,31],[49,6],[68,-19],[-11,74],[19,105],[-34,32],[-30,83],[23,31],[-40,25],[-4,35],[35,61],[11,58],[32,31],[12,45],[-29,38],[-12,44],[45,69],[-9,50],[41,29],[70,10],[30,79],[-8,54],[63,20],[52,68],[14,46],[3,78],[-50,38],[-5,89],[56,54],[7,60],[-44,-4],[-64,-50],[-39,-16],[-30,86],[-75,90],[-74,6],[-39,17],[-76,67],[19,37],[-25,31],[-3,88],[88,50],[-19,26],[7,42],[84,58],[17,30],[-14,56],[-24,-2],[-26,41],[-66,27],[-12,34],[-56,77],[-29,-2],[-35,106],[27,26],[5,41],[-21,69],[73,39],[69,163],[-25,53],[64,30],[41,80],[-19,79],[-57,36],[-32,36],[-53,5],[-2,25],[-37,38],[-69,-15],[9,97],[26,12],[38,-37],[78,103],[-3,41],[29,10],[35,-37],[15,-69],[28,-37],[36,-13],[66,-63],[23,43],[-6,97],[-27,48],[-8,53],[-74,15],[-36,41],[20,14],[57,-7],[55,-32],[27,-52],[40,9],[24,42],[29,3],[65,66],[120,11],[52,-32],[3,-54],[-14,-23],[-69,0],[7,-53],[56,-7],[46,32],[29,-38],[45,-5],[8,-86],[-11,-68],[34,16],[29,-33],[37,5],[20,64],[-29,49],[13,63],[39,-51],[9,-48],[33,-10],[46,-57],[-23,-94],[52,37],[29,-12],[32,23],[15,-42],[-21,-15],[30,-103],[9,-89],[23,-24],[-32,-29],[12,-30],[38,4],[41,-22],[51,23],[26,-14],[44,18],[51,-16],[47,-54],[21,21],[44,-6],[39,-25],[-8,-44],[41,-64],[34,-18],[84,29],[73,107],[42,74],[-29,51],[1,47],[60,2],[43,-13],[53,22],[28,-37],[-28,-26],[-50,-17],[-39,-50],[28,-29],[-13,-33],[-88,12],[21,-46],[55,-20],[33,-156],[-58,-54],[-1,47],[-43,-10],[-10,-54],[-38,-4],[-14,-136],[-73,-24],[-21,37],[-51,-1],[52,-100],[61,16],[107,42],[37,42],[44,25],[11,-67],[-89,-64],[58,-34],[21,-58],[-29,-28],[-76,24],[-60,-26],[-50,-3],[-63,-52],[-38,3],[-2,32],[-65,52],[-9,-55],[-26,6],[-15,70],[-152,61],[-76,45],[-29,4],[-86,-71],[26,-70],[83,-43],[-46,-51],[-2,-68],[60,45],[36,-41],[-15,-15],[12,-61],[-27,-3],[-36,-55],[-54,4],[13,-45],[1,-166],[-42,-12],[-1,-25],[-140,21],[-32,-24],[-15,-52],[26,-56],[-9,-37],[66,-16],[54,-51],[-5,-26],[35,-24],[9,-35],[-37,-42],[-8,-38],[73,-37],[54,-61],[-11,-45],[-92,6],[-27,-18],[20,-36],[-45,-93],[27,-40],[-23,-49],[40,-54],[32,3],[101,-60],[55,-6],[7,-38],[2,-104],[-15,-27],[15,-32],[-25,-31],[12,-34],[80,13],[24,-86],[3,-113],[-14,-43],[69,-57],[0,-84],[-22,-22],[7,-79],[-70,-124],[-19,-100],[0,-56],[-17,-67],[5,-39],[-19,-114],[-18,-32],[-22,-100],[-38,-99],[-23,-27],[-28,-67],[-45,-141],[-64,-86],[-17,-89],[-92,-77],[29,-71],[-9,-75],[-37,-68],[7,-99],[15,-57],[-17,-70],[-46,-48],[-15,-74],[27,-60],[34,2],[25,106],[20,33],[21,74],[34,35],[20,61],[23,16],[34,73],[22,88],[42,42],[30,182],[75,122],[-4,62],[52,78],[-6,38],[11,72],[26,67],[66,113],[16,6],[26,102],[-2,79],[80,112],[49,95],[14,70],[-13,23],[25,63],[-23,45],[25,45],[52,36],[11,53],[-14,21],[-3,63],[29,37],[71,59],[21,-16],[49,40],[32,0],[106,39],[79,-15],[21,-58],[40,-37],[86,11],[56,50],[74,6],[20,62],[46,35],[73,12],[79,-98],[28,7],[12,83],[60,63],[48,-31],[52,27],[41,-15],[37,36],[-25,58],[32,38],[-3,43],[29,34],[37,18],[5,31],[-35,21],[10,37],[101,6],[86,-31],[47,-64],[-35,-53],[-52,-29],[-60,-108],[6,-25],[-44,-52],[-5,-71],[58,-33],[59,16],[71,65],[120,46],[62,58],[58,3],[100,49],[35,6],[93,61],[22,-112],[70,-99],[-4,-59],[-48,-5],[-107,12],[-79,-16],[-60,-43],[-59,24],[-44,-13],[-67,-63],[-29,-55],[-37,-105],[85,-16],[-27,-51],[76,-51],[35,-5],[22,-42],[-10,-56],[20,-55],[35,-29],[0,-25],[84,-93],[75,-12],[26,-53],[-69,-65],[-37,-15],[-52,8],[-52,28],[-37,-5],[-39,-57],[41,-65],[54,-16],[67,-44],[75,-29],[41,-40],[12,-63],[-8,-29],[-47,-27],[-60,4],[-51,16],[-27,-16],[-56,-90],[-15,-73],[5,-57],[29,-17],[60,27],[59,-12],[-33,-40],[19,-35],[79,10],[34,-18],[-26,-47],[10,-63],[-14,-83],[19,-40],[37,-3],[34,-32],[40,-13],[59,71],[50,23],[52,5],[95,-6],[44,-67],[35,-26],[-22,-33],[26,-98],[40,-40],[94,52],[33,-11],[20,-56],[55,-48],[60,-150],[44,-144],[-12,-81],[29,-13],[49,15],[1,62],[20,91],[72,109],[41,-11],[56,-56],[-42,-34],[-38,-7],[-15,-31],[107,2],[95,57],[1,59],[-41,59],[-11,39],[-25,13],[7,44],[43,106],[4,64],[-21,95],[-29,56],[-67,73],[-40,68],[-23,21],[6,37],[-21,73],[-37,34],[-38,-3],[-35,47],[-43,0],[-52,35],[-4,48],[-28,29],[31,67],[61,29],[22,35],[16,69],[43,16],[20,-21],[55,25],[-2,81],[-31,9],[-22,34],[45,45],[101,32],[34,51],[116,-25],[30,-32],[23,9],[36,-31],[30,58],[-41,18],[65,87],[34,10],[12,-54],[37,5],[51,100],[1,19],[63,9],[7,-29],[68,-12],[4,-63],[28,-36],[-37,-121],[18,-13],[8,-57],[82,20],[12,33],[43,0],[15,-71],[34,-15],[29,-55],[29,6],[45,-49],[96,14],[60,42],[21,44],[-41,67],[46,11],[-8,38],[21,16],[43,-7],[25,44],[-94,76],[-14,42],[75,19],[69,56],[52,-3],[47,-91],[109,-70],[28,6],[55,-42],[56,-27],[65,30],[-7,16],[52,57],[-7,41],[-48,29],[26,50],[-63,48],[-7,68],[-19,34],[9,55],[100,-24],[38,20],[-3,38],[-101,93],[-13,31],[22,80],[1,168],[-46,-39],[-35,13],[-18,33],[-58,3],[-46,18],[7,46],[-17,48],[-55,44],[-26,50],[41,55],[-65,37],[32,33],[1,80],[-35,79],[30,32],[-92,113],[-18,43],[3,35],[38,66],[-98,-54],[-59,7],[-41,-31],[-49,37],[-35,-4],[-20,-34],[-121,-37],[-33,30],[21,77],[-20,53],[-21,10],[-5,45],[-35,9],[-9,60],[-34,12],[-1,51],[37,2],[35,-32],[1,-36],[42,-16],[24,16],[37,-12],[32,-42],[29,68],[56,11],[44,-23],[17,-27],[35,7],[79,56],[-30,99],[30,28],[56,-17],[-4,41],[17,40],[58,39],[36,2],[25,-50],[29,2],[17,47],[52,67],[42,32],[35,54],[81,85],[89,14],[12,-23],[55,3],[41,-33],[34,32],[47,-32],[32,-2],[130,129],[36,-85],[24,37],[-8,42],[52,24],[14,49],[-55,18],[4,38],[-44,-2],[-20,-25],[-57,-4],[-38,49],[24,72],[-50,19],[1,30],[34,18],[21,42],[49,-7],[64,-36],[67,6],[16,60],[4,64],[-75,49],[11,88],[-25,85],[-35,30],[-98,57],[-4,41],[15,30],[-57,51],[-49,95],[-12,111],[-43,81],[-29,16],[3,34],[-26,71],[-54,19],[67,73],[116,-1],[37,15],[38,76],[64,51],[63,-13],[47,13],[38,-29],[55,6],[25,-47],[52,43],[91,26],[41,37],[83,1],[24,12],[28,-45],[39,29],[74,27],[15,24],[70,65],[20,54],[33,50],[-29,24],[-20,57],[23,41],[53,2],[49,-50],[63,59],[0,38],[45,160],[28,15],[9,38],[-31,26],[15,51],[37,6],[9,44],[38,26],[-49,25],[-27,-4],[-46,42],[-16,48],[-30,25],[-34,56],[-35,24],[108,41],[23,-16],[66,76],[90,3],[24,29],[41,18],[-131,29],[-75,74],[-25,65],[13,30],[-8,96],[-81,6],[-49,46],[-26,-22],[-23,41],[-64,23],[-26,37],[6,98],[-32,30],[-42,108],[-70,60],[-94,125],[-73,45],[-51,44],[-42,11],[-40,-23],[-41,-56],[-96,-67],[-92,55],[-59,79],[-64,-21],[-31,7],[-12,56],[-55,-10],[-82,-65],[-86,-33],[-53,-46],[-49,-66],[-79,-55],[-41,-18],[-58,9],[-98,41],[-47,46],[-123,83],[-47,77],[-28,76],[-106,1],[-40,16],[-30,86],[33,67],[-27,57],[11,23],[-66,28],[-58,13],[-13,32],[-72,63],[12,48],[54,48],[-12,53],[35,151],[-37,66],[8,61],[-38,29],[-32,-1],[-34,41],[4,43],[63,40],[13,36],[65,29],[31,-93],[-8,-72],[-21,-39],[15,-17],[46,29],[74,-57],[5,-28],[44,-39],[32,-88],[41,-24],[61,1],[82,-34],[6,-59],[-12,-22],[-52,-22],[-12,-50],[-49,-35],[34,-14],[-17,-84],[8,-32],[-15,-54],[49,-35],[-14,-52],[19,-57],[67,-9],[-11,107],[-32,27],[47,82],[24,9],[5,47],[50,32],[31,-21],[38,87],[33,36],[-41,47],[38,70],[7,45],[-30,31],[-8,39],[35,13],[66,-65],[75,-57],[-12,-29],[-58,-47],[20,-33],[-20,-61],[76,5],[35,72],[29,30],[66,-13],[47,24],[27,33],[-13,49],[9,48],[-28,39],[-72,17],[-36,22],[-8,28],[27,47],[-46,52],[-68,50],[-52,-22],[-78,1],[-53,21],[-32,33],[25,70],[67,10],[81,30],[29,-26],[26,7],[-19,63],[40,17],[96,-27],[21,-31],[66,44],[63,-12],[79,-34],[-3,-32],[30,-82],[4,-87],[29,-42],[-3,-70],[13,-32],[-31,-60],[39,-20],[38,-115],[-41,-86],[49,-62],[55,-8],[3,55],[52,41],[73,-26],[63,-55],[21,-34],[47,5],[42,-30],[13,115],[-32,62],[-46,0],[-14,36],[-69,34],[-19,52],[38,73],[48,25],[-17,44],[-58,50],[22,55],[67,60],[-97,99],[-35,14],[-3,28],[59,34],[49,8],[60,48],[47,-16],[58,32],[2,35],[-62,53],[-85,-22],[-31,-45],[-27,-13],[-69,-4],[-18,-33],[-31,24],[-41,99],[34,34],[-88,23],[-37,69],[-52,-24],[-55,33],[-84,32],[-27,-12],[-40,55],[-64,12],[-41,27],[81,33],[0,31],[-72,45],[-50,-4],[-20,32],[-53,-19],[-63,64],[5,67],[-46,29],[-73,-13],[-28,-89],[-74,60],[0,19],[-43,66],[84,25],[43,-6],[49,19],[58,48],[117,-5],[-35,-36],[11,-27],[85,-93],[43,-31],[19,-43],[52,-44],[66,-8],[75,9],[-3,58],[44,21],[38,38],[-6,39],[-30,55],[83,34],[33,55],[-16,27],[52,56],[81,43],[0,59],[64,59],[46,74],[37,-3],[19,-39],[58,-22],[-39,-60],[-69,-23],[-18,-25],[-6,-85],[-31,-19],[-17,-56],[81,-24],[107,18],[67,34],[11,-24],[-119,-75],[-11,-56],[-57,-25],[-42,-42],[-36,-18],[-42,-61],[50,-29],[26,45],[29,-7],[64,37],[54,48],[4,50],[25,50],[36,17],[26,-31],[111,-6],[-50,-64],[-3,-22],[60,-37],[102,-21],[78,-64],[27,1],[20,38],[-5,38],[31,99],[-37,31],[19,23],[6,102],[58,-19],[110,22],[73,68],[38,6],[30,-27],[2,-30],[-40,-26],[-35,-4],[-9,-44],[17,-54],[41,44],[46,16],[21,-22],[-33,-42],[6,-41],[-39,-75],[-44,-32],[-59,-86],[3,-33],[-55,-16],[-66,17],[-40,-19],[-50,-65],[-34,-10],[-24,-32],[-29,-82],[96,16],[35,48],[66,-7],[49,-56],[45,-22],[100,19],[41,-51],[-48,-74],[-30,3],[-54,-43],[-45,-21],[-57,-62],[-125,-33],[46,-31],[-5,-51],[-53,-49],[-32,-60],[-79,-39],[-33,-75],[-45,-23],[-50,4],[-32,-28],[-26,-57],[17,-52],[-1,-83],[85,58],[28,-29],[27,64],[-41,31],[36,29],[52,9],[55,28],[37,47],[80,38],[25,38],[109,59],[36,42],[32,64],[26,19],[35,-13],[49,25],[40,57],[72,-3],[41,32],[34,0],[26,30],[-5,50],[107,58],[33,44],[90,-21],[113,15],[52,-12],[107,38],[23,-22],[6,-67],[20,-22],[7,-61],[65,-56],[-34,-48],[-95,30],[-24,35],[-46,27],[-87,-5],[-91,7],[-20,-39],[-67,-49],[-55,-4],[-29,19],[-64,-22],[-48,-42],[-38,-16],[-35,-41],[-50,-32],[-77,7],[-45,-32],[11,-43],[-59,-81],[-78,-48],[5,-32],[30,-31],[79,-11],[66,42],[31,38],[48,-3],[37,38],[72,7],[68,-19],[28,-35],[38,-4],[27,19],[-13,39],[31,28],[153,18],[-5,46],[34,21],[35,-32],[-23,-66],[8,-52],[63,-53],[36,-6],[48,15],[21,-30],[72,10],[12,-79],[45,-36],[4,-26],[-38,-53],[-62,-134],[-82,-36],[-66,-19],[-91,1],[-57,-13],[-24,20],[-60,6],[-73,-91],[-59,-23],[-20,-23],[-50,-22],[-60,1],[-61,-15],[-52,25],[-21,-43],[-50,-45],[-70,-41],[19,-20],[33,-92],[24,60],[50,36],[48,-16],[50,31],[66,-11],[62,6],[28,-19],[73,15],[87,35],[-12,-34],[-98,-92],[-40,-21],[-38,-39],[-52,3],[-53,-87],[23,-30],[-30,-29],[-14,-70],[-52,-27],[26,-42],[-18,-39],[16,-24],[-9,-82],[24,-16],[27,40],[37,98],[44,42],[7,53],[29,45],[78,56],[26,0],[52,41],[35,0],[15,44],[66,33],[42,2],[89,28],[30,26],[42,9],[21,-39],[-31,-16],[31,-63],[-20,-20],[-44,2],[-29,-33],[-18,-54],[46,-61],[6,-72],[31,-26],[30,14],[45,-13],[3,-51],[43,-18],[-5,-35],[-104,-37],[-7,-25],[64,-6],[12,-30],[-45,-25],[-63,-3],[-37,20],[-41,-5],[-26,-21],[-58,-21],[3,-32],[-29,-31],[-42,-15],[-69,16],[-105,-25],[93,-77],[14,-42],[47,26],[95,0],[47,9],[78,-2],[17,-35],[-58,-59],[-69,-26],[-57,-78],[-5,-41],[-41,-45],[-27,-53],[-42,-10],[29,-47],[36,11],[32,-69],[55,-61],[9,-64],[83,38],[52,-20],[68,-7],[103,6],[7,25],[90,11],[38,-10],[17,25],[43,14],[24,26],[64,-31],[-12,-45],[-71,-50],[15,-41],[118,14],[13,-16],[-22,-43],[-49,-38],[3,-23],[-35,-29],[15,-86],[82,-53],[7,-42],[-55,-18],[-72,78],[-78,23],[-19,-31],[-9,-79],[-52,-19],[12,-42],[-35,-50],[3,-54],[-24,-31],[-101,-51],[54,-54],[36,40],[65,1],[46,-53],[4,55],[20,48],[50,66],[61,7],[95,-43],[14,-50],[46,-17],[-14,-37],[18,-26],[58,-14],[69,92],[32,14],[14,43],[59,69],[44,92],[-19,87],[48,-3],[3,-92],[-15,-21],[-3,-82],[-21,-50],[-29,-19],[-26,-79],[6,-33],[52,-3],[64,67],[-11,50],[64,77],[-26,38],[49,10],[37,-67],[77,-65],[59,-3],[40,-33],[6,-34],[49,16],[-35,54],[30,50],[6,38],[30,6],[-6,57],[14,55],[-14,30],[70,61],[3,42],[37,24],[36,0],[28,-61],[81,-12],[59,95],[90,40],[31,34],[74,20],[83,-30],[72,16],[24,48],[-64,46],[-66,107],[-55,63],[-34,-6],[-35,32],[0,25],[-40,40],[-67,-25],[16,44],[-29,24],[-47,-15],[-48,57],[5,45],[-26,10],[20,75],[-34,68],[-48,14],[-50,-14],[2,-59],[-12,-57],[-34,-30],[-55,-8],[-21,99],[-37,75],[39,32],[-23,20],[-29,-23],[-33,3],[86,90],[28,15],[-14,90],[14,18],[96,49],[23,-6],[-1,99],[-24,45],[1,41],[-23,41],[37,54],[102,10],[116,-21],[38,0],[79,35],[66,-5],[7,122],[44,38],[-58,72],[1,200],[-8,46],[-114,67],[-11,47],[62,31],[34,29],[178,-39],[28,21],[35,-16],[56,1],[103,36],[41,-43],[136,17],[53,-55],[60,-7],[38,33],[-42,67],[-47,9],[-28,32],[-4,41],[24,61],[30,29],[43,107],[-14,63],[35,36],[74,18],[85,-4],[51,37],[122,-7],[72,86],[-2,101],[21,14],[34,85],[94,86],[52,-1],[22,-18],[20,-58],[-11,-69],[-20,-29],[38,-78],[31,8],[79,-45],[58,-15],[81,9],[40,34],[-6,31],[27,59],[23,-11],[60,29],[39,-48],[99,43],[92,138],[0,24],[35,69],[-8,80],[23,51],[-37,29],[14,86],[57,-10],[6,-49],[52,-41],[71,3],[74,41],[151,147],[39,57],[28,75],[39,30],[34,53],[27,-94],[57,-23],[95,-74],[51,-6],[29,37],[101,51],[28,32],[64,-2],[42,-115],[-54,0],[-5,37],[-29,24],[-34,-55],[32,-41],[-47,-50],[-35,36],[-20,-43],[-78,0],[-73,-60],[-87,-10],[-88,-92],[-99,-185],[-52,-66],[-108,-86],[-16,-44],[-38,-39],[-3,-54],[-54,-48],[-48,20],[-113,16],[-52,-24],[-29,-29],[-24,-51],[-1,-53],[20,-36],[37,-9],[4,-27],[-54,-52],[26,-71],[41,-39],[62,-114],[-83,-16],[-29,12],[-68,-16],[-61,-92],[-111,-111],[-41,-17],[-17,-42],[-68,-41],[-8,-26],[-55,-21],[-26,-28],[10,-38],[-58,-32],[41,-17],[7,-158],[17,-47],[84,-42],[59,-11],[51,-28],[85,-12],[-3,27],[52,35],[12,55],[55,8],[89,-25],[39,52],[63,52],[56,9],[108,60],[32,102],[30,38],[110,-93],[7,-80],[15,-20],[-26,-39],[-35,-22],[-45,24],[-94,4],[-56,-79],[-58,-6],[-50,-21],[-23,-66],[-12,-74],[10,-82],[29,-57],[-26,-44],[18,-66],[25,-47],[27,-19],[56,1],[37,-20],[-5,-57],[39,-39],[59,-38],[-8,-85],[6,-45],[50,40],[37,-19],[49,-3],[94,47],[15,43],[29,23],[124,-8],[38,16],[46,-46],[29,-12],[47,69],[-11,32],[32,34],[38,-3],[78,13],[11,-60],[51,-44],[6,-87],[-18,-35],[-56,-9],[-41,-50],[-37,-71],[5,-61],[40,-40],[-3,-35],[-40,-44],[38,-106],[38,-38],[15,-45],[-22,-75],[-7,-119],[-41,-33],[-2,-42],[26,-39],[39,-19],[73,-96],[48,-19],[78,32],[42,4],[71,-18],[38,-43],[69,-48],[49,38],[-14,48],[-10,92],[14,73],[-16,39],[1,69],[52,47],[9,48],[31,29],[-1,88],[-11,53],[-44,55],[10,41],[35,12],[34,-19],[55,-3],[35,12],[23,-47],[42,-40],[39,-9],[48,-41],[126,31],[69,39],[-21,33],[30,34],[-6,52],[77,31],[-9,105],[19,93],[-21,52],[-43,31],[50,33],[-29,44],[12,36],[-33,70],[22,50],[45,72],[64,41],[18,66],[29,25],[-5,71],[-54,23],[-17,24],[55,47],[-64,30],[6,80],[-42,18],[-23,29],[-5,86],[13,25],[-43,21],[-36,35],[5,38],[88,53],[32,-30],[48,-12],[17,-27],[67,-5],[19,-87],[32,-23],[17,-40],[33,-20],[56,-57],[27,8],[37,-80],[90,-4],[12,71],[-34,57],[46,13],[47,-183],[-35,-30],[-47,-150],[8,-108],[23,-63],[49,37],[14,-64],[31,7],[33,34],[82,13],[20,66],[41,47],[112,5],[33,79],[-2,52],[-17,41],[-57,79],[-60,22],[46,43],[1,37],[44,43],[43,11],[51,-53],[52,9],[43,44],[17,71],[-5,54],[41,38],[23,88],[-3,44],[-51,32],[-96,-18],[18,42],[133,12],[47,49],[55,6],[19,64],[40,30],[63,6],[25,53],[-12,49],[-60,50],[-46,87],[-4,54],[37,73],[-10,57],[-98,2],[80,50],[85,-12],[-22,30],[-40,6],[-68,-26],[-65,-10],[-44,-21],[-66,-67],[-52,-87],[-49,-33],[-26,27],[-78,17],[-43,22],[-23,-7],[-52,36],[-68,9],[-41,62],[20,34],[-55,47],[56,36],[-37,24],[-9,48],[-30,29],[23,34],[52,46],[20,54],[48,60],[10,54],[-34,57],[31,36],[59,-1],[54,-78],[23,-54],[39,-58],[55,-113],[57,-12],[64,46],[45,17],[61,-44],[61,11],[61,59],[31,-4],[26,38],[-39,54],[-4,48],[-33,34],[7,57],[31,23],[71,-41],[76,22],[43,-24],[40,1],[21,-35],[-3,-35],[61,5],[96,49],[72,82],[134,-29],[-50,-31],[24,-32],[40,18],[49,-20],[60,-41],[12,-73],[-45,28],[-54,-17],[-16,-20],[77,-51],[1,29],[48,12],[26,-28],[106,78],[-9,25],[89,16],[48,25],[26,30],[76,60],[37,11],[90,-25],[141,18],[90,-45],[68,-18],[37,-68],[107,-4],[29,-45],[-13,-41],[0,-60],[46,-34],[154,43],[81,68],[55,28],[-21,47],[-70,61],[-38,46],[-55,20],[-66,77],[-54,26],[-58,54],[0,25],[-58,48],[-127,76],[-85,43],[-7,49],[-149,62],[-37,-27],[-37,9],[-9,41],[21,44],[-19,42],[-71,6],[-105,-18],[-44,4],[-26,46],[-28,-34],[-42,10],[-80,-13],[-26,-48],[-35,46],[46,73],[15,69],[-34,70],[-26,4],[5,105],[-45,41],[8,54],[-12,42],[-45,66],[-5,45],[-85,74],[-29,47],[-64,22],[-52,74],[-46,20],[-54,60],[-66,142],[3,81],[-9,37],[-54,59],[-64,129],[-11,77],[37,53],[9,67],[-8,33],[-38,49],[-96,26],[-75,91],[-20,47],[22,48],[49,1],[109,33],[85,56],[29,69],[32,-21],[-2,-33],[-39,-12],[-15,-44],[34,-36],[133,42],[17,35],[33,-2],[66,-52],[30,-55],[35,0],[37,59],[-19,31],[3,49],[29,39],[36,1],[57,-22],[62,20],[49,55],[80,23],[26,22],[34,-16],[19,-80],[-9,-40],[73,-54],[52,-8],[23,-41],[-2,-51],[10,-70],[-28,-25],[9,-44],[-54,-100],[68,-4],[54,-68],[30,-21],[63,-8],[-11,96],[9,70],[49,73],[70,28],[62,-4],[87,-50],[90,-2],[37,19],[-3,49],[-67,61],[-78,43],[-100,138],[-33,26],[7,56],[-27,35],[9,49],[-22,37],[29,33],[41,16],[90,-5],[46,-58],[49,7],[23,19],[-7,86],[11,23],[61,28],[91,0],[56,-67],[54,-1],[103,-68],[-21,-65],[13,-20],[84,-4],[34,12],[38,-35],[55,17],[67,-5],[35,-22],[58,-74],[89,64],[62,22],[35,0],[41,37],[-24,23],[-14,44],[-35,30],[-40,-27],[-27,30],[-95,6],[-43,42],[-1,48],[-74,35],[-27,42],[29,27],[59,-37],[90,15],[58,32],[61,-20],[105,0],[42,-39],[87,-20],[38,28],[4,48],[47,11],[34,-15],[8,-68],[35,-5],[20,-47],[87,-57],[35,12],[84,8],[6,-21],[-38,-35],[-38,-9],[-2,-48],[48,-48],[30,2],[2,-78],[23,-55],[-11,-43],[9,-43],[68,-67],[51,-38],[6,88],[-19,30],[28,38],[-2,108],[27,31],[52,-58],[-50,-44],[6,-41],[46,-44],[-9,-51],[56,-11],[-51,-78],[69,6],[35,-39],[38,18],[6,55],[-25,25],[41,20],[65,-51],[-17,-67],[44,-30],[60,3],[35,-22],[28,-47],[-72,-39],[-43,5],[-43,37],[-43,-136],[-63,-13],[-3,-25],[-47,-48],[-14,-31],[68,9],[45,-28],[86,22],[67,46],[41,-18],[-15,-52],[-27,-27],[47,-18],[50,0],[16,-43],[38,15],[27,47],[-21,29],[22,53],[-10,20],[9,67],[65,12],[29,37],[-17,48],[23,9],[52,-40],[-5,-41],[-25,-24],[46,-130],[36,-26],[11,-29],[-70,-18],[-10,-34],[-52,-16],[-8,-64],[-36,-44],[-1,-45],[25,-47],[39,-30],[50,23],[64,12],[64,117],[129,50],[46,-3],[26,-35],[46,3],[26,-22],[-3,-70],[-13,-60],[12,-58],[-73,-88],[-64,-13],[-43,20],[-32,-44],[1,-35],[111,-20],[41,-17],[-58,-52],[-10,-67],[19,-90],[-38,-41],[-52,-9],[-22,-37],[4,-37],[-23,-106],[41,-5],[21,77],[22,26],[114,26],[98,28],[59,61],[30,-6],[63,14],[52,32],[26,-1],[37,-75],[-5,-42],[-24,-66],[-36,-4],[-28,-34],[6,-38],[60,-44],[38,-11],[37,-68],[-47,17],[-35,-24],[-31,5],[3,-53],[-32,-25],[-9,-38],[-48,-10],[-5,-47],[52,-41],[44,11],[40,58],[52,-39],[44,-80],[-56,-114],[28,-39],[61,11],[12,-17],[63,-13],[24,10],[22,-38],[-49,-83],[-70,-69],[10,-57],[26,-17],[9,-41],[73,-21],[20,48],[87,-47],[81,-27],[13,-54],[64,-25],[33,13],[-13,38],[-10,82],[24,42],[75,-30],[26,44],[-35,39],[-33,85],[64,36],[28,47],[-4,48],[25,55],[-13,27],[25,76],[21,25],[81,19],[58,36],[44,7],[47,-19],[28,34],[-13,55],[-50,34],[-103,14],[52,98],[108,6],[38,34],[74,1],[44,39],[15,-12],[-23,-63],[8,-26],[37,-9],[1,-48],[19,-23],[12,-60],[-30,-26],[-21,-47],[3,-47],[-18,-48],[-55,-40],[2,-33],[54,-123],[7,-54],[-15,-27],[20,-31],[50,2],[41,95],[51,-5],[5,-86],[41,-56],[44,-13],[-26,102],[45,154],[37,25],[59,-36],[97,27],[27,20],[-9,37],[48,36],[-4,53],[11,130],[31,26],[0,28],[27,47],[27,92],[59,70],[54,-3],[6,-45],[40,-19],[26,15],[90,11],[77,44],[58,-45],[14,-50],[56,-64],[35,-3],[83,-54],[7,-67],[-21,-65],[-88,-90],[43,-2],[64,32],[82,2],[42,-40],[0,-36],[69,-76],[73,17],[-9,-49],[45,-87],[49,-41],[67,-37],[86,-19],[82,19],[96,-43],[115,53],[35,54],[31,86],[-23,43],[5,30],[-31,51],[-77,29],[-71,3],[-48,33],[-49,61],[10,86],[-27,69],[58,9],[83,35],[46,2],[32,50],[23,-2],[59,40],[69,-6],[23,14],[78,-42],[20,-111],[51,-53],[66,-15],[21,-24],[14,-49],[55,9],[15,-41],[-44,-59],[36,-32],[50,24],[41,0],[37,-25],[104,-15],[29,-54],[60,-73],[70,-36],[-1,-47],[28,-27],[14,-46],[33,-1],[22,46],[4,61],[30,36],[38,-12],[38,109],[33,13],[57,-14],[7,-60],[-32,-63],[12,-64],[-38,-54],[2,-57],[70,-10],[100,-68],[69,-6],[-4,-73],[49,-56],[79,44],[29,-22],[16,-102],[37,-19],[64,-61],[23,-133],[-18,-53],[-64,-62],[-76,-34],[-81,-104],[19,-45],[59,0],[63,-88],[-15,-34],[-41,-40],[-41,-81],[-37,-90],[45,-61],[59,-51],[29,-1],[30,35],[38,5],[36,38],[25,-33],[-3,-34],[60,-30],[18,25],[39,0],[-2,-41],[20,-118],[-14,-67],[42,-20],[24,-48],[32,58],[31,6],[15,37],[-13,41],[27,120],[27,38],[44,-20],[56,-78],[58,-20],[71,-42],[89,36],[-30,54],[20,13],[61,-47],[50,8],[-20,-73],[-23,-29],[-46,-7],[10,-38],[-84,-33],[-31,-23],[-6,-36],[15,-34],[38,17],[55,-48],[13,67],[44,29],[24,-6],[17,-41],[34,20],[15,32],[49,-21],[35,20],[49,-32],[-10,-45],[-45,-22],[34,-25],[-9,-57],[-49,-49],[-44,-77],[-84,-61],[0,-48],[22,-32],[132,76],[56,63],[53,36],[-3,32],[21,51],[32,-13],[-10,-47],[31,-22],[2,-41],[25,-15],[73,22],[22,53],[83,-82],[51,-35],[-14,-34],[27,-23],[-27,-61],[34,-46],[67,7],[18,-32],[52,2],[49,-47],[-7,-45],[51,-2],[10,-36],[40,-15],[6,-28],[56,-16],[42,10],[-2,-51],[73,11],[17,19],[121,11],[64,-33],[42,-95],[-5,-31],[52,-44],[42,-57],[19,15],[45,-33],[70,-29],[25,4],[40,-27],[56,-4],[18,-43],[-88,-100],[60,8],[26,-39],[50,8],[38,-38],[66,7],[65,-34],[64,-64],[3,-57],[-32,-21],[15,-32],[-16,-60],[-32,-40],[9,-44],[33,-30],[113,11],[-44,-37],[13,-25],[39,4],[78,62],[24,-89],[42,-69],[6,-51],[40,-44],[-11,-35],[12,-36],[-15,-69],[-20,-20],[63,-50],[67,7],[17,-57],[29,14],[41,-21],[59,-1],[9,-44],[73,-74],[6,-32],[38,-54],[3,-88],[18,-30],[87,9],[56,-66],[17,28],[63,-31],[-10,-36],[17,-40],[100,-92],[37,-25],[125,-43],[52,-42],[-2,-68],[43,-103],[81,-111],[99,-98],[24,-100],[-38,-71],[-34,7],[-87,-37],[-47,-44],[-17,-53],[-33,-12],[-23,-68],[-20,-26],[24,-34],[63,39],[41,89],[21,26],[104,47],[54,13],[52,-35],[-37,-55],[4,-54],[35,-65],[10,-45],[-17,-38],[24,-80],[6,-111],[44,-9],[25,33],[33,-29],[9,-31],[45,19],[51,75],[45,4],[-2,-102],[37,-73],[36,-41],[71,48],[72,-9],[71,-80],[-14,-118],[-28,-45],[21,-64],[0,-81],[-17,-37],[-60,-53],[-19,-87],[59,-81],[3,-45],[27,-4],[44,-39],[43,24],[49,-47],[23,-52],[7,-55],[24,-81],[62,-99],[52,-34],[4,-42],[27,-29],[36,-10],[72,45],[34,-1],[12,35],[69,55],[82,2],[69,67],[51,-79],[-7,-42],[30,-88],[25,-47],[37,-21],[96,-92],[6,-31],[38,-18],[52,13],[147,-68],[21,22],[65,-18],[27,78],[59,-23],[74,-80],[15,-54],[97,-116],[36,1],[42,-26],[12,-73],[-72,22],[-52,-16],[-6,-32],[-35,-20],[-4,-66],[37,-63],[-49,-4],[-37,-57],[-10,-80],[-20,-33],[38,-28],[49,-56],[27,-51],[106,7],[84,-70],[-53,-75],[6,-64],[23,-40],[70,-18],[63,-38],[38,11],[31,32],[49,7],[68,67],[35,15],[70,7],[65,68],[-10,121],[-18,32],[72,82],[59,-60],[-13,-13],[45,-106],[75,10],[27,-20],[65,-15],[41,17],[64,-82],[52,-8],[44,-22],[45,-63],[32,8],[65,-58],[23,-36],[172,-181],[21,-48],[77,-99],[113,-58],[33,-48],[20,-85],[-36,-48],[-30,0],[-25,-99],[8,-60],[80,-62],[84,44],[97,29],[-18,86],[26,3],[131,-125],[75,-22],[-22,-58],[25,-15],[60,14],[41,-38],[35,16],[34,-25],[35,25],[34,-34],[36,-7],[89,-52],[27,-35],[11,-64],[44,-59],[-32,-33],[-5,-40],[-40,-65],[44,-31],[39,48],[58,19],[72,7],[69,-53],[18,-35],[-45,-29],[2,-40],[29,-15],[47,-99],[61,-43],[133,-42],[171,-43],[103,21],[26,44],[43,39],[53,1],[61,-35],[43,0],[64,-24],[29,-44],[40,-16],[9,-42],[27,-41],[-22,-53],[-72,-27],[-8,-63],[41,-92],[61,-31],[34,35],[14,-58],[-17,-38],[-32,-15],[-1,-39],[-53,-42],[-26,3],[-37,57],[-58,48],[-105,116],[-43,4],[-49,-14],[-129,-77],[-16,-84],[11,-68],[-52,-142],[-48,-192],[-11,-103],[18,-111],[39,-119],[35,-67],[43,-31],[47,-64],[-1,-23],[50,-44],[18,-34],[-6,-44],[15,-47],[-35,-27],[-140,-17],[-53,-1],[-93,-35],[-167,9],[-121,-28],[-63,-35],[-65,-71],[-46,-32],[-75,-21],[-84,-39],[-63,-42],[59,-126],[107,15],[106,-11],[-28,-41],[-24,-77],[-59,-119],[-91,-166],[-67,-202],[-13,-61],[-65,-143],[-26,-38],[7,-23],[-27,-52],[-19,-62],[0,-45],[18,-53],[44,-49],[0,-73],[23,-14],[-21,-106],[6,-51],[-9,-108],[11,-99],[-40,-11],[-38,-58],[-9,-62],[-20,-31],[-57,-49],[-16,-39],[-6,-157],[-19,-90],[48,-72],[-88,-78],[-5,-79],[63,-60],[-3,-56],[49,-47],[3,-37],[-62,-31],[-46,-7],[-34,-40],[-12,-40],[11,-40],[-60,-36],[-63,-76],[-34,-29],[-47,-89],[-15,-60],[-3,-98],[35,-140],[44,-69],[20,-55],[-14,-41],[-10,-121],[14,-92],[39,-102],[44,-42],[91,-58],[48,-47],[3,-76],[-34,-115],[-63,-106],[2,-63],[20,-149],[-23,-65],[-8,-62],[-46,-41],[-19,-39],[-58,-57],[-10,-55],[40,-63],[51,-27],[-13,-38],[-43,-8],[3,-34],[62,-35],[3,-47],[-48,-22],[-37,-39],[-4,-47],[16,-45],[55,-57],[37,-21],[-18,-52],[48,-99],[-10,-31],[-83,-22],[-57,-42],[-73,-112],[-35,-37],[-91,-33],[-66,-7],[-45,23],[-73,84],[-54,47],[-73,29],[-27,-67],[42,-12],[49,-34],[79,-116],[58,-45],[111,-45],[-19,-149],[43,-172],[59,-106],[120,-149],[69,-121],[39,-140],[5,-89],[-8,-82],[-48,-190],[-13,-11],[-18,-119],[-58,-191],[-22,-52],[-97,-179],[-40,-65],[-141,-271],[-51,-74],[-49,-42],[-149,-45],[-39,-25],[-42,-66],[-49,-1],[-18,-17],[-59,-8],[-23,12],[-31,-48],[-52,-30],[-87,-98],[-67,-27],[-76,-44],[-14,-28],[48,-32],[35,42],[77,3],[31,41],[62,55],[54,70],[148,24],[29,12],[103,-2],[186,4],[88,25],[102,62],[103,104],[145,91],[97,93],[59,94],[35,178],[36,49],[59,104],[75,115],[58,160],[17,101],[6,136],[34,111],[11,136],[11,36],[-1,188],[-20,120],[21,69],[18,108],[-1,62],[28,38],[-3,57],[14,149],[-10,289],[-18,103],[-20,65],[-84,174],[-37,67],[-37,46],[-96,58],[-74,17],[12,23],[-9,76],[79,24],[86,38],[26,47],[-3,36],[-32,50],[-34,15],[28,62],[-1,116],[-25,23],[11,35],[65,12],[27,36],[-10,76],[18,76],[40,66],[71,54],[45,-24],[18,-38],[49,-57],[115,-89],[112,-53],[146,-57],[64,-43],[122,-93],[165,-157],[178,-257],[102,-124],[205,-188],[21,-10],[84,-85],[45,-86],[152,-132],[60,-36],[47,-54],[6,-32],[-32,-56],[0,-42],[70,-57],[26,-67],[50,-40],[41,-50],[97,-68],[53,-100],[-15,-90],[-34,-107],[24,-71],[14,-82],[7,-226],[14,-75],[64,-159],[13,-95],[32,-77],[34,-30],[30,-48],[12,-95],[-78,-172],[1,-82],[52,-116],[57,-82],[56,-60],[20,19],[90,-85],[32,-44],[57,-19],[45,-37],[-11,-103],[35,-66],[53,-54],[55,-28],[39,2],[68,46],[32,40],[-46,31],[-49,-43],[-41,-10],[-37,33],[-11,119],[-51,84],[-35,33],[-78,26],[-39,76],[-46,57],[-76,37],[-30,24],[-39,94],[1,101],[22,125],[36,109],[26,157],[34,64],[-31,50],[-97,41],[-30,73],[-8,121],[-20,92],[-9,111],[-1,190],[12,38],[51,89],[28,121],[-3,133],[19,56],[3,103],[-100,203],[-39,105],[-92,134],[-68,89],[-63,68],[-72,55],[-230,152],[-95,69],[-48,57],[-59,154],[-74,160],[-31,41],[-56,104],[-35,107],[-6,60],[11,111],[32,124],[-4,92],[17,108],[-25,94],[-22,257],[8,95],[-14,41],[-46,83],[-86,115],[-106,98],[-56,38],[-3,24],[-43,40],[-3,44],[28,159],[38,134],[54,109],[10,46],[61,106],[113,257],[67,124],[18,74],[41,126],[46,64],[73,44],[75,35],[83,11],[42,29],[24,-12],[26,40],[123,76],[70,19],[53,-15],[52,29],[48,41],[69,25],[19,26],[32,-13],[26,-43],[95,-101],[78,-75],[47,-68],[23,-75],[81,-160],[41,-130],[95,-178],[59,46],[-37,65],[-3,26],[-52,143],[-126,277],[-41,64],[-64,82],[-151,163],[-37,67],[11,126],[22,119],[5,114],[23,40],[123,58],[65,63],[50,9],[57,-34],[37,-39],[39,-152],[-7,-202],[12,-76],[32,-121],[28,-72],[97,-219],[21,-27],[46,-109],[36,-159],[48,-158],[31,-67],[78,-108],[9,-25],[-4,-68],[29,-47],[40,-136],[147,67],[-41,32],[-34,113],[-55,121],[-53,276],[-17,174],[9,138],[-20,47],[199,-67],[38,-22],[145,-119],[45,-52],[84,-121],[60,-75],[82,-90],[38,24],[-73,113],[-11,39],[-35,31],[-130,195],[-53,65],[-105,75],[-120,66],[-124,94],[-27,32],[-34,6],[-61,50],[-41,83],[2,45],[32,152],[25,71],[26,9],[5,121],[-13,83],[3,119],[8,35],[-12,61],[17,29],[-18,113],[-2,82],[27,121],[78,8],[31,-32],[55,-30],[9,-26],[72,-77],[65,-94],[42,-70],[65,-144],[40,-54],[61,-49],[52,-87],[121,-110],[46,-7],[90,-62],[32,-61],[15,-115],[47,-123],[67,-113],[91,-86],[76,-107],[64,-63],[96,83],[-25,22],[-58,102],[-122,106],[-31,44],[-35,105],[-33,128],[-49,117],[-29,37],[-64,114],[-26,66],[-35,120],[9,37],[-35,53],[25,76],[5,53],[-67,130],[-12,41],[-40,70],[-70,56],[3,52],[148,-9],[89,-49],[57,-71],[47,-87],[153,-254],[55,-73],[81,-88],[23,-38],[108,-148],[77,-95],[53,-54],[35,-60],[127,-109],[135,-80],[77,-56],[39,-70],[-8,-67],[19,-64],[88,-85],[-14,-117],[45,-102],[61,-31],[26,31],[-52,50],[-7,44],[38,49],[7,65],[-34,111],[-99,211],[-46,29],[-37,41],[-147,106],[-44,41],[-161,206],[-59,126],[-5,68],[40,94],[54,91],[-24,33],[-51,118],[-42,57],[-17,83],[-98,90],[-47,62],[-70,109],[-127,146],[-26,73],[-64,47],[-89,94],[-64,35],[-75,64],[-193,96],[-90,54],[-52,8],[-65,-21],[-31,-23],[-50,28],[12,44],[-20,35],[117,80],[14,33],[48,40],[47,-9],[59,7],[79,26],[131,67],[99,-49],[15,-23],[59,-8],[9,-74],[33,-25],[49,9],[132,63],[24,21],[73,23],[147,33],[20,63],[-7,31],[83,33],[27,48],[77,-18],[24,-47],[30,-3],[118,48],[139,80],[91,3],[64,-16],[49,-25],[58,-60],[37,-3],[64,45],[49,-15],[10,34],[-106,35],[22,41],[164,103],[70,-2],[37,-48],[69,-69],[98,-17],[44,-28],[44,-60],[47,25],[24,-37],[3,-45],[72,-38],[78,-12],[23,-27],[9,-91],[44,45],[73,-15],[27,30],[32,-46],[88,14],[47,-25],[6,41],[28,28],[35,-5],[68,-50],[58,65],[-75,73],[-40,22],[-82,14],[20,25],[84,14],[99,3],[103,-16],[198,-81],[108,-14],[241,4],[52,-7],[154,-46],[13,-33],[61,-37],[18,-45],[26,14],[82,-54],[87,-35],[75,-45],[77,-73],[-2,-31],[31,-30],[-6,-28],[41,-46],[91,-67],[120,11],[29,20],[61,11],[68,-32],[112,18],[38,-21],[186,-43],[24,-39],[42,14],[120,-16],[42,-45],[72,-21],[60,-4],[66,-18],[15,-27],[40,-18],[61,-8],[103,-40],[127,-9],[40,-10],[23,16],[88,-8],[64,-23],[38,23],[116,24],[296,27],[153,3],[59,-9],[35,-22],[54,-56],[67,-24],[35,18],[82,-21],[44,-77],[48,-16],[30,22],[38,-1],[26,-27],[48,-16],[126,-11],[23,48],[39,2],[38,-46],[-5,-39],[36,-15],[103,17],[55,-23],[42,13],[124,0],[122,-25]],[[9501,243406],[-51,-34],[-20,133],[-33,65],[-172,141],[16,15],[46,-51],[15,52],[76,27],[129,6],[28,-17],[-14,-83],[10,-35],[-51,-54],[-4,-38],[18,-34],[7,-93]],[[2400,239858],[16,-38],[-27,-55],[-29,0],[-53,-29],[-49,-48],[-15,-38],[12,-81],[-15,-50],[7,-50],[-32,-42],[-17,-105],[23,-24],[14,-72],[-7,-92],[-25,-52],[10,-73],[-7,-32],[-40,-39],[-33,-57],[4,-146],[-26,-51],[6,-67],[-60,-63],[-24,10],[-1,60],[-16,89],[-8,132],[-21,40],[-36,121],[4,82],[38,84],[5,35],[66,80],[33,87],[-6,29],[51,92],[12,48],[39,54],[8,91],[35,147],[1,120],[23,77],[-11,134],[16,67],[-10,31],[9,147],[27,102],[-12,168],[-37,103],[-4,133],[-38,112],[8,47],[-19,25],[18,42],[-10,32],[43,26],[8,45],[-16,43],[17,46],[54,79],[7,33],[56,67],[16,141],[41,61],[69,68],[28,-11],[36,47],[27,82],[1,154],[13,24],[-9,91],[27,0],[11,-77],[-9,-33],[12,-59],[51,-25],[4,-60],[-46,-72],[8,-73],[-12,-35],[-46,-61],[32,-15],[-2,-61],[25,-45],[11,-82],[79,-171],[-49,-105],[-50,-46],[-17,-48],[9,-127],[-40,-169],[-50,-84],[-35,-25],[12,-55],[-20,-187],[31,-30],[-17,-126],[-15,-61],[-25,-13],[-5,-41],[-36,-34],[-9,-63],[-33,-76],[18,-51],[-2,-103]],[[9230,243828],[62,25],[-7,-57],[-101,-27],[5,61],[41,-2]],[[9508,243515],[-16,44],[58,57],[63,-54],[40,-10],[-12,-43],[-98,-26],[-35,32]],[[12713,237765],[-72,31],[10,34],[42,-14],[20,-51]],[[14645,233665],[-95,79],[14,31],[44,1],[41,-57],[-4,-54]],[[23252,285598],[-16,13],[78,50],[-5,74],[-50,69],[-57,27],[-43,61],[-37,19],[-73,78],[-10,48],[-30,73],[30,-3],[94,-80],[65,-32],[82,-63],[21,-30],[-3,-53],[24,-102],[57,-58],[57,-26],[-93,-11],[-39,-45],[-52,-9]],[[121133,347279],[-45,20],[259,26],[102,3],[-2,-23],[-63,-13],[-68,1],[-45,12],[-27,-26],[30,-34],[-141,34]],[[31729,294083],[13,49],[-34,70],[-4,33],[-30,33],[-28,88],[-46,59],[17,11],[48,-35],[56,-23],[61,-100],[44,-56],[57,-25],[-17,-39],[-36,-25],[-27,9],[-74,-49]],[[33718,287064],[-35,51],[-4,42],[18,57],[31,-4],[-9,-41],[40,-22],[24,56],[44,10],[26,-23],[107,-30],[22,-32],[-55,-72],[-19,-48],[14,-115],[-6,-57],[-142,63],[-37,98],[-30,46],[11,21]],[[34076,289899],[-51,40],[27,31],[32,-6],[21,-53],[-29,-12]],[[130618,348458],[-2,25],[59,19],[8,-36],[-65,-8]],[[137123,344304],[-3,44],[45,-20],[36,3],[66,-47],[3,-32],[-67,5],[-80,47]],[[27104,287783],[-51,30],[62,60],[40,21],[146,28],[185,2],[100,-20],[148,-51],[23,-46],[-107,-69],[-90,21],[-106,-6],[-77,13],[-130,11],[-143,6]],[[21033,279620],[-20,-47],[1,-54],[-29,-19],[-1,-55],[-64,14],[22,59],[82,103],[9,-1]],[[19814,281454],[-26,-61],[-41,11],[-10,50],[27,23],[50,-23]],[[34583,288750],[7,49],[44,1],[-7,-79],[-44,29]],[[20879,280624],[-37,46],[-2,55],[35,41],[38,102],[55,42],[110,-52],[47,-8],[73,8],[38,-31],[56,-10],[34,-57],[36,-18],[-27,-54],[21,-68],[-22,-82],[24,-49],[32,-26],[19,-122],[24,-86],[-8,-29],[-48,-39],[-34,-12],[-22,-39],[18,-61],[-7,-28],[-56,-13],[-45,45],[-17,70],[-34,26],[-56,83],[-107,116],[-57,128],[-81,122]],[[20718,279298],[-19,-57],[-32,-26],[11,-105],[-54,-28],[5,103],[45,97],[44,16]],[[29591,289552],[-9,31],[44,19],[48,-13],[22,-23],[-105,-14]],[[21765,280817],[-30,86],[5,44],[-36,54],[53,47],[77,1],[54,-20],[-5,-31],[37,-51],[-17,-58],[-73,-56],[-65,-16]],[[24349,284455],[-19,13],[3,56],[61,7],[3,-28],[-48,-48]],[[31709,294757],[5,81],[-21,146],[-32,107],[19,13],[81,-18],[53,-42],[49,-90],[-73,-171],[-44,-58],[-40,-121],[-87,-62],[90,215]],[[31671,296224],[48,23],[-11,47],[38,45],[69,42],[35,49],[23,5],[23,69],[52,23],[35,35],[27,89],[61,36],[18,45],[-11,67],[31,70],[65,65],[92,20],[106,59],[83,80],[115,160],[44,89],[12,51],[43,38],[8,41],[38,20],[27,53],[38,6],[11,36],[65,35],[45,123],[43,81],[44,63],[41,10],[69,113],[78,54],[68,-6],[35,-32],[54,-10],[94,-46],[82,-19],[84,-70],[-27,-40],[-27,-67],[-55,-8],[-8,-47],[27,-50],[54,-3],[3,-62],[-39,-25],[-8,-26],[18,-58],[73,-60],[-8,-69],[37,-60],[58,-16],[30,-103],[-63,-53],[-11,-60],[54,-31],[-39,-98],[-10,-73],[56,-72],[-89,-45],[-20,-54],[5,-30],[39,-35],[-31,-46],[-52,-49],[-19,-53],[-72,-74],[-31,-75],[-8,-42],[-36,-63],[-71,-213],[10,-66],[-53,-23],[-15,-44],[-41,22],[-102,-9],[-56,-26],[-36,-38],[-44,-83],[-24,-129],[13,-32],[33,-11],[-28,-76],[-57,-44],[-71,13],[-37,-18],[-20,-38],[12,-47],[-65,-7],[-71,-51],[-14,-86],[-52,-26],[-30,10],[-69,-22],[-50,-1],[-18,-40],[-62,-45],[-12,55],[-50,43],[16,89],[-35,88],[-44,31],[-113,54],[-79,23],[-94,-1],[-82,-25],[-63,-8],[-48,-65],[-86,-6],[-30,-24],[4,-39],[69,-1],[45,29],[54,3],[-13,-66],[-29,-38],[-10,-45],[-50,-44],[-61,-11],[10,61],[-6,51],[-40,62],[-22,54],[-117,67],[-13,107],[16,28],[-13,51],[13,90],[30,77],[25,98],[81,143],[33,76],[0,58],[30,36],[-21,17]],[[34204,288008],[2,44],[29,64],[30,-5],[-61,-103]],[[33047,286956],[-25,35],[-50,38],[-2,21],[64,31],[69,55],[66,111],[27,-9],[51,53],[86,5],[58,44],[128,33],[54,-7],[-38,-44],[-9,-49],[-29,-34],[-54,-5],[-84,-28],[-47,-94],[2,-58],[-54,-76],[-60,-53],[-46,16],[-107,15]],[[121587,347250],[-101,54],[14,13],[113,-9],[54,-36],[17,-31],[-97,9]],[[122040,329073],[3,124],[38,76],[28,29],[36,0],[-85,-97],[-14,-48],[-6,-84]],[[32874,287092],[-13,66],[30,33],[45,-2],[93,62],[45,7],[-2,-38],[-58,-59],[-54,-35],[-86,-34]],[[133524,353756],[38,22],[0,59],[34,19],[7,-62],[-12,-29],[-67,-9]],[[19938,281803],[-39,41],[23,19],[44,-12],[-28,-48]],[[20315,277648],[-80,1],[-31,26],[-14,67],[19,14],[47,-33],[40,-2],[57,-56],[-38,-17]],[[20688,278852],[-75,26],[0,44],[33,24],[57,0],[-15,-94]],[[20799,278869],[25,-34],[0,-43],[-51,-3],[-23,61],[7,48],[42,-29]],[[21369,280053],[-19,76],[19,37],[56,37],[16,-7],[8,-62],[22,-43],[-9,-31],[-93,-7]],[[21387,284162],[-34,32],[42,18],[22,-34],[-30,-16]],[[21496,283296],[-29,50],[35,19],[63,-45],[-69,-24]],[[21511,280831],[-24,26],[44,28],[15,-48],[-35,-6]],[[22439,285915],[-38,77],[31,9],[53,-63],[-46,-23]],[[24238,286921],[-4,13],[80,88],[35,-20],[1,-104],[-112,23]],[[26578,286061],[-38,26],[17,35],[38,13],[31,-58],[-48,-16]],[[29169,286821],[-33,12],[-16,36],[31,10],[37,-14],[-19,-44]],[[65612,110509],[-141,-6],[-110,21],[-29,22],[42,49],[102,17],[138,-16],[73,-37],[-31,-37],[-44,-13]],[[30231,286020],[54,54],[5,21],[53,56],[18,33],[-9,48],[40,39],[4,41],[39,24],[13,57],[72,46],[70,13],[72,-2],[43,-53],[-13,-29],[-108,-40],[-46,-34],[-39,-93],[-96,-100],[-68,-89],[-42,-19],[-60,-5],[-2,32]],[[32073,287121],[-13,38],[71,78],[8,-51],[-47,-30],[-19,-35]],[[32120,287455],[-37,12],[-22,38],[6,90],[23,51],[58,-36],[0,-48],[50,-81],[-78,-26]],[[32390,287995],[20,-48],[-16,-60],[-41,-70],[-93,-68],[-56,50],[47,89],[46,8],[74,114],[19,-15]],[[75714,116742],[32,52],[31,-43],[-63,-9]],[[69841,112859],[-77,78],[43,10],[50,-32],[12,-55],[-28,-1]],[[73112,113771],[-1,29],[-56,75],[-91,-4],[-30,88],[-71,42],[-35,4],[-54,43],[25,38],[240,45],[129,-87],[125,-37],[57,-48],[80,-39],[-9,-47],[-89,-61],[-31,-99],[-91,31],[-35,-8],[-63,35]],[[67396,112296],[-12,18],[33,47],[82,4],[33,20],[64,-38],[74,-19],[-19,-27],[-63,-3],[-78,24],[-56,-33],[-58,7]],[[67595,112062],[-44,39],[17,35],[44,-19],[49,5],[128,-30],[71,-3],[22,-28],[-76,-20],[-75,21],[-136,0]],[[47104,112465],[39,39],[1,34],[55,30],[44,-2],[12,-41],[-14,-68],[-60,-30],[-40,35],[-37,3]],[[36804,144297],[7,40],[50,-19],[13,-25],[-52,-26],[-18,30]],[[50319,112251],[32,-21],[-41,-27],[-41,17],[-9,57],[59,-26]],[[130336,125646],[-8,105],[68,42],[55,6],[50,-58],[15,-62],[-74,23],[-58,-13],[-48,-43]],[[130810,125960],[63,65],[74,22],[59,-25],[67,35],[84,-3],[-22,-43],[-93,-1],[4,-65],[-47,-9],[-9,-24],[-125,-30],[-48,5],[-104,-48],[-58,-66],[-78,9],[10,39],[76,47],[-12,45],[70,-20],[71,23],[18,44]],[[135690,124316],[-21,32],[40,27],[-11,54],[-50,-8],[-18,-41],[-66,-70],[-45,15],[23,62],[-14,37],[-61,17],[-100,-10],[-48,-46],[-10,-96],[-18,-59],[-41,35],[18,37],[-35,49],[-33,-7],[-55,21],[-38,-54],[-48,84],[13,33],[77,56],[40,57],[3,67],[36,45],[47,7],[30,-54],[29,9],[35,-31],[61,42],[41,-26],[59,46],[59,-22],[54,-4],[88,23],[21,16],[40,93],[41,-4],[-9,-53],[14,-35],[-25,-52],[-31,-17],[-21,-72],[-31,-27],[59,-51],[14,-78],[-27,-16],[-25,-50],[-53,-12],[-8,31]],[[135470,124800],[-23,-18],[-20,-76],[-29,-11],[-37,44],[-21,51],[64,29],[66,-19]],[[136179,125466],[4,42],[99,34],[52,31],[41,1],[4,-57],[-79,-12],[-43,-66],[-78,27]],[[140853,122719],[-13,23],[57,37],[86,80],[11,34],[48,-30],[-145,-124],[-44,-20]],[[10095,197091],[-11,72],[5,53],[-12,51],[28,27],[-31,70],[-18,78],[99,37],[71,56],[37,77],[26,20],[1,-108],[34,-59],[32,-86],[33,-49],[-46,-4],[-9,-41],[-53,4],[-53,-32],[12,-75],[-25,-62],[2,-51],[-119,-7],[-3,29]],[[8813,199421],[-3,79],[51,64],[43,-1],[37,-24],[8,-33],[42,-17],[7,-49],[-30,-37],[-19,-50],[-45,0],[-91,68]],[[115560,125936],[-6,72],[42,0],[54,20],[-9,-79],[-70,-33],[-11,20]],[[139977,125574],[22,41],[-26,31],[7,49],[-85,13],[8,30],[165,-33],[-40,-48],[4,-42],[-22,-64],[-51,-37],[-21,18],[39,42]],[[140097,121102],[71,8],[6,51],[-31,40],[21,31],[87,21],[61,73],[-6,39],[39,73],[31,33],[28,-16],[-55,-89],[15,-97],[48,-23],[-48,-76],[-106,-73],[-36,5],[-68,-59],[2,-45],[-85,-64],[-44,3],[-36,46],[34,73],[72,46]],[[10536,197570],[-8,51],[-42,100],[13,34],[44,32],[57,13],[55,-20],[47,7],[51,-42],[42,9],[32,47],[39,-5],[-89,-116],[-96,-76],[-77,-28],[-33,-29],[-35,23]],[[13753,190973],[13,22],[3,166],[34,94],[26,-3],[60,54],[22,43],[92,48],[106,147],[10,-20],[-136,-165],[-76,-54],[-24,-31],[-71,-53],[-15,-31],[-16,-119],[5,-86],[-48,-51],[-65,-101],[0,-103],[44,-39],[-3,-59],[-71,26],[-14,45],[23,66],[13,93],[88,111]],[[20122,276980],[-30,6],[-26,55],[103,-19],[-5,-33],[-42,-9]],[[19932,277034],[-43,22],[3,57],[34,3],[30,-66],[-24,-16]],[[19748,276756],[-52,3],[29,43],[23,-46]],[[19340,275634],[-128,41],[54,46],[39,-43],[38,-9],[-3,-35]],[[16675,275340],[-40,16],[18,92],[-35,41],[25,35],[58,-40],[25,-111],[-51,-33]],[[18972,285339],[3,53],[59,82],[50,35],[132,139],[79,1],[70,32],[48,-49],[-6,-60],[-46,-22],[-128,-105],[-41,-26],[-78,-92],[-42,0],[-73,29],[-27,-17]],[[11436,194103],[-26,-60],[-1,-40],[-33,-3],[5,56],[-50,99],[82,7],[23,-59]],[[12379,194391],[31,43],[50,-20],[-81,-23]],[[12348,191861],[17,50],[28,-11],[13,-70],[-58,31]],[[16472,274951],[-2,75],[-19,24],[58,15],[-15,-80],[15,-54],[-20,-56],[-24,-13],[-32,-153],[-66,-30],[-35,3],[-29,-42],[-64,-44],[-29,-51],[-28,12],[41,77],[80,90],[23,54],[43,60],[48,35],[26,53],[29,25]],[[16028,275033],[28,109],[19,27],[37,6],[-29,-83],[-29,-14],[10,-38],[-36,-7]],[[18272,284554],[-27,53],[8,48],[69,69],[65,97],[38,70],[63,53],[133,99],[51,70],[72,49],[51,54],[61,3],[-8,-47],[25,-36],[-64,-56],[-78,-27],[-55,-6],[-28,-22],[-3,-35],[-73,-86],[-35,-28],[-43,-93],[-48,-30],[-13,-41],[-57,-44],[-29,-39],[-75,-75]],[[121610,125390],[-24,42],[-66,-7],[-36,20],[112,28],[98,-10],[31,-29],[55,-12],[7,-54],[-36,-24],[-53,27],[-88,19]],[[120493,123998],[88,-65],[-108,-19],[-9,36],[-68,24],[-84,-15],[-25,37],[74,9],[20,33],[53,11],[38,-14],[21,-37]],[[150914,353539],[23,40],[8,50],[27,22],[55,-26],[-4,-62],[-48,-57],[-67,-29],[-11,37],[17,25]],[[151328,354143],[-58,47],[45,56],[49,-3],[34,-54],[-16,-35],[-54,-11]],[[151451,351427],[-61,26],[0,46],[60,1],[76,-37],[-75,-36]],[[152033,353460],[-29,1],[-86,50],[-11,70],[50,-15],[83,8],[9,22],[103,32],[74,53],[39,0],[25,59],[23,-17],[-41,-80],[-59,-71],[-37,-67],[-41,3],[-43,-33],[-59,-15]],[[152381,357533],[-23,18],[22,45],[41,-15],[-40,-48]],[[155304,353623],[-105,29],[-144,81],[71,24],[39,24],[100,42],[52,-1],[136,-98],[-98,-79],[-51,-22]],[[139251,350194],[-54,32],[-9,51],[-45,-27],[-49,44],[-22,-5],[-67,73],[31,10],[102,-37],[48,15],[51,47],[20,-21],[107,-17],[72,25],[116,-106],[32,-44],[34,-7],[-2,-41],[71,-8],[5,45],[-68,13],[-15,43],[73,35],[70,71],[21,60],[72,49],[49,-39],[37,15],[31,-14],[4,-82],[-34,-103],[-47,-54],[-26,-11],[-70,-71],[10,-30],[-31,-24],[-42,5],[-22,-25],[-54,-4],[-60,39],[-80,15],[-37,-11],[-47,20],[-109,34],[7,38],[-73,2]],[[145548,353845],[-70,45],[-64,20],[-77,63],[-138,95],[-60,54],[42,11],[175,-100],[103,-91],[83,-39],[26,-30],[-20,-28]],[[139273,351978],[-111,17],[53,31],[58,-48]],[[145137,354466],[-127,3],[0,27],[35,25],[37,-27],[38,-3],[17,-25]],[[139307,350440],[-3,80],[77,14],[13,19],[-38,41],[20,13],[52,-56],[-7,-70],[-14,-20],[-48,-1],[-52,-20]],[[139520,353040],[-53,20],[29,52],[37,-54],[-13,-18]],[[139815,350745],[11,47],[-6,46],[82,3],[26,-28],[47,-126],[105,-1],[-22,-78],[-22,33],[-76,-49],[-50,-82],[-52,52],[-66,113],[-2,34],[25,36]],[[144562,354629],[24,35],[-35,52],[-36,-7],[-23,-31],[-98,118],[14,33],[-34,54],[-21,8],[-61,110],[20,26],[60,-36],[24,44],[43,-53],[24,-3],[1,-54],[79,-8],[70,-87],[54,-83],[9,-88],[-71,-37],[-43,7]],[[127539,125737],[-57,37],[69,21],[36,-27],[-48,-31]],[[128157,125835],[28,-19],[-43,-57],[-54,59],[-6,27],[75,-10]],[[128349,125797],[-19,38],[98,19],[-33,-71],[-46,14]],[[128399,125891],[61,22],[14,-26],[-59,-13],[-16,17]],[[128468,125941],[-39,31],[30,29],[65,-28],[-9,-25],[-47,-7]],[[119172,125184],[-6,25],[65,30],[99,-3],[29,20],[63,-11],[83,-73],[-63,4],[-93,-45],[-41,47],[-69,-34],[-6,-41],[-35,-29],[-22,38],[47,32],[-3,35],[-48,5]],[[119670,125027],[67,-52],[-88,-41],[-35,0],[-72,38],[-42,-1],[-20,33],[97,36],[61,2],[32,-15]],[[119672,125922],[-56,42],[44,34],[40,5],[-9,39],[52,-4],[83,-27],[23,-33],[-64,-10],[-113,-46]],[[119566,126143],[42,23],[55,-16],[-18,-31],[-92,-9],[-67,36],[54,18],[26,-21]],[[119837,126218],[35,99],[-52,13],[15,60],[112,15],[31,-39],[46,14],[20,-40],[52,2],[19,-45],[-60,-4],[-67,-58],[-76,3],[-28,-34],[-47,14]],[[118107,126781],[-49,20],[12,39],[45,22],[92,3],[50,-20],[-35,-33],[5,-29],[-120,-2]],[[118461,126813],[-35,36],[22,23],[56,-20],[75,24],[23,-9],[-35,-70],[-77,-12],[-29,28]],[[55820,112087],[70,-44],[-57,-16],[-30,21],[17,39]],[[157861,353026],[-42,-23],[-62,-16],[9,36],[48,12],[47,-9]],[[134093,352550],[-26,41],[91,-31],[-52,-26],[-13,16]],[[134243,352969],[-27,50],[46,-3],[-19,-47]],[[139519,355517],[-30,-26],[-24,67],[29,34],[25,-75]],[[140063,354929],[37,12],[19,29],[-49,48],[42,17],[17,-46],[36,-53],[21,1],[36,-38],[-36,-26],[14,-54],[-14,-21],[-67,11],[-155,7],[27,-42],[-14,-24],[-76,-5],[-54,62],[-3,39],[-36,55],[-70,17],[-61,53],[-9,36],[89,-31],[122,-64],[21,-3],[95,28],[68,-8]],[[144556,355762],[-42,11],[-38,66],[-12,63],[50,-1],[100,-122],[-2,52],[-20,45],[53,20],[6,-60],[24,-20],[-31,-35],[34,-35],[29,20],[21,-59],[-60,-2],[30,-85],[-29,-35],[-140,-76],[-41,16],[-8,83],[-15,46],[47,14],[39,30],[5,64]],[[140187,355608],[-23,78],[-32,76],[36,56],[22,-126],[-3,-84]],[[140123,357972],[13,45],[43,-33],[-56,-12]],[[140298,354997],[78,-15],[61,71],[-28,86],[31,37],[43,-34],[18,-34],[40,1],[-3,-63],[-47,-75],[-42,-20],[-71,14],[-80,32]],[[140398,355296],[-77,62],[-5,20],[-51,30],[-49,53],[-9,39],[25,10],[39,-58],[174,-98],[12,-27],[57,-22],[49,-37],[58,-14],[14,-38],[-31,-20],[-86,17],[-5,36],[-83,-32],[-32,79]],[[140253,357496],[38,10],[19,35],[47,-50],[-37,-42],[-58,27],[-9,20]],[[129136,126865],[-19,37],[41,20],[21,-39],[-43,-18]],[[129764,127140],[-25,-74],[-34,13],[-5,44],[55,65],[9,-48]],[[130513,126243],[-17,17],[-6,76],[27,12],[37,-29],[-41,-76]],[[134344,352552],[-26,13],[29,58],[51,20],[1,-38],[-55,-53]],[[134571,352990],[-28,25],[-7,37],[37,6],[48,99],[26,39],[100,-12],[10,-23],[-72,-30],[-17,-47],[-38,-27],[15,-21],[15,-73],[29,-36],[-65,-13],[35,-42],[-30,-12],[-48,64],[9,31],[-19,35]],[[134728,353361],[8,31],[48,-36],[2,-30],[-43,-15],[-46,37],[-68,-6],[-1,38],[100,-19]],[[150808,353827],[31,38],[26,65],[51,-18],[5,-57],[-18,-36],[-30,-115],[-21,-15],[-74,71],[-17,32],[16,41],[31,-6]],[[134996,352723],[42,92],[118,71],[-9,-35],[-67,-82],[-84,-46]],[[135157,353162],[-56,24],[36,25],[20,-49]],[[139685,356283],[5,47],[26,60],[-20,17],[34,48],[37,16],[57,-2],[47,14],[44,-75],[-7,-54],[-19,-30],[11,-56],[-16,-39],[-76,-26],[-66,50],[1,-49],[-49,2],[-46,37],[37,40]],[[139844,357532],[-86,28],[17,27],[54,-29],[15,-26]],[[139804,357988],[19,48],[-31,38],[13,23],[65,14],[64,-47],[24,-50],[-89,-27],[51,-62],[43,-36],[30,46],[31,-13],[58,-68],[30,-19],[-5,-35],[64,12],[93,-78],[-28,-17],[-37,16],[-85,-22],[-40,-38],[-97,10],[14,18],[-52,80],[-75,60],[-71,109],[-51,18],[-52,52],[56,6],[58,-38]],[[140299,357871],[-49,40],[38,19],[11,-59]],[[144302,355304],[-9,35],[31,31],[15,-70],[-37,4]],[[143768,354852],[-28,45],[-61,-6],[-27,44],[2,56],[-18,92],[-45,83],[25,34],[46,-21],[-9,79],[22,26],[25,-56],[55,29],[41,-41],[67,24],[42,4],[-69,90],[38,38],[36,-56],[16,45],[59,-13],[-11,-89],[8,-69],[22,-53],[-40,-56],[-40,14],[8,34],[-34,16],[-19,-30],[24,-54],[-1,-43],[-67,-30],[19,-37],[-36,-75],[-50,-24]],[[143278,356007],[-32,43],[-59,108],[-21,25],[63,11],[48,-26],[-21,-38],[11,-34],[40,-21],[38,-60],[70,-50],[46,-44],[-5,-37],[37,-24],[85,15],[23,-69],[52,-56],[-154,3],[-41,7],[-35,-13],[-75,118],[-4,60],[-66,82]],[[140958,353442],[-27,69],[51,4],[46,-67],[-70,-6]],[[130724,126882],[-50,4],[-11,26],[44,17],[45,-7],[15,-37],[-43,-3]],[[130757,124661],[-7,27],[82,43],[-29,-68],[-46,-2]],[[130892,126199],[-9,46],[55,49],[27,-12],[2,-52],[-75,-31]],[[131099,126236],[-21,43],[73,14],[-5,-35],[-47,-22]],[[131272,126816],[19,60],[43,-12],[-24,-61],[-38,13]],[[34568,151732],[26,-56],[53,-34],[55,-20],[82,-2],[12,-24],[-36,-28],[-34,-58],[-25,-16],[-64,4],[-74,-26],[-74,4],[-45,-14],[-23,-42],[21,-20],[-36,-45],[-7,-49],[-27,0],[-85,50],[0,61],[-31,31],[-130,40],[-40,-1],[-66,-27],[-42,-46],[-51,10],[-51,-20],[-35,28],[-77,22],[-87,-16],[-31,-29],[-13,-41],[-73,-16],[-56,10],[-7,-25],[-45,-16],[-41,12],[-48,-16],[3,54],[91,81],[54,15],[32,-15],[74,25],[40,-15],[69,16],[30,43],[74,29],[29,91],[26,7],[54,59],[100,32],[33,33],[44,9],[60,34],[66,-25],[40,3],[28,-31],[36,18],[-1,30],[40,9],[12,-39],[152,28],[47,-29],[-28,-47]],[[36180,150120],[24,-48],[-51,-8],[-12,38],[39,18]],[[135644,353303],[47,-3],[53,-31],[13,-31],[-39,-26],[-14,-35],[38,-28],[-62,-62],[-1,-63],[-22,-35],[-67,-27],[10,-45],[-15,-25],[-62,4],[6,-31],[-25,-27],[19,-82],[-90,-14],[-19,105],[-29,14],[-7,-76],[-20,1],[-47,-52],[-36,7],[27,43],[-38,33],[-73,14],[-18,38],[42,83],[24,-8],[98,73],[4,72],[-31,75],[-48,35],[-29,47],[-39,33],[6,29],[47,27],[57,-12],[23,16],[124,4],[13,-48],[47,11],[19,-51],[30,36],[45,-16],[39,28]],[[135297,353640],[23,36],[44,17],[29,-13],[156,-16],[36,18],[41,-3],[-19,-55],[-90,-16],[-27,14],[-71,-4],[-70,30],[-52,-8]],[[136017,353554],[-18,12],[-107,1],[69,31],[75,-4],[-19,-40]],[[150687,353355],[-53,42],[14,79],[36,-10],[3,-111]],[[136747,354167],[-22,12],[-51,71],[19,7],[50,-67],[4,-23]],[[136872,357853],[84,43],[37,4],[55,-24],[-9,-45],[-45,-16],[-11,-23],[-110,-51],[-64,6],[-69,-31],[-28,44],[-26,-26],[-43,40],[2,35],[62,12],[54,-19],[-15,54],[60,5],[66,-8]],[[140211,357044],[59,50],[-47,23],[-49,61],[-7,41],[-54,4],[-67,-20],[1,-63],[-37,15],[-13,40],[-85,31],[-22,88],[16,89],[-30,39],[37,37],[-2,54],[63,47],[100,1],[74,-34],[-37,-19],[13,-42],[68,-55],[37,-6],[20,24],[60,-38],[63,-11],[52,-75],[-21,-7],[-58,49],[-94,-23],[-19,-20],[-11,-57],[32,-67],[55,-59],[23,-43],[-50,-42],[-70,-12]],[[140115,350160],[-35,29],[73,23],[31,-25],[-69,-27]],[[140212,352987],[-38,77],[77,-54],[-39,-23]],[[142171,359188],[-67,7],[-4,88],[42,-28],[43,-6],[-1,-54],[15,-33],[33,-21],[9,-44],[-35,-29],[41,-17],[-74,-101],[-18,44],[-37,-50],[14,-52],[-40,-30],[-14,-35],[-60,6],[-6,32],[49,32],[29,43],[22,121],[-16,45],[0,64],[77,-16],[-2,34]],[[143093,356334],[-34,-6],[-62,14],[-124,116],[-7,28],[-43,-14],[-65,84],[-118,84],[-81,34],[2,35],[-62,11],[-18,33],[-86,7],[-54,24],[-17,29],[-35,-16],[-40,28],[-79,26],[-119,-11],[-39,65],[46,23],[93,-1],[27,-13],[71,6],[67,-31],[-31,60],[19,18],[54,-5],[112,-26],[169,-54],[-19,-45],[76,27],[80,-49],[51,16],[6,-38],[46,-22],[62,8],[54,-34],[62,17],[67,-33],[108,-18],[8,53],[54,46],[-10,26],[-49,6],[14,44],[41,-2],[74,-40],[24,22],[44,-63],[-11,-31],[-54,4],[-24,-36],[25,-29],[32,6],[15,-38],[-45,-11],[-38,-42],[42,-55],[36,-16],[17,31],[41,-65],[7,-72],[-31,14],[-56,-70],[-78,21],[1,-32],[77,-44],[32,-31],[-28,-37],[-89,52],[-46,36],[-57,63],[-35,21],[-28,-24],[-83,1],[-19,-16],[83,-52],[-25,-17]],[[141353,353035],[0,33],[-52,21],[-28,37],[-37,-6],[-46,40],[68,14],[40,-28],[27,4],[30,-54],[91,-50],[48,8],[19,-40],[85,-30],[37,15],[42,-38],[36,33],[53,-37],[-34,-36],[-98,27],[-18,-24],[-80,11],[-38,46],[-96,18],[-49,36]],[[141212,354163],[97,-14],[80,-30],[-25,-26],[-71,26],[-81,44]],[[140185,341303],[-49,151],[9,40],[70,44],[47,-65],[1,-80],[-10,-25],[-68,-65]],[[133849,124233],[9,66],[43,-37],[-52,-29]],[[134332,124550],[-25,25],[82,67],[4,-57],[28,-18],[-46,-40],[-43,23]],[[134783,123682],[-23,44],[96,-7],[56,-38],[-61,-12],[-21,31],[-47,-18]],[[136781,125509],[-10,34],[95,86],[22,-37],[-45,-78],[-62,-5]],[[136089,125412],[-11,18],[58,34],[20,-30],[-67,-22]],[[136073,124889],[-57,42],[-4,68],[45,-20],[52,-48],[2,-35],[-38,-7]],[[136885,354380],[-56,70],[77,-1],[-21,-69]],[[136954,354276],[-23,13],[8,89],[77,-9],[9,-92],[-71,-1]],[[137102,354177],[-12,44],[-30,39],[-18,81],[16,27],[65,-8],[24,-55],[-21,-64],[49,-34],[-25,-23],[-48,-7]],[[137129,356476],[-35,55],[-46,7],[6,49],[72,-30],[19,-27],[53,48],[73,-20],[57,-39],[-19,-39],[-74,20],[-83,-2],[-23,-22]],[[137159,350875],[7,58],[34,-18],[-41,-40]],[[144378,355736],[22,51],[31,-46],[-53,-5]],[[140289,350536],[-23,50],[88,-43],[11,-35],[-24,-28],[-48,-17],[-47,32],[10,42],[33,-1]],[[140282,355120],[-24,11],[5,43],[28,20],[33,-22],[-42,-52]],[[144416,355634],[21,-75],[-66,33],[23,47],[22,-5]],[[141448,127256],[-84,8],[9,36],[85,15],[18,-33],[-28,-26]],[[134825,126068],[-59,12],[60,45],[-1,-57]],[[27415,173366],[2,22],[83,40],[9,-25],[-36,-37],[-58,0]],[[137365,356245],[-21,19],[-19,53],[-44,-16],[-49,55],[5,30],[54,-5],[11,18],[-66,37],[18,26],[58,-34],[11,-30],[56,-36],[98,26],[14,22],[49,-6],[0,-30],[57,-14],[-24,-54],[1,-34],[52,-58],[-17,-20],[-69,27],[-61,-53],[-72,41],[-42,36]],[[149231,354615],[-40,29],[25,19],[41,-8],[-26,-40]],[[137589,353864],[18,-12],[4,-82],[86,-104],[-27,0],[-35,37],[-49,-33],[-40,7],[-2,50],[-26,9],[-80,-49],[-24,14],[-42,112],[-18,114],[2,40],[62,24],[-13,44],[55,-18],[51,-47],[80,-24],[-2,-82]],[[149214,353899],[-60,20],[6,48],[48,-39],[6,-29]],[[144243,354289],[-38,30],[3,27],[65,-2],[-30,-55]],[[144227,353321],[-2,59],[54,0],[13,-60],[-25,-25],[-40,26]],[[144163,354755],[27,42],[-24,28],[50,13],[2,-54],[72,-48],[-16,-37],[-82,6],[-29,50]],[[140580,350746],[-145,43],[33,23],[52,-18],[35,15],[25,-63]],[[139722,355283],[-74,35],[17,24],[57,-59]],[[144523,354390],[-47,37],[-12,44],[14,19],[-89,85],[73,32],[55,-33],[41,-58],[-6,-22],[-46,-10],[2,-31],[40,-6],[54,-59],[38,-115],[-24,-8],[-53,77],[-12,38],[-28,10]],[[139777,354476],[13,37],[-25,23],[-31,78],[17,84],[35,32],[3,37],[76,3],[-19,-43],[-54,-16],[24,-89],[30,-82],[-13,-42],[-56,-22]],[[140362,355439],[-55,61],[24,28],[37,-13],[15,-42],[33,-28],[-21,-34],[-33,28]],[[148109,127835],[-82,-142],[4,-99],[-59,-34],[-66,17],[-12,19],[23,51],[37,16],[29,59],[-47,72],[-41,22],[7,37],[40,36],[58,-1],[36,-32],[73,-21]],[[147435,129404],[70,71],[9,-42],[-38,-54],[-41,25]],[[147447,129266],[48,20],[5,-41],[-64,-52],[-60,9],[71,64]],[[149363,353483],[-31,-19],[38,-35],[-1,-66],[27,-27],[66,104],[64,-33],[24,-47],[55,3],[5,-32],[-51,-37],[-24,-99],[-46,-53],[-41,-23],[-38,-2],[-72,18],[-91,109],[-124,170],[-16,86],[20,64],[-25,73],[-47,60],[-13,65],[71,2],[-12,35],[34,51],[83,-94],[-3,-29],[-42,3],[-29,-24],[32,-26],[49,-64],[-4,-70],[57,13],[62,-42],[23,-34]],[[149085,354666],[-45,20],[-38,34],[51,12],[38,-42],[-6,-24]],[[148947,354741],[-33,31],[9,40],[72,-3],[12,-24],[-60,-44]],[[137530,352838],[9,32],[44,51],[71,-24],[72,-79],[-29,-39],[37,-81],[-89,-35],[-20,-29],[-7,-47],[-39,-23],[-48,-5],[26,71],[-55,116],[56,32],[-8,52],[-20,8]],[[140560,354999],[-45,-47],[64,-68],[-29,-48],[-28,0],[-29,37],[25,22],[-29,51],[44,49],[27,4]],[[144084,355608],[-42,-45],[-71,37],[30,20],[-17,36],[-34,3],[3,41],[24,46],[4,67],[43,50],[44,26],[26,-12],[-19,-48],[7,-46],[-29,-34],[31,-141]],[[143983,355010],[-12,-20],[18,-45],[-51,-6],[6,41],[39,30]],[[143913,356383],[45,9],[14,-34],[-27,-16],[-32,41]],[[143828,354766],[-10,32],[20,37],[-14,20],[63,36],[-1,-90],[-58,-35]],[[144672,124421],[-18,86],[48,16],[39,-26],[-17,-38],[-52,-38]],[[119610,119717],[-5,35],[26,30],[37,8],[59,-52],[-10,-43],[-107,22]],[[122980,125726],[18,36],[39,-25],[-33,-45],[-48,-30],[-20,43],[44,21]],[[119679,126812],[-76,29],[40,44],[80,26],[51,-10],[17,-36],[-30,-42],[-82,-11]],[[137777,350790],[-10,63],[-57,57],[28,55],[-42,52],[-38,84],[-10,80],[-61,57],[14,65],[-20,77],[31,20],[25,57],[42,13],[45,-80],[-36,-43],[29,-27],[12,-38],[27,-13],[10,-45],[34,-5],[4,-56],[104,-78],[-9,-44],[40,-10],[40,-33],[2,-47],[88,-72],[38,-5],[37,-66],[-21,-33],[9,-50],[-27,-19],[4,-51],[26,-50],[-16,-30],[-93,-18],[-21,39],[-75,71],[-46,31],[-44,90],[-63,2]],[[148212,354797],[-20,12],[42,74],[31,-15],[-10,-39],[-43,-32]],[[143936,356449],[-50,22],[-79,55],[25,10],[56,-17],[48,-70]],[[143777,355669],[-5,-59],[16,-86],[-41,9],[-46,93],[-7,80],[26,9],[57,-24],[0,-22]],[[143713,355763],[-58,51],[-59,99],[44,-14],[54,-65],[53,-50],[-34,-21]],[[139335,352999],[-55,53],[17,30],[89,-44],[188,-60],[-18,-45],[-63,10],[-26,32],[-132,24]],[[111272,127554],[-60,-93],[-50,5],[0,30],[56,49],[54,9]],[[147504,356717],[22,46],[-63,-4],[-21,16],[27,46],[45,-1],[29,-26],[6,-42],[-45,-35]],[[137786,357627],[59,-8],[35,-37],[-139,-2],[45,47]],[[137816,351860],[-65,16],[47,35],[18,-51]],[[140876,357193],[5,38],[64,12],[36,-34],[37,-2],[47,-25],[30,-56],[51,25],[36,-15],[38,-46],[45,24],[34,-2],[64,-50],[28,-64],[-14,-26],[-45,12],[-36,30],[-39,-64],[-34,25],[-45,1],[-14,25],[-74,-1],[-88,38],[-163,99],[-37,58],[-113,36],[48,30],[30,-43],[59,8],[50,-33]],[[143190,354730],[-50,21],[-37,41],[20,36],[34,10],[50,-25],[7,-36],[78,-57],[-40,-26],[-62,36]],[[142840,354893],[-52,77],[31,23],[51,-17],[49,15],[146,-72],[-34,-32],[31,-54],[-99,-8],[-56,17],[-67,51]],[[140985,353524],[25,30],[-98,38],[-48,62],[18,27],[70,-25],[42,-30],[39,-51],[56,-52],[-53,-36],[-51,37]],[[115419,125794],[16,99],[116,3],[27,-10],[14,-43],[58,-38],[42,-51],[-43,-52],[-89,46],[-34,42],[-107,4]],[[132489,124753],[8,95],[27,14],[66,-9],[-13,-77],[-41,-48],[-47,25]],[[147853,127646],[-27,13],[16,60],[44,-22],[6,-36],[-39,-15]],[[147419,355355],[39,-24],[-47,-31],[-22,-34],[-48,9],[-32,-14],[-71,29],[-29,34],[-53,36],[30,42],[42,-21],[10,-29],[59,-9],[36,-26],[60,11],[26,27]],[[137914,353547],[18,43],[42,-41],[-60,-2]],[[138035,351710],[-97,35],[-5,36],[63,-19],[54,-34],[-15,-18]],[[147145,356085],[-36,30],[-33,70],[60,9],[99,54],[60,-83],[-49,-16],[-41,-36],[-60,-28]],[[137953,357499],[20,16],[58,-16],[43,-40],[-69,-16],[-40,29],[-12,27]],[[138161,351890],[-165,8],[23,33],[80,-16],[27,6],[35,-31]],[[147126,358652],[-33,-3],[-52,45],[-2,41],[68,-7],[51,-62],[32,29],[22,-22],[-38,-38],[-48,17]],[[138254,353418],[-28,9],[-88,70],[-73,-4],[-13,38],[54,-8],[21,16],[105,-1],[65,-18],[-76,-48],[46,-32],[-13,-22]],[[141190,353770],[-45,40],[-17,-8],[-78,79],[-68,24],[-51,85],[14,50],[-32,22],[-14,38],[34,11],[65,-19],[141,-133],[-2,-24],[40,-42],[88,-16],[5,-85],[-8,-43],[-72,21]],[[142351,356376],[-90,65],[20,13],[78,-62],[-8,-16]],[[141027,352888],[-35,7],[-3,42],[40,39],[42,-38],[42,26],[74,-18],[64,-38],[-20,-56],[-42,-19],[-22,-32],[-85,42],[-55,45]],[[142115,353767],[59,14],[22,-51],[-62,-24],[-80,33],[-1,24],[-40,36],[-29,44],[-43,40],[88,-11],[37,-39],[63,-35],[-14,-31]],[[141885,353045],[-42,34],[94,-1],[-18,-29],[-34,-4]],[[118418,126948],[-12,-52],[-42,13],[9,48],[45,-9]],[[119896,124235],[-12,25],[-123,49],[-47,-8],[-11,-27],[-45,9],[-36,30],[29,21],[37,-14],[26,46],[53,-16],[144,-60],[10,-40],[-25,-15]],[[138263,356597],[-57,18],[-4,32],[-91,51],[42,21],[-40,49],[13,23],[61,-21],[30,27],[31,-1],[17,30],[-38,42],[-49,17],[25,60],[80,-11],[-39,-39],[35,-15],[14,-57],[51,-7],[30,-30],[60,-24],[29,-53],[61,-36],[32,-41],[-104,-29],[-53,85],[-100,-20],[-20,-14],[-16,-57]],[[138362,357209],[-37,9],[9,46],[-24,26],[-35,6],[-18,50],[-48,52],[33,8],[78,-24],[131,-58],[64,-82],[-16,-37],[-69,51],[-68,-47]],[[147021,357190],[-18,9],[-15,64],[88,0],[-6,-49],[-49,-24]],[[138221,354635],[-56,19],[39,32],[17,-51]],[[138332,350526],[38,20],[43,-22],[-21,-39],[-69,5],[-57,32],[-30,68],[60,-20],[36,-44]],[[147042,355197],[33,46],[48,-23],[-23,-37],[84,7],[45,-43],[31,-52],[-102,-61],[-23,38],[-67,52],[-26,38],[-54,12],[11,45],[43,-22]],[[142012,353603],[-118,13],[-27,51],[68,8],[91,-33],[-14,-39]],[[141679,353771],[-33,26],[88,32],[63,2],[36,-31],[18,-67],[-128,43],[-44,-5]],[[140130,341741],[-9,83],[-14,38],[-5,221],[-11,36],[18,85],[-23,86],[30,88],[53,30],[94,-110],[-4,-143],[21,-92],[8,-68],[1,-113],[-22,-77],[-37,-82],[11,-38],[-50,-19],[-28,6],[-33,69]],[[140118,341527],[-47,76],[-1,42],[37,9],[65,-31],[19,-66],[-36,-26],[-37,-4]],[[139838,340896],[-11,42],[-35,70],[-8,47],[75,3],[55,-69],[14,-44],[-14,-89],[9,-44],[-30,-26],[-34,28],[-21,82]],[[139991,341126],[-46,50],[-26,89],[24,90],[-22,26],[5,43],[39,16],[14,-54],[64,-119],[3,-48],[-55,-93]],[[119439,124295],[7,42],[83,17],[49,-52],[-22,-18],[19,-44],[-65,-3],[-72,31],[1,27]],[[119790,124952],[40,55],[48,6],[65,-34],[119,-22],[-220,-26],[-52,21]],[[120105,123863],[-41,19],[-80,-2],[3,46],[81,8],[117,-40],[-8,-30],[-63,34],[-9,-35]],[[114513,125363],[-18,42],[-50,21],[67,30],[71,-8],[-7,68],[20,52],[-28,24],[46,52],[108,11],[-14,-59],[-39,-33],[-44,-60],[30,-27],[22,-104],[-89,-60],[-30,1],[-45,50]],[[122919,124083],[24,105],[-95,-7],[24,54],[62,37],[-68,47],[-29,42],[3,56],[45,-10],[112,-50],[48,-12],[-3,-60],[19,-19],[131,-16],[40,-33],[-57,-10],[-55,-38],[2,-56],[39,-43],[-8,-51],[14,-45],[-36,-55],[-56,27],[1,-128],[-42,-49],[4,-32],[-93,9],[-10,36],[-42,-9],[-17,101],[39,15],[4,65],[20,38],[-22,42],[2,49]],[[138352,353884],[-47,-36],[-29,17],[67,34],[9,-15]],[[146783,355206],[-125,12],[46,39],[26,-26],[53,-25]],[[146674,357545],[-33,9],[-7,59],[28,7],[27,-40],[-15,-35]],[[146273,358169],[35,29],[137,-22],[82,-37],[-34,-29],[-83,36],[-137,23]],[[138915,341024],[-35,24],[-22,39],[-30,97],[15,48],[71,-12],[79,-66],[30,-76],[-8,-65],[-45,-15],[-55,26]],[[120914,123056],[-4,-40],[-58,26],[-12,47],[74,-33]],[[120937,125294],[49,-16],[33,-44],[-56,-19],[-47,72],[21,7]],[[138543,353880],[-23,30],[-66,-13],[19,100],[43,35],[27,-30],[-11,-53],[19,-46],[-8,-23]],[[138530,354806],[20,-25],[-6,-54],[23,-25],[78,-19],[-68,-50],[-46,2],[-68,36],[27,46],[-42,15],[60,98],[22,-24]],[[145870,355325],[-29,1],[-91,31],[2,19],[97,-34],[21,-17]],[[138565,341230],[-177,16],[-37,15],[-70,55],[-48,79],[-7,52],[13,61],[39,36],[77,-98],[142,-132],[77,-59],[-9,-25]],[[153666,353858],[-37,30],[17,21],[122,13],[424,-1],[103,-16],[138,-11],[61,-22],[55,-7],[160,-60],[-159,1],[-196,19],[-165,8],[-100,-2],[-111,-9],[-175,6],[-137,30]],[[155563,353412],[-85,7],[-56,18],[-158,25],[-119,103],[10,12],[86,-25],[62,-5],[63,13],[69,51],[53,54],[42,19],[77,-34],[78,-201],[-36,-19],[-86,-18]],[[121077,124991],[101,60],[61,-78],[-46,-19],[-31,13],[-86,8],[1,16]],[[121130,123242],[-10,43],[92,16],[28,-36],[-15,-37],[-95,14]],[[121308,124495],[17,40],[-24,24],[35,45],[98,-8],[-47,-33],[2,-49],[-81,-19]],[[121658,125595],[47,18],[33,-24],[-81,-24],[1,30]],[[138575,353409],[-17,65],[69,9],[-5,-63],[-47,-11]],[[138815,356866],[-12,21],[-111,62],[0,32],[-30,28],[-34,145],[-46,46],[73,-6],[30,11],[-11,51],[31,60],[45,-11],[124,-101],[-36,-45],[-116,-4],[10,-35],[64,-93],[40,-37],[-24,-37],[45,-38],[-42,-49]],[[138622,354278],[0,64],[59,18],[-2,-48],[-57,-34]],[[145658,355745],[55,9],[55,55],[41,-35],[18,-46],[-86,-3],[-61,-16],[-92,13],[-52,22],[27,40],[33,-32],[31,16],[31,-23]],[[138765,351644],[-56,3],[8,32],[43,-6],[5,-29]],[[134992,353323],[70,-69],[-1,-64],[-35,25],[-74,1],[-40,15],[11,33],[-43,46],[112,13]],[[134993,352874],[13,88],[30,41],[12,74],[45,9],[11,37],[42,3],[52,-24],[-13,-49],[-58,-98],[-124,-98],[-10,17]],[[135915,353083],[-18,-26],[-68,-43],[6,-38],[24,-24],[-56,-37],[-7,-40],[-71,16],[-62,-39],[-51,-4],[-4,37],[41,69],[51,47],[6,56],[25,59],[57,46],[-8,49],[37,4],[-21,50],[52,-10],[73,-44],[5,-46],[-14,-31],[3,-51]],[[150815,353625],[-52,10],[-43,24],[-14,37],[-38,0],[20,79],[48,-46],[62,-13],[29,-39],[-12,-52]],[[137038,356619],[26,45],[80,-41],[25,-30],[-30,-17],[-68,5],[-46,18],[-46,-4],[-92,46],[-74,47],[-6,28],[40,14],[42,-31],[40,9],[109,-89]],[[121938,124833],[36,8],[-10,-73],[-70,9],[44,56]],[[122871,125351],[-9,64],[45,-17],[6,-28],[-42,-19]],[[135066,364511],[42,-27],[-5,86],[66,-78],[20,-57],[-30,-73],[-59,-2],[-60,-27],[-52,61],[-5,70],[10,48],[0,127],[81,35],[15,-12],[19,-76],[-45,17],[-11,-84],[14,-8]],[[138493,341188],[-29,2],[-44,40],[110,-21],[-37,-21]],[[138764,354739],[-48,86],[27,31],[-4,34],[30,61],[140,-24],[48,-35],[29,-1],[66,-44],[-51,-10],[-30,19],[-46,-24],[-60,7],[22,-51],[-57,-30],[-12,22],[-54,-41]],[[138831,351617],[-31,41],[88,-11],[36,-16],[13,-40],[-106,26]],[[139059,356296],[-64,42],[-59,-6],[-32,47],[-44,37],[-28,62],[36,24],[21,-32],[59,-28],[16,-24],[101,-57],[-6,-65]],[[145470,355406],[-75,44],[39,10],[78,-36],[49,3],[52,-24],[36,9],[57,-21],[-20,-22],[-65,17],[-151,20]],[[147557,355005],[23,18],[-43,33],[-74,35],[43,91],[-3,28],[51,4],[-12,37],[51,8],[88,-22],[-17,51],[28,45],[69,-1],[-27,-42],[-2,-55],[35,1],[15,41],[62,-38],[106,2],[66,-19],[-65,-47],[35,-26],[35,0],[73,-41],[-19,-25],[-67,8],[-103,-6],[-60,-23],[-81,40],[-32,-32],[-73,2],[-11,-32],[29,-24],[-80,-25],[-40,14]],[[138049,357582],[8,-27],[69,-25],[31,29],[43,-37],[60,-14],[68,8],[27,-15],[84,-75],[51,9],[34,-53],[-125,37],[-33,26],[-53,1],[-98,22],[-16,19],[-97,20],[-78,58],[25,17]],[[138036,351755],[-28,21],[12,35],[37,11],[44,-17],[9,-31],[-74,-19]],[[138092,351532],[22,23],[-46,29],[-27,39],[-45,31],[91,73],[60,3],[37,-26],[52,3],[9,-44],[-20,-38],[33,-73],[1,-47],[-33,-10],[-35,18],[-99,19]],[[123827,125608],[-21,17],[58,34],[44,5],[20,-32],[-101,-24]],[[138615,341525],[-67,37],[-68,83],[-10,78],[42,8],[58,-54],[50,-82],[18,-57],[-23,-13]],[[138571,341321],[-81,54],[9,15],[70,-39],[2,-30]],[[141121,349018],[-37,18],[-3,28],[36,14],[4,-60]],[[141902,344857],[-46,47],[-110,51],[-6,35],[20,79],[48,13],[32,39],[80,16],[33,-42],[36,-82],[8,-40],[-10,-57],[-38,-45],[-47,-14]],[[141973,344706],[3,86],[45,113],[26,-8],[-23,-152],[-33,-58],[-18,19]],[[142286,348499],[-29,18],[-1,50],[53,20],[37,-17],[15,-73],[-75,2]],[[144766,347076],[-11,40],[30,33],[47,4],[23,-22],[-89,-55]],[[144949,346906],[34,48],[101,72],[39,-13],[-11,-54],[-20,-23],[-58,-22],[-85,-8]],[[145473,347219],[-9,12],[89,77],[6,-19],[-35,-50],[-51,-20]],[[144966,354752],[-34,12],[20,96],[-90,-37],[-26,26],[23,34],[-10,64],[-31,68],[-198,68],[-88,49],[-26,3],[-95,55],[-72,64],[39,32],[56,-60],[54,-18],[48,-32],[38,8],[37,-24],[54,-4],[-33,89],[40,11],[218,-152],[15,-32],[76,-41],[69,-75],[78,-23],[48,-64],[53,-34],[87,-28],[69,-51],[-10,-27],[-85,-39],[-99,1],[-191,42],[-34,19]],[[145309,357435],[-12,12],[-7,84],[39,-23],[-20,-73]],[[138919,357076],[-37,22],[8,53],[45,-10],[-16,-65]],[[147104,356932],[-47,23],[-73,-38],[-46,55],[80,34],[4,35],[113,76],[-33,58],[-14,107],[39,5],[194,-67],[106,-52],[58,-51],[18,-32],[-14,-153],[32,-77],[-21,-21],[-42,24],[-24,-16],[-42,35],[-13,54],[-1,98],[-41,11],[-19,-35],[25,-51],[-26,-42],[-8,-86],[-126,59],[-52,-58],[-5,-42],[-53,45],[-38,-44],[-8,74],[26,14],[51,58]],[[138551,354743],[26,29],[45,5],[75,72],[38,-86],[-89,-71],[-66,20],[-29,31]],[[138710,356248],[26,39],[62,42],[46,-28],[59,10],[72,24],[37,-22],[17,-58],[30,-28],[13,-57],[-19,-46],[-70,30],[-33,-5],[-131,21],[-17,13],[-71,2],[-99,54],[78,9]],[[138959,351462],[-46,17],[-3,25],[-53,-10],[-120,10],[-20,20],[-50,5],[60,65],[79,0],[86,-51],[52,-16],[48,-45],[-33,-20]],[[139023,355321],[-11,34],[-66,43],[-62,-20],[-12,13],[0,83],[25,50],[80,17],[22,39],[30,2],[14,40],[63,-20],[40,11],[17,-22],[62,7],[61,-41],[-45,-25],[94,-37],[81,-59],[-91,-15],[20,-36],[44,-21],[43,-51],[-18,-36],[29,-49],[49,-31],[96,-36],[56,20],[49,-24],[61,-12],[49,-37],[56,3],[21,-22],[73,-29],[-61,-42],[-35,18],[-50,1],[-112,52],[-116,9],[-47,-2],[-64,-43],[-4,-66],[69,-56],[45,-2],[67,-28],[16,-24],[-41,-46],[38,-14],[8,-26],[-91,-30],[0,-64],[-29,-42],[-44,-1],[-55,44],[-38,15],[-31,34],[35,54],[-41,95],[-58,62],[-24,74],[8,40],[-24,57],[11,45],[27,7],[-52,66],[-34,27],[-52,-2],[-82,19],[-22,-5],[-47,35]],[[125494,126033],[18,45],[48,-19],[-66,-26]],[[126320,123317],[59,3],[-26,-46],[-63,5],[30,38]],[[126442,126421],[-32,22],[23,26],[41,-26],[-32,-22]],[[126673,126312],[-67,23],[50,33],[59,-10],[34,-48],[-76,2]],[[126845,124637],[25,41],[118,9],[4,-26],[-111,-28],[-36,4]],[[137506,123675],[18,47],[37,-34],[-55,-13]],[[117019,126778],[-30,54],[26,43],[98,4],[-3,-65],[66,-22],[-12,-20],[-80,-39],[-13,34],[-52,11]],[[119910,125526],[-32,-51],[6,-26],[-33,-46],[-92,-39],[20,-52],[-130,-43],[-27,26],[1,37],[-67,14],[120,90],[74,36],[57,7],[73,60],[30,-13]],[[1205,235402],[8,-21],[-40,-57],[-33,-76],[-1,-54],[-25,-40],[11,-100],[65,-105],[-33,-78],[8,-43],[32,-65],[47,-43],[26,-44],[12,-60],[-7,-55],[43,-51],[29,14],[14,-83],[45,-123],[27,-103],[63,-90],[58,-35],[-12,-51],[6,-143],[63,-61],[-8,-59],[17,-93],[-2,-44],[63,-194],[32,-48],[-2,-93],[31,-87],[14,-71],[-2,-53],[32,-65],[20,-70],[37,-27],[8,-36],[76,-65],[52,-58],[-75,-58],[-19,-31],[6,-80],[50,-35],[-5,-60],[41,-77],[49,-8],[-25,-77],[12,-80],[41,-57],[0,-60],[49,-62],[42,-35],[11,-49],[58,-47],[34,2],[23,-39],[53,-35],[-4,-91],[40,-182],[34,-51],[50,-49],[-3,-43],[16,-60],[43,-29],[24,-49],[-10,-40],[41,-46],[-20,-81],[16,-21],[-30,-52],[-33,-101],[-7,-68],[7,-56],[28,-48],[123,-112],[95,-32],[43,40],[118,-84],[87,-19],[33,23],[46,7],[38,-31],[-9,-60],[-36,-45],[-54,8],[-88,-41],[-46,-44],[42,-85],[-26,-29],[-81,-44],[-68,-64],[-23,-43],[24,-149],[34,-32],[26,-76],[-16,-200],[29,-64],[37,-190],[53,-8],[25,36],[115,-21],[59,49],[24,54],[-10,55],[-34,57],[-36,25],[-31,84],[23,58],[-8,71],[71,15],[87,-40],[33,24],[46,-23],[-25,-45],[5,-64],[-33,-47],[-10,-70],[29,-54],[-7,-44],[18,-39],[6,-103],[44,-44],[82,-47],[17,-30],[80,-70],[56,-23],[41,8],[35,-71],[85,-27],[43,5],[2,-72],[-35,-59],[41,-57],[-28,-83],[23,-79],[47,-66],[74,-49],[43,29],[46,0],[2,-57],[-18,-22],[3,-47],[43,-81],[-30,-73],[54,-57],[15,-48],[46,-57],[39,-93],[0,-37],[-33,-25],[9,-40],[46,-11],[44,-58],[-7,-131],[27,-63],[-27,-10],[-20,44],[-61,-5],[-28,-16],[33,-81],[43,-15],[43,-58],[-19,-80],[-75,19],[-76,-31],[-1,-147],[28,-15],[41,-70],[-5,-42],[-38,-14],[-85,-80],[-15,-47],[9,-28],[-33,-49],[-36,29],[-18,85],[4,52],[-37,134],[-3,42],[-90,65],[-116,90],[-89,43],[-90,10],[-51,88],[-45,131],[-26,105],[-42,79],[-5,42],[-35,51],[-16,82],[-20,29],[-33,90],[-14,94],[-38,86],[-74,92],[-46,97],[-93,114],[-46,80],[-74,60],[-37,51],[-72,75],[-102,119],[-37,64],[-152,158],[-128,115],[-163,174],[-109,85],[-104,104],[-124,154],[-51,20],[-23,47],[-6,50],[-72,108],[-11,54],[-56,70],[-3,29],[-61,123],[-41,117],[-6,89],[-42,108],[-4,85],[-13,33],[-103,151],[-199,221],[-43,61],[-55,100],[-29,32],[-99,136],[-30,69],[-41,31],[-50,60],[-58,115],[-22,11],[-7,71],[42,12],[52,44],[34,13],[27,117],[-12,46],[29,24],[-9,119],[-35,72],[-61,70],[-9,88],[-16,64],[-24,26],[5,73],[-57,82],[-88,103],[-7,73],[-24,74],[-64,89],[-22,105],[-28,27],[-1,35],[-52,127],[-6,74],[-49,81],[-24,63],[-49,41],[-50,21],[3,45],[-21,42],[2,41],[-37,130],[-9,103],[-30,60],[18,45],[-4,86],[-20,52],[-12,92],[37,100],[2,89],[41,23],[4,73],[17,24],[-17,120],[30,103],[-14,102],[10,47],[-17,89],[17,41],[67,30],[25,80],[43,33],[4,26],[85,54],[22,65],[63,50],[48,52],[23,56],[38,22],[30,68],[111,43],[73,-69],[18,-39],[65,-51],[37,-57],[107,-32],[75,-9],[75,3],[96,25],[57,-7],[38,16],[29,-18],[-6,-32],[-40,-55],[-71,-77],[-17,-66]],[[7744,223992],[-12,53],[23,31],[43,-3],[15,-26],[-69,-55]],[[7700,223809],[-29,45],[31,9],[20,-35],[-22,-19]],[[5503,225080],[28,-80],[-79,35],[-31,38],[41,70],[24,16],[31,-35],[-14,-44]],[[10353,227940],[-15,27],[0,57],[70,139],[71,60],[26,36],[25,96],[25,-13],[-51,-112],[-74,-67],[-61,-102],[-3,-99],[-13,-22]],[[10332,227609],[-15,55],[40,12],[-25,-67]],[[49106,298235],[35,20],[33,-9],[-25,-42],[-43,31]],[[49242,297946],[18,39],[87,-34],[-15,-39],[-57,-25],[-33,59]],[[49525,298136],[4,24],[-42,50],[79,66],[53,16],[58,0],[77,34],[63,3],[-22,-61],[-80,-49],[-52,-50],[-26,-52],[-50,-21],[-62,40]],[[13142,230979],[10,13],[-37,130],[45,-4],[13,-27],[2,-67],[-15,-58],[18,-95],[7,-142],[18,-69],[-11,-42],[1,-89],[-29,-47],[-102,9],[-43,-16],[-118,51],[-101,25],[-148,69],[-72,108],[-78,37],[-36,48],[-81,35],[-21,22],[26,43],[50,-10],[57,-36],[68,13],[-43,38],[-66,23],[-48,60],[4,32],[-40,33],[-67,80],[13,13],[-8,174],[-9,23],[17,63],[-4,77],[-34,39],[53,70],[44,29],[36,2],[35,-29],[62,65],[35,15],[23,38],[93,8],[61,-24],[54,-69],[41,3],[66,-65],[92,-54],[71,-13],[13,-79],[28,-30],[-5,-53],[22,-92],[-27,-10],[4,-76],[30,-144],[31,-48]],[[11102,222133],[-13,74],[-29,40],[81,29],[96,16],[-26,-44],[8,-49],[57,-84],[-78,-47],[-23,30],[-73,35]],[[63203,298359],[-11,206],[17,105],[29,33],[2,56],[54,56],[83,-35],[27,-39],[36,-13],[29,-36],[2,-52],[17,-59],[43,-22],[108,0],[-32,-61],[-17,-59],[29,-30],[-7,-48],[-36,-18],[-44,-92],[-46,-32],[-108,30],[-65,12],[-110,98]],[[62959,298388],[-17,63],[32,0],[-15,-63]],[[51402,301189],[10,101],[40,-31],[79,44],[80,11],[24,-42],[-26,-58],[-58,-18],[-78,-56],[-36,-44],[-10,-44],[-46,-63],[-17,41],[26,86],[12,73]],[[51465,301344],[4,-31],[-36,-14],[-115,8],[13,52],[68,-25],[31,70],[38,20],[21,-35],[-24,-45]],[[51736,301310],[-28,41],[64,48],[41,-17],[-65,-49],[-12,-23]],[[51841,301376],[-14,34],[20,30],[49,17],[16,-19],[-36,-67],[-35,5]],[[52001,301399],[-81,48],[-12,27],[84,-7],[32,-48],[-23,-20]],[[12622,228440],[-23,-70],[-50,-30],[5,-46],[43,30],[23,-44],[-65,-51],[-2,-45],[-39,-25],[2,-41],[-35,-15],[-5,48],[44,63],[15,69],[-10,46],[69,63],[28,48]],[[12416,224400],[-24,102],[25,32],[23,-68],[-24,-66]],[[64977,299699],[-10,22],[37,28],[80,88],[90,56],[131,105],[22,-35],[-30,-54],[-75,-61],[-13,-38],[-35,-34],[-63,4],[-134,-81]],[[36267,149122],[-20,48],[-41,39],[-3,70],[-24,17],[-3,71],[-35,55],[19,102],[-18,110],[95,12],[26,-63],[68,-68],[2,-33],[31,-51],[-2,-35],[-30,-108],[30,-75],[69,-108],[19,-118],[33,-70],[51,-66],[73,-41],[45,-72],[-14,-31],[-72,29],[-70,-55],[0,-48],[57,-77],[37,-27],[-82,-47],[-48,20],[-49,0],[-16,37],[1,76],[-25,61],[-8,63],[-87,206],[5,29],[-21,49],[7,99]],[[34235,301975],[26,26],[-4,34],[121,-21],[30,-22],[39,9],[13,-45],[46,-3],[36,-28],[-22,-41],[-40,12],[-22,28],[-54,6],[-77,49],[-73,-38],[-19,34]],[[34208,301828],[-7,35],[30,29],[62,-23],[-17,-64],[-37,36],[-31,-13]],[[62578,298351],[30,36],[80,58],[69,36],[8,-29],[-43,-18],[-144,-83]],[[34446,301402],[30,10],[-9,48],[31,22],[42,-65],[-154,-75],[-27,-35],[-65,15],[-28,77],[46,38],[24,-50],[39,-32],[36,44],[35,3]],[[34337,301139],[16,54],[-19,30],[8,39],[44,-21],[12,-49],[-61,-53]],[[34619,299825],[-28,28],[0,50],[52,-12],[-24,-66]],[[34607,301110],[-17,65],[25,21],[25,-96],[-33,10]],[[12641,228631],[32,76],[-16,63],[-144,104],[-66,41],[-124,56],[-83,52],[-100,79],[31,23],[43,-64],[77,-19],[80,-74],[33,-16],[34,11],[22,-32],[44,11],[47,-78],[100,-71],[37,-50],[-1,-52],[-46,-60]],[[78854,308054],[-66,63],[62,27],[64,-67],[-16,-42],[-44,19]],[[73643,302515],[-41,34],[9,52],[33,30],[119,41],[49,10],[106,-1],[44,-24],[9,-39],[-92,-10],[-49,-87],[-24,8],[-43,-41],[-120,27]],[[56714,298173],[1,-44],[-47,-1],[-7,50],[53,-5]],[[56103,299437],[27,48],[-9,75],[28,45],[22,-32],[-15,-112],[-53,-24]],[[53299,298114],[-15,66],[32,10],[6,-48],[-23,-28]],[[49652,299694],[-80,-63],[-13,24],[19,35],[63,39],[11,-35]],[[49016,299498],[-19,8],[81,68],[49,-25],[40,54],[34,-51],[-16,-52],[-55,-48],[-11,39],[-33,28],[-40,-25],[-30,4]],[[49305,298995],[29,-28],[59,3],[64,-10],[17,-22],[47,23],[36,-40],[-26,-31],[-29,-74],[16,-26],[-20,-54],[-36,-52],[-38,-13],[24,-47],[-28,-74],[-31,-14],[-56,46],[-55,-1],[-4,42],[-76,17],[4,-61],[-112,-70],[-75,-11],[-6,44],[83,68],[-10,42],[21,49],[32,34],[20,119],[25,83],[88,63],[37,-5]],[[47879,298853],[54,-16],[44,37],[44,2],[2,-83],[-99,-141],[-59,-18],[-27,36],[-131,-25],[-24,41],[-47,-22],[-51,39],[-33,-35],[-52,-22],[-37,29],[-66,-39],[-73,-7],[-27,25],[-46,-20],[-44,40],[-95,39],[-84,-37],[-106,84],[-29,1],[-34,-45],[-73,1],[-45,58],[20,57],[0,43],[92,34],[74,71],[-15,68],[49,30],[16,-22],[65,50],[14,-42],[49,-13],[111,47],[2,-22],[49,-8],[50,24],[11,37],[68,6],[26,-68],[-35,-72],[34,-58],[76,-33],[84,0],[65,24],[7,52],[32,32],[-4,41],[24,40],[102,86],[7,22],[-39,39],[11,29],[54,-2],[69,55],[25,-105],[-38,-16],[-16,-38],[23,-35],[49,-26],[39,14],[17,55],[41,5],[45,48],[68,-3],[20,-23],[-22,-38],[43,-23],[47,76],[35,-3],[46,22],[-1,-70],[18,-33],[-69,-28],[-55,8],[-25,-17],[-5,-56],[35,-46],[-30,-11],[-87,87],[-49,3],[-63,19],[-29,-41],[-25,-5],[-22,-49],[21,-57],[-57,-31],[-9,-52]],[[34792,301602],[-110,66],[-28,80],[31,37],[111,4],[35,-21],[34,-77],[7,-58],[69,-82],[76,-25],[91,-13],[11,-58],[-49,-78],[-1,-68],[20,-42],[0,-38],[-44,14],[-43,35],[-41,63],[7,74],[-11,57],[-49,43],[-48,14],[-68,73]],[[34688,301026],[-28,-24],[8,-31],[33,-22],[-15,-29],[-60,-1],[-16,67],[33,-10],[12,65],[33,-15]],[[34821,298363],[-54,19],[-14,51],[32,13],[25,-34],[11,-49]],[[38689,293592],[16,-116],[-52,12],[-38,93],[36,50],[38,-39]],[[38850,294010],[-82,5],[-10,22],[69,43],[23,-11],[0,-59]],[[44697,296611],[-30,61],[30,38],[44,-31],[28,-112],[-72,44]],[[46380,298147],[-30,52],[102,7],[33,22],[70,0],[-8,-47],[23,-35],[13,-80],[-21,-19],[-54,28],[-49,52],[-51,26],[-28,-6]],[[64044,299046],[-13,29],[-58,39],[28,27],[41,3],[48,-21],[36,-40],[-82,-37]],[[38574,293086],[-78,16],[18,31],[60,-47]],[[36080,292348],[-41,22],[-13,61],[38,5],[-3,-44],[19,-44]],[[35836,291133],[-19,19],[97,131],[24,-9],[-102,-141]],[[48672,300785],[-39,-27],[6,-44],[-25,-40],[29,-59],[67,-19],[30,-35],[52,-17],[-30,-47],[-33,-22],[-21,38],[-52,-14],[-31,-42],[10,-35],[-16,-90],[-48,-40],[-103,-40],[-74,-57],[-34,-6],[-47,95],[-26,33],[-68,14],[-84,67],[89,24],[88,58],[23,25],[9,54],[82,98],[24,49],[44,14],[46,47],[47,11],[17,-21],[68,28]],[[48817,300567],[54,50],[46,5],[-30,-53],[-70,-2]],[[49242,300095],[-21,50],[34,22],[22,-28],[-35,-44]],[[49526,299961],[-33,35],[72,51],[8,32],[-19,31],[36,29],[22,-33],[49,-12],[32,52],[42,16],[12,-40],[-41,-83],[11,-72],[-46,11],[-44,-28],[-23,-40],[-32,-10],[-46,61]],[[51496,300233],[20,13],[5,50],[49,64],[36,25],[8,50],[47,75],[10,59],[32,64],[57,33],[38,43],[3,32],[37,72],[14,49],[56,33],[38,43],[29,10],[38,40],[61,26],[66,14],[47,51],[80,111],[27,-35],[-33,-18],[-12,-56],[42,-38],[-15,-55],[-83,-60],[-46,-104],[-4,-57],[-65,-32],[-58,26],[-27,-51],[-3,-46],[56,-57],[61,41],[-13,-118],[4,-86],[-122,-94],[45,-17],[29,-64],[57,31],[20,37],[43,17],[34,49],[56,30],[40,-30],[-51,-103],[-4,-40],[-40,-62],[-2,-38],[-30,-37],[-23,-58],[-42,-10],[-21,-36],[-56,-45],[-65,22],[-29,65],[-23,4],[-50,-31],[-41,-1],[-99,-40],[-65,-36],[-40,-1],[-7,41],[-34,8],[-61,-14],[-51,-41],[-23,39],[-58,-6],[53,110],[-25,24],[72,55],[11,61]],[[51001,300062],[-16,48],[23,40],[46,-8],[43,52],[-41,43],[26,54],[45,-1],[-17,42],[33,58],[90,45],[21,120],[71,-11],[71,47],[29,36],[101,29],[-42,-128],[-51,-122],[-118,-129],[8,-71],[-23,-50],[-54,-42],[-34,-48],[-58,-100],[-58,-1],[-39,60],[-52,2],[-4,35]],[[51515,301527],[-1,24],[74,99],[35,69],[14,-55],[-8,-27],[-53,-51],[-38,-19],[-23,-40]],[[52785,301364],[-66,45],[-118,11],[-69,30],[-39,31],[-64,2],[-62,42],[-121,34],[-59,61],[-176,79],[-31,9],[-179,85],[-40,44],[-4,39],[-54,54],[-66,17],[-35,70],[12,16],[-16,58],[31,29],[65,4],[5,-44],[41,-20],[43,-50],[62,-52],[141,-82],[62,-28],[56,-37],[76,-36],[28,-3],[102,-91],[89,-46],[24,-2],[43,-42],[158,-88],[85,-34],[14,-19],[160,-71],[29,-1],[123,-52],[73,-66],[-74,-20],[-39,25],[-68,8],[-35,-13],[-67,72],[-40,32]],[[53394,301139],[13,-55],[83,-100],[-61,-46],[-27,35],[14,31],[-141,102],[59,49],[36,7],[24,-23]],[[81509,311961],[-22,39],[25,40],[25,-56],[-28,-23]],[[65932,300505],[25,51],[101,98],[38,-2],[-59,-84],[-10,-31],[-49,-1],[-46,-31]],[[51327,300887],[-6,-37],[33,-7],[41,31],[18,32],[-5,42],[30,73],[41,61],[17,2],[71,69],[76,43],[48,-45],[-9,-33],[-49,-41],[36,-44],[-29,-37],[-9,-47],[-94,-105],[25,-9],[-25,-51],[-100,-107],[-35,-27],[-50,-16],[-52,-47],[-41,3],[-19,-28],[-90,-8],[14,54],[-11,41],[59,108],[-4,47],[-41,-2],[8,54],[83,-21],[69,52]],[[51286,301641],[-88,44],[35,17],[41,-30],[12,-31]],[[34930,298307],[41,-3],[90,-31],[40,-22],[-29,-43],[19,-69],[-82,51],[16,48],[-24,34],[-71,35]],[[42945,294311],[-36,36],[17,102],[46,71],[15,-65],[-5,-56],[-21,-78],[-16,-10]],[[42690,294588],[15,-35],[-9,-48],[25,-57],[-17,-20],[-71,-13],[-19,16],[-45,78],[-9,66],[20,33],[56,24],[54,-44]],[[48690,299000],[25,26],[4,113],[63,7],[10,34],[44,35],[-2,32],[25,24],[31,-13],[56,24],[82,99],[58,-7],[45,55],[29,1],[23,-57],[104,46],[-8,38],[33,64],[88,29],[64,74],[62,-28],[6,-114],[-32,-13],[-32,51],[-49,-30],[-24,-33],[39,-22],[22,-37],[-7,-47],[-42,-9],[-103,-67],[-22,-33],[-71,-34],[-13,-33],[-61,-45],[-32,-67],[-1,-59],[-43,-78],[-36,-93],[-40,-35],[-79,-17],[-4,-20],[-159,49],[-12,-30],[-125,-32],[-65,8],[-6,37],[36,28],[13,49],[-99,-39],[16,70],[36,8],[38,53],[57,6],[58,32]],[[49163,299987],[-22,30],[20,28],[59,17],[16,-30],[-73,-45]],[[49327,299905],[-5,28],[-49,54],[55,10],[27,-10],[71,12],[52,-35],[-63,-39],[-9,-27],[-60,-34],[-19,41]],[[47851,299673],[-62,52],[87,14],[-25,-66]],[[54718,298581],[-9,-52],[-38,-18],[-65,-84],[-130,-16],[-36,64],[-29,3],[-56,-58],[-39,29],[17,50],[38,-2],[40,32],[86,35],[171,86],[87,23],[19,31],[35,-11],[103,12],[38,35],[47,-44],[-46,-35],[-51,-70],[-42,-5],[-46,20],[-53,4],[-41,-29]],[[35127,298095],[-9,-65],[-76,4],[55,53],[30,8]],[[38281,292693],[49,59],[51,-55],[-100,-4]],[[48903,300719],[-23,79],[43,9],[41,-52],[-61,-36]],[[66084,300525],[-32,34],[43,27],[24,-51],[-35,-10]],[[41137,294881],[-38,0],[-34,97],[45,11],[22,-21],[5,-87]],[[51693,300702],[-28,45],[43,55],[33,12],[13,-55],[-20,-34],[-41,-23]],[[48765,300876],[-19,76],[29,5],[-10,-81]],[[44374,295539],[-3,57],[51,-31],[-48,-26]],[[39066,294394],[-5,36],[22,72],[24,38],[76,54],[132,-41],[-18,-57],[27,-149],[-6,-30],[-74,45],[-110,44],[-68,-12]],[[54802,300961],[-3,101],[-20,27],[19,25],[77,-3],[-3,-98],[49,-70],[14,-49],[-2,-52],[-44,-104],[-81,-78],[-36,57],[-17,65],[-2,61],[25,79],[24,39]],[[43833,296168],[-35,80],[19,48],[39,9],[34,-59],[22,-78],[-32,-54],[-47,54]],[[34355,301644],[-55,-50],[-5,-29],[58,-33],[23,-43],[-83,12],[-41,42],[40,97],[63,4]],[[49396,298014],[35,65],[38,3],[24,-39],[-35,-37],[-62,8]],[[48495,297766],[-37,-63],[3,-106],[18,-6],[58,64],[74,60],[-17,30],[31,66],[71,12],[98,-22],[54,36],[66,-3],[35,50],[0,24],[57,18],[19,23],[38,-3],[47,-32],[63,-64],[-18,-55],[-127,-176],[-42,-27],[-78,-78],[-33,-19],[-77,-69],[-115,-40],[-81,-100],[-53,-38],[-48,-3],[-36,-23],[-43,-2],[-58,-21],[-70,10],[-48,-17],[-39,29],[25,41],[118,104],[60,19],[-73,23],[-27,78],[-59,16],[-47,0],[-18,41],[46,48],[21,122],[207,80],[35,-27]],[[152403,367127],[-35,30],[11,55],[73,32],[36,-7],[39,-89],[34,-11],[37,18],[35,-39],[-52,-23],[-60,9],[-13,-28],[-105,53]],[[169472,382066],[-11,53],[66,65],[41,11],[-15,-90],[-49,-34],[-32,-5]],[[152510,365489],[-101,16],[-9,28],[82,34],[38,-1],[45,24],[68,13],[7,32],[39,10],[99,-35],[50,-40],[7,-38],[-45,-16],[-28,53],[-48,21],[-24,-18],[-62,12],[-37,-33],[-15,-35],[-66,-27]],[[139628,340229],[-39,47],[-161,109],[3,32],[-23,47],[-48,26],[-40,60],[20,31],[81,-51],[35,-47],[30,-78],[86,-38],[18,-37],[69,-88],[-31,-13]],[[157309,366833],[18,2],[94,63],[86,-75],[-2,-32],[-59,-20],[-34,8],[-29,-37],[-36,12],[-38,79]],[[90542,125306],[-8,70],[64,1],[-56,-71]],[[139783,353486],[-54,14],[-147,89],[-35,-4],[-36,45],[112,-43],[74,-39],[28,-29],[58,-33]],[[147425,356475],[12,-74],[-41,-43],[94,-56],[-4,-75],[-59,-29],[-73,43],[-28,-22],[-127,77],[-45,51],[-39,20],[-78,-1],[-10,35],[26,32],[-1,30],[35,29],[-83,34],[33,40],[32,11],[1,61],[45,26],[19,-53],[29,-28],[71,-116],[48,20],[-25,50],[8,26],[59,-9],[-8,-36],[20,-29],[88,9],[1,-23]],[[179632,384164],[97,32],[45,36],[31,-28],[-43,-30],[-63,-6],[-30,-41],[-37,37]],[[161219,374285],[14,36],[-39,16],[-36,43],[-19,60],[35,11],[54,-17],[35,-52],[25,-91],[-15,-38],[-35,-7],[-19,39]],[[140543,356281],[16,47],[34,18],[-24,35],[13,39],[75,8],[16,-15],[48,42],[62,3],[-6,-87],[7,-27],[56,-83],[-92,-14],[-29,25],[-19,-39],[-43,19],[-4,26],[-50,18],[-60,-15]],[[161042,374337],[-40,53],[61,71],[-8,32],[26,23],[50,-63],[1,-55],[-28,-35],[-62,-26]],[[171322,377480],[33,-17],[12,-59],[-21,-10],[-66,24],[16,48],[26,14]],[[141672,353875],[-69,-10],[-39,-24],[-141,107],[-117,26],[-43,39],[-43,10],[-1,60],[57,-21],[8,-39],[93,14],[21,-12],[135,-27],[69,-43],[70,-80]],[[162396,371315],[-12,61],[34,18],[-6,31],[39,6],[30,-19],[27,50],[55,-15],[-12,42],[-27,22],[2,40],[63,-9],[24,68],[64,36],[37,-110],[-2,-42],[-41,-4],[-23,-22],[16,-67],[23,-32],[-9,-27],[-46,0],[-80,-83],[-169,20],[13,36]],[[183975,384524],[-40,31],[-82,45],[-41,3],[-69,29],[-57,9],[-126,-2],[-26,-31],[-93,-17],[-58,7],[-10,61],[39,15],[-24,99],[64,38],[49,-9],[68,-36],[68,-25],[42,0],[165,-24],[76,-39],[46,-48],[70,-47],[18,29],[-68,26],[3,43],[-25,30],[32,28],[46,-42],[47,-16],[45,-54],[15,-45],[66,-30],[49,-50],[15,-61],[53,-45],[51,-5],[66,-25],[-11,-23],[-52,-31],[-30,-35],[-139,-12],[-26,21],[27,51],[9,71],[-44,69],[-76,32],[-65,-2],[-67,17]],[[161969,378068],[-14,23],[12,38],[-19,22],[49,56],[54,-2],[26,-48],[-5,-31],[-56,-41],[-47,-17]],[[150201,366684],[-20,24],[55,26],[36,79],[53,22],[30,54],[47,32],[34,-1],[23,59],[95,16],[22,44],[39,3],[33,48],[19,107],[52,12],[23,-25],[21,-54],[-23,-31],[15,-81],[37,-35],[-1,-31],[-83,-10],[-80,-65],[-18,-74],[-19,-32],[-64,19],[-49,-52],[-15,25],[-47,-24],[-35,-74],[-31,-30],[-30,31],[-56,12],[-24,24],[-39,-18]],[[167051,379466],[-59,-14],[-28,32],[-29,72],[22,59],[32,54],[86,-52],[26,-81],[-21,-54],[-29,-16]],[[152821,366283],[-21,39],[15,41],[-70,-21],[13,-41],[-74,-35],[-101,3],[-49,-94],[45,-28],[-25,-45],[57,-54],[-18,-36],[-33,17],[-74,-10],[-15,-20],[-46,24],[-49,9],[-66,-13],[-1,22],[73,20],[45,65],[-18,26],[19,59],[55,4],[32,62],[-1,56],[-30,39],[46,70],[-11,58],[20,50],[-55,12],[-46,-62],[-1,-54],[-35,-36],[-55,2],[-60,69],[-29,-6],[-14,89],[21,39],[13,76],[33,11],[110,-27],[38,20],[-11,103],[23,6],[77,-51],[51,6],[54,-74],[-31,-27],[46,-22],[37,50],[-10,33],[-66,44],[-56,78],[-36,22],[-18,56],[-2,77],[13,34],[79,63],[42,24],[44,-31],[36,-7],[20,-34],[38,21],[49,-23],[-33,-68],[-23,-21],[0,-41],[63,-16],[29,57],[24,19],[100,-21],[-7,25],[-77,40],[-30,-3],[-23,78],[-43,-1],[-46,45],[-2,60],[-14,19],[-8,67],[41,17],[92,-20],[57,26],[12,-45],[42,-14],[36,36],[70,-4],[15,45],[-68,-6],[-1,49],[-71,-13],[-26,17],[-54,-30],[-63,-8],[-55,32],[33,53],[-27,20],[-40,-65],[-32,18],[-31,43],[26,56],[60,9],[21,57],[37,25],[11,46],[43,16],[84,9],[23,38],[95,4],[-16,-80],[47,39],[9,56],[19,29],[118,-39],[43,-53],[-5,82],[-30,13],[10,38],[66,45],[6,40],[39,23],[44,-41],[29,97],[52,42],[16,38],[56,41],[66,29],[17,-13],[54,9],[-26,-54],[-89,-48],[-58,1],[47,-105],[34,-16],[48,-51],[0,-51],[-46,-44],[37,-19],[-11,-32],[26,-32],[-7,-96],[-26,-44],[32,-48],[-14,-44],[-49,17],[-35,-71],[22,-26],[-53,-17],[22,-59],[-34,-59],[24,-52],[92,-10],[26,65],[35,25],[18,-28],[91,53],[31,-29],[43,2],[58,-43],[-35,-27],[-3,-91],[23,-23],[-4,-81],[9,-45],[-24,-23],[4,-40],[-29,-43],[63,-15],[19,16],[55,-4],[47,60],[43,3],[59,-35],[21,-44],[4,-73],[61,-58],[19,-56],[33,24],[51,-37],[2,-17],[63,-142],[-3,-61],[-85,-27],[2,-44],[42,-57],[83,-51],[135,-47],[99,22],[60,-22],[36,0],[8,-35],[-70,-45],[-88,-41],[-27,-51],[-45,6],[-31,-22],[-23,-41],[-96,-32],[-26,13],[-57,-68],[-18,-51],[-56,-28],[-14,30],[3,49],[-60,7],[-29,-26],[-90,-53],[-72,-3],[-34,-14],[-66,-67],[-123,-20],[-42,-22],[-29,-67],[-70,-29],[-16,25],[-69,-31],[-38,4],[-83,-36],[-83,14],[-120,-20],[-78,8],[-66,-17],[-5,26],[47,39],[-10,30],[-56,61],[-43,-54],[-26,-9],[-75,61],[15,40],[48,22],[24,33],[-49,13],[-14,22],[49,21],[75,98],[73,11],[12,-38],[66,-5],[31,39],[46,-52],[14,46],[-34,54],[33,16],[50,73],[33,27],[22,-13],[81,77],[34,-1],[20,39],[-45,3],[-10,25],[29,30],[44,2],[37,32],[23,-16],[31,28],[-3,28],[41,27],[68,22],[37,-21],[101,23],[35,29],[-11,31],[40,61],[-41,5],[-16,-33],[-49,9],[-67,-38],[-71,-23],[-26,33],[-39,16],[5,-57],[-31,-54],[-55,-5],[-49,-49],[-48,-19],[-93,17],[-15,83],[18,109],[-23,30],[-21,62],[-32,-83],[-32,4],[-35,-67],[-66,74],[-1,48],[-39,62],[-21,-43],[31,-23],[2,-35],[-52,-22],[42,-46],[-59,3],[-11,-39],[129,1],[42,-32],[-28,-55],[-31,11],[-56,-45],[-41,48],[-22,-28],[-36,1],[3,54],[-61,-19],[25,-57],[-33,-44],[14,-39],[-57,-2],[16,-77],[-75,-3],[-88,97],[38,76],[0,37]],[[152179,366575],[58,-75],[-31,-34],[-26,10],[-18,88],[17,11]],[[144606,356105],[47,-17],[-42,-65],[37,-33],[42,-12],[86,-97],[-40,-24],[-82,91],[-55,34],[-59,77],[31,67],[35,-21]],[[161498,375778],[10,65],[41,-40],[-51,-25]],[[144119,355339],[22,-41],[-29,-91],[-30,8],[-21,88],[-29,25],[-8,95],[68,-24],[27,-60]],[[154258,367595],[66,24],[-12,93],[24,43],[12,59],[47,-33],[14,-70],[44,-35],[38,34],[73,11],[28,-30],[21,-83],[-125,11],[-90,-116],[-36,18],[-54,-38],[-19,80],[-31,32]],[[171509,379953],[36,30],[57,7],[45,-8],[-80,-61],[-58,-12],[0,44]],[[140766,338032],[24,-43],[-46,-20],[-24,19],[-1,60],[47,-16]],[[168014,376158],[38,84],[-1,-97],[-37,13]],[[124315,124443],[17,73],[38,0],[-55,-73]],[[149892,367459],[-5,-33],[74,-74],[-10,-54],[-45,-21],[-65,-72],[-71,49],[-88,-29],[-52,5],[-9,34],[-56,91],[-22,-51],[39,-31],[-38,-34],[-20,28],[-62,4],[-21,-39],[-73,-40],[4,-76],[-46,-22],[-72,8],[-27,24],[10,79],[-17,81],[29,41],[-33,45],[28,37],[67,22],[48,2],[69,32],[43,5],[27,42],[54,45],[26,-26],[49,22],[58,50],[45,-22],[92,58],[19,-63],[35,-17],[16,-100]],[[161666,373346],[9,46],[50,-9],[-14,-78],[-45,41]],[[166033,378549],[-16,7],[-40,68],[56,64],[20,-26],[54,-7],[77,38],[43,-18],[4,-47],[-42,-48],[-90,-39],[-35,18],[-31,-10]],[[184060,384422],[-14,51],[66,5],[54,-30],[-22,-35],[-84,9]],[[34366,300889],[70,-25],[9,-44],[-84,-10],[-9,-34],[57,-36],[-34,-69],[22,-27],[-22,-25],[35,-32],[-43,-29],[24,-51],[-38,-62],[-44,-24],[22,-25],[50,-6],[27,20],[65,21],[-22,-46],[22,-42],[-48,-17],[5,-40],[38,-36],[-40,-12],[-37,56],[-50,-57],[8,-35],[-44,-13],[-16,33],[11,44],[4,80],[-65,40],[-6,32],[33,121],[5,55],[35,29],[9,130],[-36,32],[2,94],[20,26],[-34,58],[91,-39],[72,45],[-14,52],[-40,5],[-1,56],[41,60],[39,6],[-13,-46],[46,-37],[32,26],[27,-26],[-73,-50],[6,-76],[43,-54],[50,-4],[45,-45],[11,-53],[-31,-11],[22,-60],[-34,-16],[-41,-61],[-24,36],[-41,-4],[-7,-32],[56,-21],[9,-39],[-52,13],[-35,-17],[-24,16],[16,77],[96,45],[4,55],[-14,95],[-130,44],[-33,-14]],[[152077,359779],[3,86],[-21,37],[-48,-29],[-4,82],[37,57],[64,12],[25,-20],[30,16],[27,-96],[-44,-89],[-32,18],[-16,-59],[-21,-15]],[[140112,350717],[-22,8],[10,47],[1,106],[26,12],[-6,-132],[-9,-41]],[[116821,126874],[-55,6],[32,37],[23,-43]],[[150735,367750],[-21,51],[35,26],[46,11],[-30,-74],[-30,-14]],[[153006,368108],[-1,62],[-17,32],[57,8],[20,-32],[-21,-70],[-38,0]],[[151164,367086],[-38,-31],[-19,-58],[-55,39],[-13,27],[-40,4],[-39,-15],[-57,1],[-20,29],[-59,16],[5,31],[-42,71],[-88,49],[6,52],[49,41],[40,90],[49,18],[24,28],[51,13],[23,-19],[-27,-105],[4,-68],[104,-28],[-12,67],[-18,40],[44,135],[30,24],[43,-1],[56,20],[35,-39],[22,25],[55,-10],[73,44],[31,-42],[68,-22],[15,29],[41,27],[42,0],[17,45],[101,97],[19,133],[86,62],[16,26],[128,-2],[41,23],[15,50],[42,16],[26,-39],[8,-59],[85,-40],[20,-69],[45,-27],[-46,-136],[-52,25],[-42,-5],[13,-64],[40,-77],[-7,-86],[15,-68],[34,6],[46,52],[31,-12],[56,-86],[-80,-37],[-10,-41],[-59,-40],[-50,9],[-69,-26],[6,-23],[-34,-25],[-5,-29],[-41,4],[-31,-37],[-56,6],[17,66],[67,62],[-4,12],[-156,-59],[-24,-15],[-61,5],[17,57],[49,52],[-40,57],[-38,-12],[-45,31],[7,40],[-49,60],[-7,-65],[-23,-63],[-30,-27],[-45,-85],[-84,-2],[-17,-67],[44,-51],[-53,-32],[-8,-61],[-40,5],[-69,-13],[-14,29],[1,68],[-13,28],[-73,-28]],[[180359,381436],[-49,48],[13,58],[-34,38],[-47,6],[32,39],[58,-57],[12,-32],[15,-100]],[[2705,243463],[-21,45],[1,85],[20,100],[-13,54],[5,139],[14,38],[5,87],[18,39],[-5,41],[26,72],[39,55],[14,66],[50,96],[-6,64],[35,102],[4,228],[24,42],[3,48],[28,60],[65,71],[21,36],[43,180],[83,29],[6,-89],[-11,-49],[44,-49],[2,-36],[26,-26],[-15,-64],[26,-31],[-24,-19],[-13,-54],[-5,-102],[29,-45],[-4,-73],[-36,-55],[6,-48],[-28,-41],[-1,-45],[-25,-65],[4,-45],[-61,-114],[-35,-33],[-25,-80],[-41,-54],[28,-26],[-28,-47],[-8,-54],[-57,-56],[-50,-84],[19,-58],[-11,-44],[32,-38],[-11,-39],[26,-48],[-5,-111],[-10,-50],[10,-51],[-9,-55],[22,-16],[0,-94],[-24,-56],[36,-65],[51,-29],[32,3],[-3,-89],[-96,-110],[-48,-33],[-70,-78],[-18,-51],[15,-21],[-51,-46],[-29,-51],[26,-27],[-3,-40],[-46,-40],[15,-30],[-95,-82],[2,95],[24,73],[-2,115],[40,76],[-10,115],[23,41],[-17,45],[25,59],[1,41],[46,113],[15,75],[-31,126],[-28,182]],[[161626,372034],[10,37],[-16,40],[1,81],[18,15],[56,-6],[-4,-122],[5,-106],[-29,6],[-9,51],[-32,4]],[[162007,373188],[58,57],[17,-27],[-40,-53],[-35,23]],[[183350,384907],[15,28],[69,-50],[-4,-41],[-66,-23],[-14,86]],[[183350,384752],[23,-23],[-24,-56],[-66,30],[-6,29],[40,46],[33,-26]],[[169014,381678],[-66,21],[-45,108],[15,38],[50,52],[36,16],[73,-12],[33,-31],[21,-77],[-29,-83],[-88,-32]],[[157794,371944],[-44,66],[48,16],[24,-42],[-2,-50],[32,-19],[49,8],[29,-42],[-32,-33],[-29,25],[-67,12],[-23,19],[15,40]],[[157878,372593],[-48,8],[-17,20],[44,36],[52,-9],[-4,-45],[-27,-10]],[[163044,376949],[17,90],[34,-13],[-17,-76],[-34,-1]],[[162961,375793],[-19,26],[15,48],[63,6],[10,-62],[-37,-32],[-32,14]],[[149199,359192],[6,-60],[-16,-21],[-85,-45],[-35,4],[-37,73],[-59,48],[8,51],[-1,110],[9,38],[71,-15],[57,-45],[50,-54],[32,-84]],[[180141,381240],[-1,79],[-39,17],[-27,69],[51,109],[31,-8],[-26,-97],[8,-44],[43,-34],[108,-47],[-1,-33],[-105,-25],[-42,14]],[[179688,385492],[28,-84],[-32,0],[-45,-48],[-40,13],[-50,46],[-50,18],[-42,-27],[-28,-38],[-91,-2],[-31,67],[-38,51],[-58,59],[-21,86],[42,76],[15,45],[-32,60],[0,48],[77,-8],[128,41],[57,-12],[57,-76],[37,-12],[65,5],[33,29],[72,6],[64,-8],[131,-51],[48,-48],[53,-38],[101,-52],[46,-9],[119,23],[36,-8],[-2,-48],[57,-47],[27,6],[16,-44],[31,-4],[17,48],[77,36],[41,-19],[38,7],[-5,-85],[71,-53],[24,-51],[-27,-44],[-48,-30],[-28,1],[-48,-31],[-28,35],[-44,21],[-13,25],[-53,40],[-35,73],[-54,6],[-102,-23],[-97,0],[-29,-25],[-44,9],[-142,-30],[-14,21],[47,26],[61,-1],[25,19],[2,33],[-24,45],[-56,20],[-16,-61],[-57,4],[-18,-12],[-46,53],[-17,-49],[-37,15],[-21,30],[-80,-68]],[[158608,370324],[-31,21],[-2,39],[71,16],[41,-1],[6,39],[-63,-9],[15,65],[-12,16],[76,102],[3,23],[40,53],[55,32],[23,-1],[38,-41],[-15,-58],[-29,-31],[1,-80],[-51,-79],[-16,-49],[-22,-13],[-15,-52],[-52,-8],[-15,-25],[-46,41]],[[164735,377156],[-27,18],[6,33],[51,48],[42,-32],[-17,-39],[-55,-28]],[[162638,370029],[-61,-9],[-29,28],[-45,-5],[0,-28],[-30,-27],[-80,-10],[-17,32],[29,27],[-3,71],[10,46],[34,28],[29,-6],[29,-34],[35,65],[50,36],[50,4],[27,-22],[20,-53],[40,-26],[-24,-87],[-47,15],[-17,-45]],[[162656,376129],[20,-29],[59,-19],[-8,-86],[81,-34],[76,-72],[13,-23],[-75,-26],[-9,-19],[-61,-25],[-29,-29],[-39,9],[-64,-24],[8,51],[-54,51],[-20,59],[-40,6],[-21,23],[-62,-46],[23,-25],[1,-81],[-32,15],[-19,-31],[35,-51],[-32,-14],[-25,-45],[-70,-25],[-57,29],[-58,-18],[-37,44],[-33,-5],[-61,55],[41,76],[28,-14],[38,22],[8,41],[54,-34],[0,49],[49,59],[30,-18],[33,14],[35,63],[-6,36],[46,48],[10,34],[72,13],[93,97],[17,-57],[42,-44]],[[157910,367754],[-10,27],[98,92],[30,9],[27,-52],[-33,-35],[-112,-41]],[[158097,372389],[-55,53],[25,35],[38,-6],[38,-57],[-14,-38],[-32,13]],[[168795,379578],[-39,0],[-37,28],[20,67],[58,-20],[32,-68],[-34,-7]],[[158305,368163],[-21,21],[16,46],[56,-2],[0,-34],[-51,-31]],[[158374,372541],[-44,41],[-9,64],[37,45],[47,-74],[-13,-66],[-18,-10]],[[162904,377873],[-40,65],[17,12],[32,-66],[-9,-11]],[[162814,370135],[-19,35],[26,17],[36,-45],[-43,-7]],[[148625,358885],[-85,58],[-58,58],[-2,70],[24,60],[19,-7],[4,-74],[17,-23],[51,-21],[43,-42],[7,-67],[-20,-12]],[[148664,366895],[22,52],[138,13],[39,14],[2,-47],[40,-38],[-86,-4],[-37,17],[-118,-7]],[[148940,359037],[-2,82],[28,46],[35,-7],[78,-127],[-24,-50],[-50,-26],[-65,82]],[[149096,367131],[27,24],[66,19],[15,-96],[-62,-28],[-34,40],[-100,26],[-15,27],[39,24],[25,-32],[39,-4]],[[181861,384813],[-6,42],[-36,26],[-8,31],[40,20],[34,-16],[-9,-79],[26,-68],[-38,7],[-3,37]],[[181698,385060],[16,-79],[38,-35],[-17,-37],[-57,-39],[3,-39],[-55,-93],[-47,4],[-11,-53],[-38,-19],[-34,30],[52,46],[37,78],[7,51],[-10,45],[14,56],[102,84]],[[154347,367058],[10,67],[32,-19],[-42,-48]],[[180519,384812],[-28,51],[-43,12],[-31,40],[36,67],[35,18],[37,-68],[56,-32],[3,-42],[-30,-39],[-35,-7]],[[158473,377435],[-71,14],[-19,17],[21,36],[49,-18],[20,-49]],[[168282,379414],[45,-3],[32,-26],[-13,-47],[4,-51],[-35,-28],[-107,24],[-11,112],[8,23],[66,19],[11,-23]],[[161725,371822],[19,-58],[-1,-55],[-35,11],[-23,44],[2,42],[38,16]],[[161764,373152],[35,1],[16,-95],[0,-57],[48,-38],[7,-42],[-40,-61],[-56,44],[-37,46],[11,33],[-35,30],[7,31],[-26,23],[70,85]],[[162751,377953],[4,-84],[-38,41],[-44,73],[16,29],[49,6],[13,-65]],[[209167,374197],[-27,57],[75,-3],[-20,-54],[-28,0]],[[150080,366553],[38,30],[93,-27],[24,-79],[-37,-38],[-23,58],[-65,23],[-30,33]],[[150407,366533],[-38,53],[36,16],[25,-31],[-23,-38]],[[154481,360858],[44,75],[43,46],[79,53],[150,38],[30,-14],[-63,-91],[-33,-35],[-93,-32],[-90,-13],[-67,-27]],[[154506,366406],[-34,61],[13,38],[78,-32],[8,-41],[-12,-38],[-53,12]],[[158562,370277],[-25,10],[-12,41],[52,-13],[-15,-38]],[[168161,381858],[27,13],[-4,47],[26,29],[29,-35],[-45,-73],[-66,-33],[-33,32],[66,20]],[[168052,381667],[-19,51],[48,47],[21,-53],[-50,-45]],[[168037,382124],[-1,83],[34,-24],[0,-45],[-33,-14]],[[158743,366539],[-40,39],[1,37],[26,27],[12,49],[132,55],[40,40],[115,34],[30,42],[65,-5],[38,-37],[7,-46],[-17,-41],[-77,-40],[-37,16],[-193,-133],[-70,-12],[-32,-25]],[[168019,376313],[-32,53],[14,31],[49,5],[-8,-62],[-23,-27]],[[161865,375375],[49,53],[15,-31],[-64,-22]],[[162665,378635],[71,80],[15,30],[-30,18],[-31,-32],[-72,12],[4,54],[85,24],[13,35],[70,-51],[24,13],[-6,37],[31,7],[43,-52],[72,3],[2,-29],[-24,-35],[0,-39],[-25,-29],[-56,-10],[-54,-38],[-23,6],[-109,-4]],[[202954,374466],[10,25],[-33,25],[-25,66],[-65,51],[7,47],[108,-27],[77,13],[23,-34],[40,-13],[39,-34],[37,7],[148,-142],[41,-77],[-42,16],[-69,5],[-14,-30],[-45,-11],[-20,26],[-47,0],[-29,-52],[-42,-12],[-58,33],[-46,54],[5,64]],[[151046,366375],[3,-39],[-34,-37],[45,-34],[6,-33],[47,-20],[-99,-21],[44,-55],[-57,-31],[-34,41],[-68,24],[-52,64],[-94,54],[-27,50],[-83,37],[45,24],[4,73],[80,9],[12,71],[47,40],[66,-47],[-3,-20],[122,-5],[37,-56],[-7,-89]],[[150698,359465],[-5,62],[13,41],[30,0],[-5,-49],[-33,-54]],[[204826,372606],[-29,111],[14,59],[26,27],[60,-71],[58,-50],[74,-44],[84,-76],[71,-112],[8,-81],[-62,-161],[-23,-30],[-173,199],[-67,112],[-41,117]],[[204663,372875],[-69,113],[14,31],[55,-33],[84,-76],[43,-74],[1,-34],[-43,-67],[-45,85],[-40,55]],[[151255,368165],[-11,137],[39,16],[39,-31],[25,3],[36,-38],[25,-156],[-11,-69],[-55,-7],[-35,59],[15,34],[18,111],[-46,-50],[-39,-9]],[[180340,385689],[-4,25],[56,32],[47,-11],[-32,-39],[-67,-7]],[[158898,370183],[6,54],[-59,133],[-24,-50],[-33,19],[13,51],[58,55],[35,93],[50,32],[-14,51],[32,88],[34,21],[67,-2],[34,-99],[74,-94],[-10,-94],[-40,-53],[-38,-22],[-43,-70],[-21,-114],[-29,-52],[-55,-57],[-63,-44],[-49,-19],[-32,5],[-29,-39],[-20,51],[23,23],[0,54],[67,47],[31,64],[35,-32]],[[159077,378775],[-72,78],[10,42],[47,67],[-13,38],[-32,33],[-60,-31],[-41,33],[31,23],[32,53],[-9,36],[74,38],[33,-12],[12,-55],[78,-75],[9,-62],[-40,-24],[-23,-35],[10,-51],[-18,-42],[36,-95],[-46,9],[-18,32]],[[167656,384670],[-4,48],[17,70],[-57,40],[3,48],[-24,68],[20,37],[13,74],[63,5],[45,-15],[7,-71],[-35,-13],[16,-81],[38,-24],[90,27],[20,-28],[4,-58],[-39,-13],[-30,-34],[-76,-7],[-71,-73]],[[161946,371963],[-2,28],[38,33],[42,-4],[9,-43],[25,-8],[52,-70],[-14,-41],[-43,-38],[42,-26],[-47,-52],[-13,-57],[-63,-14],[-67,64],[-72,0],[19,38],[27,7],[-6,47],[61,43],[-3,34],[28,25],[-13,34]],[[162494,378663],[-4,80],[14,83],[31,-30],[-4,-35],[58,-49],[-3,-48],[-29,-45],[-33,-8],[-28,22],[-2,30]],[[162444,378436],[-22,45],[46,47],[23,43],[29,-29],[4,-32],[-34,-49],[-46,-25]],[[200633,369224],[-15,10],[-6,63],[-26,45],[-58,66],[9,40],[-11,88],[-47,60],[-23,85],[19,58],[-5,57],[28,48],[44,22],[45,76],[17,76],[-36,111],[0,49],[31,28],[18,140],[28,83],[-3,72],[-35,77],[-37,49],[22,45],[0,52],[69,0],[89,-82],[127,-6],[65,-36],[37,-38],[27,-52],[-11,-51],[-6,-122],[29,-138],[56,-144],[35,-62],[103,-121],[135,-111],[107,-47],[94,-78],[52,-81],[16,-144],[-46,-83],[-52,-181],[-8,-85],[18,-135],[43,-134],[1,-25],[-37,-19],[-113,73],[-201,154],[-117,70],[-139,63],[-155,48],[-91,44],[-86,23]],[[88179,120984],[-70,40],[7,42],[96,-66],[93,-36],[-15,-30],[-90,3],[-21,47]],[[151339,366779],[-5,86],[15,21],[54,-22],[40,-58],[-104,-27]],[[151467,364347],[-23,37],[4,49],[62,-29],[6,-33],[-49,-24]],[[151465,364213],[-21,27],[6,68],[28,9],[-1,-92],[-12,-12]],[[151481,367917],[-5,39],[57,21],[58,-5],[-3,-29],[-107,-26]],[[151572,368452],[3,47],[70,49],[83,12],[-6,-38],[-130,-50],[-20,-20]],[[154689,368997],[-26,12],[-6,64],[14,16],[-6,66],[77,-5],[18,-83],[-23,-49],[-48,-21]],[[158991,368730],[-72,20],[-14,31],[19,63],[71,20],[18,-11],[-22,-123]],[[167382,382566],[-23,-32],[1,-46],[-42,5],[37,83],[27,-10]],[[159082,378378],[17,55],[-18,62],[-70,15],[35,64],[49,-14],[28,13],[43,76],[23,-41],[76,-59],[36,-141],[-26,-21],[-84,-21],[-63,-32],[-55,-42],[-31,34],[40,52]],[[159081,374931],[-63,62],[37,5],[26,-67]],[[166700,382766],[-43,0],[-15,33],[5,46],[57,39],[24,-15],[41,-60],[-69,-43]],[[159058,368811],[-17,76],[12,39],[38,13],[25,-25],[-1,-39],[-28,-47],[-29,-17]],[[162381,372378],[-23,30],[-33,12],[26,92],[37,-10],[12,-69],[-19,-55]],[[162094,375485],[-35,56],[20,46],[41,-43],[4,-25],[-30,-34]],[[162066,371460],[5,35],[46,7],[-21,-46],[-30,4]],[[201450,368612],[-4,-83],[-17,-12],[-90,80],[-83,63],[-74,77],[-139,112],[-74,73],[33,16],[59,-4],[78,-25],[163,-95],[48,-34],[71,-66],[23,-57],[6,-45]],[[87840,121000],[88,34],[40,-18],[-37,-30],[-52,14],[-13,-40],[-86,-9],[-14,37],[74,12]],[[151615,364154],[-41,46],[-6,37],[36,28],[34,-7],[27,-32],[8,-54],[-53,10],[-5,-28]],[[151746,368107],[2,76],[43,28],[51,-17],[-46,-29],[-50,-58]],[[155041,371961],[9,-55],[-27,-13],[-69,5],[-56,48],[-46,54],[14,54],[28,12],[57,-23],[35,12],[43,-28],[12,-66]],[[155013,367686],[-47,21],[44,27],[3,-48]],[[178543,384712],[10,-63],[-55,-10],[45,73]],[[177487,384178],[0,61],[-57,77],[-67,13],[-17,64],[95,54],[14,28],[76,22],[41,-58],[63,-47],[67,-15],[88,-49],[66,10],[35,-28],[-21,-84],[-70,-39],[-31,-88],[-6,-48],[-63,-27],[-66,-3],[-74,77],[-7,24],[-48,27],[-18,29]],[[159260,377336],[-38,23],[-24,57],[-46,-14],[29,-35],[-21,-25],[-66,76],[37,52],[-12,87],[-32,1],[-19,33],[84,41],[16,42],[-4,67],[52,8],[26,27],[-22,95],[17,36],[48,-13],[-15,-90],[38,-57],[0,-29],[43,-55],[-29,-53],[31,-6],[0,-67],[15,-43],[-55,-61],[-37,-3],[-3,-67],[-13,-27]],[[159181,377981],[-15,45],[5,85],[27,-21],[-6,-95],[-11,-14]],[[159671,367073],[18,50],[65,-29],[71,-20],[25,-69],[-45,-79],[-19,-61],[0,-38],[-49,-70],[-6,-44],[-50,-70],[-31,-78],[-24,-88],[-44,-57],[-29,-16],[-80,-16],[-79,13],[-72,-6],[-18,35],[-44,27],[-20,60],[3,41],[37,91],[64,60],[89,47],[129,170],[10,65],[65,72],[34,10]],[[159343,377917],[-18,19],[55,32],[3,78],[60,7],[17,-21],[-70,-106],[-47,-9]],[[165960,377571],[-47,13],[-44,44],[64,71],[51,-3],[35,16],[15,-28],[-67,-56],[41,-14],[-23,-42],[-25,-1]],[[162161,380103],[-15,35],[42,116],[21,16],[37,90],[-4,53],[41,55],[38,-35],[0,-31],[51,-41],[19,-70],[-14,-59],[-80,-73],[-39,-3],[-72,-48],[-25,-5]],[[196841,378174],[-19,87],[12,18],[52,0],[19,21],[78,25],[28,54],[11,100],[-7,51],[53,50],[85,12],[32,-44],[65,-9],[28,-36],[-5,-59],[13,-44],[3,-83],[13,-75],[-37,-23],[-50,-12],[1,-30],[-69,5],[-8,-51],[-37,-40],[-15,-41],[-42,-24],[-47,-50],[-51,11],[-32,26],[-45,72],[-29,89]],[[196467,379292],[-29,44],[-58,60],[16,115],[-12,39],[49,6],[23,54],[29,-59],[101,-54],[34,-65],[-81,11],[35,-72],[-38,-30],[-16,-34],[-53,-15]],[[195402,380764],[-38,40],[-42,9],[27,44],[30,-30],[54,7],[16,-60],[-47,-10]],[[152134,360206],[-21,38],[1,54],[-30,51],[-3,91],[58,29],[23,-49],[15,-107],[2,-79],[-20,-55],[33,-54],[-42,-14],[-22,59],[6,36]],[[152126,358806],[17,51],[26,33],[-36,105],[20,28],[-28,37],[-1,67],[34,22],[12,74],[29,18],[-3,76],[23,49],[-48,4],[27,103],[-45,0],[-1,52],[33,22],[20,-27],[42,-6],[15,48],[-2,53],[-17,40],[45,8],[62,-115],[-16,-80],[-22,-38],[45,-54],[-12,-70],[16,-146],[-32,-98],[-57,43],[3,-55],[-47,-78],[-19,-77],[5,-54],[-23,-77],[2,-110],[-11,-38],[-75,-83],[-13,5],[19,87],[15,134],[-2,47]],[[152184,366193],[-23,9],[8,44],[28,-3],[-13,-50]],[[155103,369245],[-75,27],[28,21],[47,-48]],[[176615,385600],[-13,33],[-56,40],[-10,33],[22,24],[25,71],[-17,32],[-3,54],[57,-16],[36,-55],[75,-43],[43,-141],[-45,-7],[-1,-79],[-23,-23],[-51,71],[-39,6]],[[165857,379632],[-3,36],[62,-12],[-11,-23],[-48,-1]],[[165868,377880],[-34,3],[-4,53],[44,14],[26,-62],[-32,-8]],[[159441,365582],[-22,40],[85,59],[39,-4],[-10,-55],[-35,-31],[-57,-9]],[[159475,368511],[-31,34],[-3,61],[78,41],[31,-14],[35,-56],[-10,-58],[-58,-31],[-42,23]],[[159520,377221],[-17,42],[37,58],[35,-23],[-55,-39],[0,-38]],[[195050,381080],[100,76],[48,-2],[15,-41],[-57,-53],[-18,-47],[-31,11],[-18,-31],[-47,17],[-26,50],[34,20]],[[193291,382732],[-30,29],[8,26],[44,-7],[13,-50],[-35,2]],[[152189,357994],[8,76],[37,67],[35,86],[3,102],[20,20],[37,-33],[45,-18],[7,-42],[-37,-110],[-36,-20],[-36,-48],[-31,-90],[-32,-34],[-20,44]],[[152463,358577],[1,32],[-33,11],[2,35],[46,16],[49,96],[50,-16],[-14,-72],[-23,-38],[-78,-64]],[[176332,381956],[0,47],[50,44],[29,61],[69,-10],[31,-49],[-52,-47],[-63,13],[-64,-59]],[[176158,385065],[28,31],[24,-44],[42,-18],[-1,-32],[68,-7],[11,-15],[73,-7],[55,-56],[-43,-24],[-58,-8],[-41,-20],[-29,11],[-40,71],[-51,12],[11,66],[-49,40]],[[175713,382076],[-58,39],[-43,58],[8,67],[73,-5],[0,41],[87,-26],[-10,-33],[4,-96],[-61,-45]],[[155334,371821],[-52,26],[2,41],[-51,0],[-54,97],[6,63],[40,8],[40,-30],[3,-37],[42,-50],[-4,-32],[28,-57],[0,-29]],[[165292,376514],[-72,49],[34,41],[38,-90]],[[159669,371639],[-30,9],[-17,34],[22,26],[38,-29],[-13,-40]],[[165238,369509],[-40,1],[-22,26],[71,14],[99,0],[2,-28],[-110,-13]],[[165120,376895],[-30,40],[46,40],[10,-65],[-26,-15]],[[165202,376827],[-4,-44],[24,-41],[-16,-70],[-59,-39],[-42,7],[-25,41],[46,48],[38,102],[38,-4]],[[159756,373669],[-15,21],[45,91],[39,-29],[-69,-83]],[[148737,359359],[83,9],[36,-13],[21,-43],[10,-99],[-17,-50],[50,-83],[20,-124],[23,-32],[73,-16],[49,35],[90,41],[36,-5],[41,-34],[18,-58],[9,-149],[-40,-35],[-122,33],[-96,7],[-148,23],[-45,20],[-31,44],[-40,92],[-6,68],[-27,68],[-34,44],[-5,63],[-45,61],[-20,88],[31,-1],[32,97],[54,-51]],[[149402,367070],[8,48],[46,-33],[-54,-15]],[[150372,366956],[-24,32],[48,71],[64,-6],[-23,-48],[-41,2],[-24,-51]],[[202436,367168],[-25,55],[1,38],[59,-15],[98,-67],[27,-52],[28,-84],[8,-60],[27,-82],[-44,13],[-62,42],[-66,57],[-26,36],[-25,119]],[[202263,367461],[-85,105],[-10,40],[56,4],[28,-12],[113,-89],[75,-77],[19,-34],[-29,-37],[-73,27],[-94,73]],[[200313,369029],[21,69],[33,27],[61,-33],[30,-47],[-3,-43],[-36,-55],[-45,-170],[-71,-57],[-50,13],[15,62],[-5,57],[49,112],[1,65]],[[200177,368192],[4,50],[23,36],[75,25],[33,-15],[-135,-96]],[[200307,367753],[8,38],[32,26],[64,-30],[-67,-50],[-37,16]],[[152611,365240],[-9,7],[21,86],[51,37],[47,54],[37,-20],[25,-54],[-63,-59],[-38,-3],[-71,-48]],[[152676,368510],[-17,7],[-39,71],[52,40],[40,-22],[0,-90],[-36,-6]],[[152748,367547],[-14,16],[-63,4],[46,38],[46,12],[19,-16],[-34,-54]],[[152680,368256],[20,51],[26,-19],[-46,-32]],[[174706,384631],[-35,3],[-50,45],[-11,38],[51,29],[96,76],[30,32],[-4,55],[27,26],[14,62],[41,3],[-3,39],[142,70],[63,-2],[24,-45],[25,-13],[16,-53],[-50,-42],[-64,-68],[-76,-25],[-28,-19],[-8,-39],[-56,-59],[-40,-4],[-104,-109]],[[174575,387367],[2,-74],[-29,-19],[-24,24],[-42,119],[49,33],[44,-83]],[[155648,372903],[-29,26],[17,24],[-17,52],[-29,8],[17,52],[101,-52],[52,3],[70,42],[15,-35],[-51,-23],[-42,-1],[-47,-28],[-57,-68]],[[155666,372426],[5,54],[44,-25],[-49,-29]],[[165016,378856],[-30,35],[26,40],[57,1],[-1,-29],[-52,-47]],[[164939,369436],[20,48],[38,6],[51,-13],[-3,-25],[-106,-16]],[[159889,369048],[-3,31],[42,38],[33,-23],[-23,-27],[-49,-19]],[[159946,367143],[-45,26],[42,50],[2,40],[82,25],[43,-30],[-15,-98],[-23,-57],[-86,44]],[[150688,366556],[-26,43],[46,38],[37,-16],[74,39],[1,-38],[-50,-54],[-82,-12]],[[152318,358706],[-5,61],[17,14],[66,3],[-22,-35],[-56,-43]],[[152395,358404],[-21,80],[40,35],[42,-4],[8,-64],[-69,-47]],[[202529,367606],[53,-40],[7,-24],[-30,-35],[-60,15],[-84,102],[-16,35],[130,-53]],[[202535,367424],[16,13],[60,-23],[45,-32],[54,-78],[28,-61],[20,-83],[-65,41],[-113,126],[-45,97]],[[202700,367169],[61,-24],[1,-73],[-22,-19],[-40,116]],[[152835,368387],[-16,28],[-39,19],[-30,43],[-2,33],[37,30],[37,4],[38,55],[39,-6],[44,-75],[40,-3],[4,-47],[-37,-51],[-52,-53],[-31,35],[-32,-12]],[[152999,368227],[-32,45],[64,44],[29,-20],[-4,-50],[-57,-19]],[[155847,373119],[-20,29],[20,37],[65,29],[-31,-69],[-34,-26]],[[155883,372349],[-32,20],[17,51],[48,10],[73,-19],[54,42],[8,-41],[-37,-79],[-40,-4],[-12,-87],[6,-35],[-20,-37],[15,-44],[-20,-58],[-8,-60],[-57,43],[24,44],[-2,46],[-37,103],[34,80],[-14,25]],[[156046,370800],[-21,34],[78,2],[-3,-28],[-42,-37],[-12,29]],[[164809,379132],[-15,52],[63,-33],[-48,-19]],[[160603,375907],[-20,25],[9,87],[48,-11],[-37,-101]],[[164735,379724],[-33,73],[-2,53],[71,7],[24,-35],[4,-52],[-27,-52],[-37,6]],[[164693,379402],[-35,31],[18,24],[70,23],[0,-29],[-53,-49]],[[154014,358843],[-31,18],[34,62],[33,-34],[0,-31],[-36,-15]],[[180747,385830],[-67,56],[-8,81],[92,86],[54,15],[42,-51],[-3,-35],[-26,-76],[14,-30],[59,-38],[40,3],[-8,-70],[-33,-12],[-46,41],[-41,-22],[-28,-62],[-50,-18],[-8,32],[17,100]],[[180171,381433],[20,20],[10,79],[-46,70],[23,4],[73,-43],[40,-3],[13,-66],[81,-120],[3,-25],[-48,-73],[-55,29],[-85,26],[-35,39],[6,63]],[[176565,385146],[-1,51],[-44,90],[42,57],[-4,48],[82,55],[48,4],[31,-15],[14,-70],[-2,-104],[-55,-60],[2,-45],[-38,6],[-47,-45],[-28,28]],[[176638,385094],[52,13],[15,-40],[49,-59],[46,-101],[-35,-5],[-26,-32],[-2,-40],[-68,-145],[24,-15],[-41,-41],[-36,9],[-58,-46],[-46,11],[24,41],[9,53],[-33,79],[43,46],[6,53],[28,60],[-25,48],[46,29],[28,82]],[[155386,372032],[-37,15],[-38,56],[25,36],[37,-9],[24,-67],[-11,-31]],[[156012,371878],[-12,53],[16,30],[-1,48],[76,-37],[66,47],[46,-35],[24,-159],[-89,-16],[-12,58],[-46,17],[-68,-6]],[[153906,358966],[-34,-33],[-30,28],[-65,26],[-34,-35],[-46,-3],[-91,-40],[-33,-35],[5,-45],[-49,-42],[-43,6],[-65,-40],[-65,14],[-43,-8],[-58,33],[-39,-31],[-26,31],[58,123],[73,98],[64,146],[97,36],[98,55],[40,1],[28,34],[54,35],[55,20],[-51,62],[36,86],[64,3],[36,-71],[28,7],[19,48],[70,30],[27,45],[37,4],[24,-50],[-6,-34],[-48,-47],[-35,-78],[64,13],[26,-30],[-19,-91],[-40,-33],[-9,-49],[-51,-41],[-11,-24],[26,-38],[-56,-32],[18,-54]],[[153216,369776],[17,50],[37,-3],[-2,-37],[-52,-10]],[[153242,368157],[-37,37],[38,25],[54,73],[29,-8],[26,34],[29,-22],[14,-36],[-12,-29],[-43,-28],[-98,-46]],[[189335,386470],[-47,5],[-20,31],[49,32],[58,-1],[76,-26],[-116,-41]],[[187820,385474],[56,26],[25,62],[-55,67],[66,49],[46,-55],[47,-97],[52,-32],[14,-69],[-18,-26],[-50,0],[-33,32],[-67,-4],[-28,36],[-55,11]],[[173224,381529],[-1,-32],[-53,-14],[-20,58],[21,15],[53,-27]],[[156343,373090],[-40,14],[0,49],[39,-10],[1,-53]],[[156417,372041],[-8,-51],[5,-62],[49,-33],[-55,-44],[-26,16],[-29,86],[-1,56],[28,54],[37,-22]],[[156470,371046],[33,-27],[47,24],[-8,45],[20,34],[35,-40],[1,-23],[-38,-64],[-2,-32],[-72,-138],[-49,7],[-38,-38],[-40,82],[43,48],[23,69],[-51,28],[46,68],[33,8],[17,-51]],[[160750,371137],[-34,24],[20,27],[83,-12],[-69,-39]],[[164603,377008],[-3,-40],[-58,-2],[11,48],[50,-6]],[[164416,379818],[-34,-21],[-8,55],[26,7],[16,-41]],[[164291,369611],[-50,37],[22,15],[158,-69],[-20,-34],[-69,17],[-41,34]],[[172681,380527],[0,-72],[-35,-55],[4,-34],[-33,-84],[41,-47],[38,-1],[40,-27],[66,-4],[65,85],[72,-86],[2,-29],[64,-15],[83,-40],[49,-54],[30,-73],[14,-59],[-7,-58],[-45,-61],[-41,-9],[-46,23],[-101,114],[-33,4],[-35,-19],[-23,-112],[6,-38],[-6,-114],[14,-48],[-50,-13],[-33,20],[-12,34],[-50,15],[4,30],[-47,32],[-35,-6],[-73,33],[-39,54],[-40,-2],[-14,25],[37,104],[27,21],[-27,97],[-31,19],[-72,11],[-42,34],[3,64],[24,32],[39,9],[30,41],[-30,74],[-49,80],[64,37],[46,0],[187,68]],[[172502,379306],[-52,-15],[-92,13],[-22,-29],[20,-55],[27,-28],[-27,-46],[-22,30],[-46,9],[-46,-63],[-62,39],[35,47],[0,64],[24,21],[22,49],[-5,40],[48,34],[35,47],[98,44],[58,-26],[1,-89],[-8,-63],[14,-23]],[[171905,379819],[52,0],[66,29],[-18,48],[-38,10],[-20,53],[81,48],[30,-14],[37,-75],[29,-32],[-2,-130],[54,-68],[-28,-18],[-45,6],[-65,-41],[-5,-35],[-50,-64],[33,-61],[-33,-96],[7,-44],[-84,-78],[-37,-79],[-38,-31],[-43,-3],[-50,19],[-21,68],[-35,65],[-127,24],[26,30],[96,-23],[41,23],[26,50],[68,43],[-8,19],[-61,-1],[-40,47],[39,37],[85,16],[44,117],[20,26],[-12,79],[-62,38],[3,14],[85,-16]],[[200439,371193],[23,20],[67,-14],[-7,-20],[-70,-13],[-13,27]],[[153509,364846],[-5,87],[60,3],[-9,-52],[-46,-38]],[[153686,367812],[-48,82],[17,49],[20,5],[69,-76],[-6,-42],[36,-9],[-68,-46],[-20,37]],[[156751,368377],[-22,0],[-33,46],[-68,22],[3,-64],[-31,13],[-50,-15],[-34,25],[15,63],[127,53],[9,40],[63,59],[42,-26],[31,-61],[-8,-33],[36,-43],[-13,-63],[-46,29],[-21,-45]],[[172600,379651],[-52,60],[73,2],[14,-19],[-35,-43]],[[156556,371145],[-39,28],[23,23],[59,-20],[-43,-31]],[[172573,384426],[-36,12],[31,61],[36,-13],[3,-27],[-34,-33]],[[156844,368180],[-16,60],[29,52],[51,-20],[-22,-29],[14,-25],[60,-10],[43,-47],[26,19],[25,-58],[32,20],[43,-17],[3,57],[20,16],[59,-17],[33,-28],[30,-52],[84,-6],[46,-25],[14,-51],[70,-77],[-20,-86],[-67,-54],[-5,-50],[-21,-48],[-57,33],[12,-55],[-53,-50],[-69,0],[-60,-69],[-58,16],[-22,-52],[-142,-69],[0,-51],[-48,-24],[25,-36],[-65,4],[-100,68],[-57,58],[-33,12],[-39,51],[15,82],[54,73],[-47,99],[3,92],[23,35],[36,-19],[47,33],[41,99],[-14,46],[24,78],[22,29],[31,-7]],[[164046,370950],[-4,35],[28,46],[-10,33],[55,47],[85,14],[10,-22],[-26,-47],[-24,-15],[20,-51],[-42,-120],[-44,-4],[-39,22],[8,43],[-17,19]],[[163994,370243],[62,14],[13,55],[48,13],[86,-106],[-78,-29],[10,-30],[-46,-21],[-133,16],[5,48],[-21,27],[54,13]],[[161120,375580],[-39,57],[25,22],[31,-54],[-17,-25]],[[163873,377685],[-41,-1],[-5,51],[26,31],[68,1],[-4,-41],[-39,5],[-5,-46]],[[163920,378872],[-39,33],[-53,-13],[-5,29],[64,4],[33,-53]],[[157440,367373],[-54,52],[20,41],[37,38],[38,5],[3,43],[29,40],[56,-51],[-9,-37],[-38,-46],[35,-31],[-38,-60],[20,-48],[16,-77],[-19,-29],[-35,18],[-54,-17],[-62,7],[-20,-34],[-53,-12],[-48,35],[51,46],[72,20],[23,40],[38,16],[-8,41]],[[157607,370953],[-15,-30],[-74,56],[-15,-36],[3,-58],[-40,-9],[-17,-27],[-83,60],[-29,45],[47,27],[-9,32],[89,30],[18,37],[39,28],[50,-13],[13,-44],[-30,-28],[-2,-41],[55,-29]],[[158196,370977],[21,74],[47,24],[9,45],[-81,73],[-48,-3],[-25,-54],[-53,-2],[-46,50],[26,53],[64,79],[49,-7],[74,9],[-28,39],[5,37],[87,27],[-1,39],[33,43],[-56,13],[-61,-19],[-29,-30],[-57,-29],[-57,31],[3,-57],[-66,-62],[-34,-51],[-40,25],[22,27],[-17,57],[-51,-72],[-9,-85],[-68,-59],[-15,24],[10,54],[25,35],[-30,97],[-51,6],[10,49],[64,15],[14,29],[-10,54],[-42,-19],[-9,31],[45,13],[37,47],[33,22],[-5,64],[51,-16],[49,58],[28,-3],[21,-36],[-8,-70],[-22,-24],[21,-45],[46,-3],[46,27],[49,-17],[48,5],[100,48],[29,83],[-10,25],[17,106],[96,57],[-11,33],[-49,50],[-70,15],[-26,-6],[0,70],[-50,92],[37,92],[77,-21],[53,-53],[-41,-37],[27,-59],[21,-79],[49,-33],[-16,-25],[48,-28],[34,20],[27,-15],[-9,-46],[12,-44],[-47,-80],[57,-51],[52,15],[38,-20],[-74,-57],[-24,-36],[-15,-77],[47,-59],[20,-40],[-3,-34],[-55,-50],[-2,-23],[-49,-67],[-39,-37],[-20,-51],[17,-26],[75,51],[23,-32],[-23,-38],[5,-64],[26,-7],[46,64],[6,44],[30,35],[77,3],[17,21],[43,-12],[32,-44],[-93,-52],[-20,-33],[-41,-29],[-15,-41],[11,-57],[29,-52],[38,-17],[95,1],[2,-45],[-83,-66],[-62,-89],[-51,14],[3,-45],[-39,-31],[-28,8],[3,70],[33,43],[-47,5],[-51,24],[-12,47],[-25,12],[-36,-60],[-31,-9],[-52,46],[13,40],[-35,44],[-64,-15],[2,57],[-21,26],[-46,19]],[[168840,378007],[-9,105],[-14,72],[31,61],[-3,63],[72,29],[42,35],[-48,41],[-22,59],[34,40],[25,75],[0,53],[-46,112],[22,73],[26,-3],[24,57],[48,19],[75,-25],[38,6],[62,-47],[49,20],[74,-63],[-2,-75],[-48,-32],[-61,1],[-24,-41],[-54,11],[8,-44],[53,-67],[-13,-13],[1,-79],[20,-41],[53,7],[15,-19],[-15,-67],[50,-1],[13,48],[29,6],[10,-49],[-85,-49],[47,-23],[15,-32],[-66,-91],[-87,-17],[-28,-18],[-64,-91],[-41,8],[-70,-12],[-103,-34],[-33,32]],[[153721,367997],[-7,25],[33,22],[34,-19],[-60,-28]],[[153838,367855],[-8,29],[29,57],[42,16],[28,-9],[-91,-93]],[[172680,381124],[62,96],[43,4],[21,36],[67,-3],[31,-31],[69,5],[17,-27],[111,-26],[23,-41],[-85,-38],[12,-30],[-43,-34],[-30,6],[-98,-35],[-40,32],[-85,-28],[-31,14],[-71,-61],[-94,55],[-65,-16],[-10,50],[75,52],[21,-7],[100,27]],[[156714,371031],[-29,62],[40,39],[34,-39],[1,-25],[-46,-37]],[[172358,378399],[-29,47],[18,48],[31,35],[87,22],[52,-2],[63,-36],[47,-10],[-27,-58],[-48,-39],[-104,-41],[-37,5],[-53,29]],[[172487,380014],[-3,-34],[-36,-68],[-57,-17],[-55,-86],[-21,38],[-43,-44],[-22,1],[-32,43],[34,83],[116,59],[40,33],[61,11],[18,-19]],[[156890,368553],[-13,35],[14,70],[37,10],[11,-29],[-26,-72],[-23,-14]],[[163796,377515],[-28,21],[25,55],[38,-13],[41,-65],[-76,2]],[[163786,369894],[-52,48],[-13,87],[38,56],[55,-51],[-10,-73],[25,-68],[-43,1]],[[163606,376983],[-9,34],[15,41],[61,-57],[3,36],[49,-18],[-8,-42],[-35,-19],[-46,31],[-30,-6]],[[161255,373731],[-19,18],[-13,67],[90,67],[3,-69],[-32,-58],[-29,-25]],[[168630,382309],[-39,22],[-23,44],[-38,-12],[30,70],[-7,52],[23,69],[-24,128],[-32,9],[-23,83],[41,-19],[17,-63],[38,-11],[18,-27],[48,15],[-13,-91],[14,-32],[-9,-49],[27,-79],[-32,-95],[-16,-14]],[[168350,382038],[34,-45],[-17,-80],[12,-31],[-73,9],[1,35],[-29,38],[-70,34],[2,39],[30,28],[46,3],[31,27],[35,-10],[-2,-47]],[[166366,378636],[24,-35],[-11,-32],[81,-100],[-3,-57],[-60,-4],[-20,-29],[118,-18],[18,-60],[47,-92],[-49,-39],[3,-68],[-44,-63],[27,-31],[145,0],[48,-12],[48,-63],[55,-45],[-7,-51],[-37,-52],[-57,36],[-53,6],[-26,-16],[-83,17],[-96,59],[-55,-42],[-43,-1],[-60,60],[-13,60],[17,132],[-3,37],[-81,95],[-3,47],[-81,25],[83,58],[-59,7],[-22,28],[3,35],[55,-3],[-4,61],[97,76],[35,71],[75,57],[-9,-54]],[[159514,367078],[-14,34],[63,44],[54,-1],[19,-63],[-37,-44],[-34,-4],[-51,34]],[[165306,369442],[-17,36],[79,8],[125,-27],[58,13],[123,5],[47,-39],[-10,-118],[-52,-12],[-38,20],[-81,68],[-62,35],[-68,6],[-40,-11],[-64,16]],[[184628,388128],[-12,52],[49,9],[-11,-43],[-26,-18]],[[184367,384438],[-38,-13],[-19,34],[25,20],[32,-41]],[[171638,375862],[-37,30],[13,24],[54,-7],[26,-62],[-19,-39],[-27,9],[-10,45]],[[156995,371511],[12,84],[22,51],[78,1],[-29,-85],[-60,-7],[-23,-44]],[[157081,368299],[3,48],[35,-13],[-38,-35]],[[157170,370939],[-8,58],[57,-33],[-14,-29],[-35,4]],[[170273,380722],[11,72],[-12,78],[26,2],[17,-42],[-8,-43],[23,-61],[-35,-28],[-22,22]],[[157319,371057],[22,46],[-15,73],[29,6],[15,-102],[-51,-23]],[[170267,381168],[-42,25],[60,57],[40,-48],[-58,-34]],[[163540,380638],[-16,34],[3,45],[-27,72],[71,-8],[26,-74],[-34,-56],[-23,-13]],[[163472,380796],[-32,5],[-26,35],[36,36],[22,-76]],[[163364,370302],[-31,50],[4,36],[31,8],[43,-48],[-18,-35],[-29,-11]],[[163356,375736],[-61,34],[29,27],[-9,48],[45,-4],[51,-47],[-55,-58]],[[165334,377742],[-34,41],[1,51],[-23,64],[-43,32],[5,28],[81,3],[56,-21],[127,-92],[31,6],[47,-31],[7,-44],[46,-35],[48,39],[4,58],[20,40],[116,-24],[-3,-57],[45,-17],[12,-49],[52,-11],[-88,-42],[-17,-31],[-56,-17],[-29,-32],[-40,-9],[-47,29],[-4,-51],[-33,-14],[-49,18],[-22,54],[-47,-3],[-49,58],[-41,27],[-50,10],[-23,22]],[[159730,373930],[-12,30],[-65,4],[-13,40],[44,89],[-79,-16],[-9,44],[38,15],[-19,66],[41,20],[54,61],[20,-14],[-22,-51],[9,-41],[73,-101],[2,-30],[-31,-47],[6,-28],[-37,-41]],[[165021,377171],[27,34],[-3,68],[53,35],[37,-10],[-3,-35],[65,-65],[-6,-45],[-41,-51],[-101,11],[-55,22],[27,36]],[[164929,376889],[-25,19],[26,30],[-29,21],[50,102],[50,-2],[55,14],[43,-25],[20,-46],[-26,-42],[-92,-43],[-28,1],[-44,-29]],[[164785,377359],[24,-14],[-17,-45],[-61,-48],[-11,22],[65,85]],[[161141,375817],[-27,59],[20,20],[19,72],[-34,-13],[-56,39],[-97,22],[-33,44],[-28,-7],[-6,-45],[-26,-33],[3,-54],[-46,-9],[-34,-46],[-37,30],[28,64],[-84,31],[9,50],[-114,34],[58,30],[-7,78],[30,19],[-48,39],[30,50],[8,59],[-33,88],[29,63],[-35,104],[30,2],[0,57],[-21,21],[19,94],[-37,24],[-8,38],[36,14],[55,-4],[-49,95],[-22,93],[26,19],[-21,55],[57,6],[16,-29],[83,-52],[82,4],[34,29],[21,-17],[-5,-48],[28,-37],[81,30],[46,61],[32,-17],[85,-138],[-8,-105],[45,45],[20,37],[46,-38],[69,17],[-97,48],[-15,46],[-53,13],[16,104],[-40,13],[-19,67],[54,10],[-2,44],[61,-18],[-11,64],[4,69],[40,21],[82,27],[-75,20],[-100,43],[-45,-88],[-51,-10],[-36,98],[25,16],[-14,37],[0,54],[-49,1],[-99,97],[-19,38],[35,32],[-14,56],[61,113],[38,4],[14,26],[35,-4],[46,93],[26,-7],[36,29],[27,46],[55,-7],[39,21],[82,-58],[0,35],[-36,10],[-6,64],[36,-10],[29,-37],[41,-12],[14,25],[-65,75],[-17,68],[-44,11],[37,61],[55,13],[5,-45],[46,29],[40,90],[3,80],[28,-18],[1,-61],[41,-4],[14,-46],[39,-19],[55,-3],[70,-108],[26,-57],[-11,-67],[92,-97],[35,16],[73,-28],[66,-64],[37,-60],[-24,-58],[90,6],[41,-33],[-9,-32],[-63,14],[2,-33],[-54,-44],[9,-21],[59,-53],[8,-35],[-7,-85],[-15,-41],[-37,-27],[23,-21],[-25,-42],[-44,34],[-20,-48],[40,-34],[-16,-73],[-74,-83],[14,-48],[-31,-46],[-32,-2],[-40,-56],[-28,39],[-41,13],[-21,-21],[-40,4],[-5,-39],[24,-64],[-21,-19],[12,-43],[53,-57],[52,9],[45,64],[9,38],[58,-20],[17,-49],[-15,-28],[60,-99],[-27,-28],[15,-38],[56,-54],[-55,0],[-58,-32],[18,-27],[32,10],[53,-90],[43,9],[64,-19],[-24,-56],[-1,-57],[-32,-21],[-36,3],[-21,-45],[-42,-1],[-44,-29],[-33,94],[-67,2],[-17,-33],[-75,-25],[10,-26],[39,-15],[-48,-62],[-3,-56],[12,-36],[-13,-54],[-43,-38],[-62,16],[-14,31],[-52,50],[-49,69],[-37,-73],[-50,-37],[-13,-26],[-38,0],[-32,-20],[-11,-32],[-61,-45],[10,-108],[23,-47],[-27,-64],[-61,-27],[-92,56],[-50,1],[12,59],[-23,11]],[[154170,365410],[-20,19],[-23,111],[-26,8],[-57,-15],[-18,37],[36,37],[71,-16],[-6,34],[24,26],[105,7],[60,17],[46,-18],[-43,-57],[-26,-1],[-9,-119],[-18,-14],[-39,33],[-17,53],[-40,-142]],[[183684,384579],[12,38],[96,-30],[-63,-40],[-45,32]],[[169883,381194],[-27,7],[41,69],[31,-24],[-45,-52]],[[169747,381968],[13,76],[-83,48],[-42,37],[27,35],[73,-16],[58,0],[55,-55],[-7,-59],[-57,-72],[-37,6]],[[169448,381383],[14,92],[23,11],[34,-45],[-71,-58]],[[169548,379963],[-49,22],[-66,-21],[-18,23],[37,36],[43,18],[18,-23],[58,-18],[-23,-37]],[[157678,367611],[-62,-46],[-41,52],[73,25],[30,-31]],[[157601,372104],[-9,47],[59,-21],[-20,-40],[17,-28],[34,-6],[9,-38],[-34,-25],[-28,9],[-27,44],[-1,58]],[[163187,380578],[86,55],[84,9],[62,-21],[43,-1],[-3,-107],[-25,-20],[-44,6],[-42,-108],[-35,10],[-27,31],[-84,5],[-8,38],[7,87],[-14,16]],[[161152,375514],[-36,29],[14,32],[63,54],[33,-37],[55,-9],[-3,-35],[-51,-17],[-38,5],[-37,-22]],[[161712,370603],[8,-52],[-32,-71],[-3,-69],[70,-41],[61,13],[32,89],[23,9],[23,-51],[93,69],[51,8],[9,-62],[45,-17],[44,3],[63,-17],[9,-26],[109,31],[52,-9],[25,-20],[22,-51],[-1,-98],[-23,-31],[11,-47],[-57,-71],[-35,-61],[-53,-34],[-5,-25],[66,-1],[32,28],[38,-34],[-89,-35],[-45,-29],[-32,-3],[-86,-56],[-44,-9],[-36,-43],[-79,-41],[-19,-55],[-118,-36],[-120,26],[-41,-9],[-53,31],[-3,46],[-34,15],[6,45],[-31,17],[-1,83],[29,26],[90,52],[-40,47],[-22,44],[6,35],[-14,48],[15,32],[51,26],[-14,22],[-54,-34],[-77,13],[-41,36],[7,36],[-9,88],[-39,22],[-81,25],[-37,62],[-5,32],[24,21],[-9,58],[-28,41],[-44,22],[4,46],[35,25],[33,-36],[35,-80],[57,7],[17,25],[-21,51],[-33,48],[64,75],[-27,25],[-3,62],[23,14],[44,-14],[22,43],[46,29],[25,-64],[-36,-47],[50,-52],[52,-20],[-13,-64],[53,-58],[25,-51],[-12,-27]],[[163542,380326],[44,7],[17,-44],[-95,-30],[-47,-5],[41,78],[40,-6]],[[163013,376574],[-3,26],[-59,-21],[-49,-3],[-29,47],[-54,-22],[-73,72],[-20,35],[31,25],[51,-32],[82,25],[-39,57],[-8,59],[26,45],[35,0],[52,-40],[-7,-16],[79,-53],[12,-36],[-10,-139],[-17,-29]],[[162910,377953],[-21,32],[-26,104],[-26,-34],[-61,8],[-59,28],[-56,-19],[-24,9],[3,70],[74,52],[54,14],[55,-4],[10,-29],[45,-9],[12,-51],[48,-53],[34,-81],[-5,-48],[-27,-16],[-30,27]],[[134315,352831],[56,24],[50,-18],[41,-34],[10,-36],[114,-22],[74,-7],[36,-31],[-38,-33],[-32,32],[-132,-21],[-15,36],[-43,-43],[-81,5],[10,51],[-37,31],[-37,-32],[-37,46],[-49,11],[-26,28],[22,25],[53,-19],[38,32],[23,-25]],[[450948,6402],[-95,-9],[-40,31],[28,38],[57,-15],[51,44],[-44,30],[24,54],[-7,32],[-63,48],[-14,66],[71,58],[91,7],[54,17],[76,-10],[25,57],[-51,42],[-129,5],[46,39],[-19,27],[19,45],[-41,3],[-23,43],[23,23],[-12,66],[29,27],[-31,30],[-36,-9],[-70,28],[-14,76],[31,87],[-84,-15],[-78,54],[-23,-47],[43,-118],[-31,-52],[70,-117],[-82,-56],[1,-15],[-108,-52],[26,-49],[54,11],[66,-30],[-40,-29],[-61,-2],[-15,-33],[-48,-35],[-101,-41],[10,-85],[-39,-4],[-19,52],[-64,-2],[-110,64],[-8,30],[-167,41],[-55,-2],[-15,28],[-51,28],[7,75],[-44,22],[-45,-3],[-49,39],[-48,67],[-104,-34],[-178,44],[-60,3],[24,60],[-6,67],[-19,33],[93,13],[41,36],[13,41],[-7,69],[40,65],[-11,35],[33,24],[-7,49],[-26,47],[52,84],[67,31],[21,35],[1,86],[53,153],[69,47],[8,71],[41,70],[-12,61],[32,92],[57,80],[49,45],[31,69],[32,42],[35,99],[46,56],[47,137],[2,57],[138,65],[6,31],[-120,68],[-10,-19],[105,-54],[6,-20],[-94,-27],[-39,-22],[-13,-50],[-42,-51],[-131,-77],[-11,-51],[-54,-65],[-59,-142],[-75,-84],[-18,-51],[-68,-72],[-42,-80],[-52,-51],[-10,-73],[-57,-35],[-68,-83],[-1,-41],[31,-37],[-8,-50],[-57,-38],[-92,-1],[-23,-72],[-103,-25],[12,-39],[83,-43],[-14,-37],[27,-17],[6,-116],[-33,-14],[-69,31],[-92,14],[-67,-18],[-7,-50],[31,-20],[86,-18],[65,-60],[-18,-35],[-72,-64],[47,-40],[3,-50],[-73,-101],[52,-23],[11,-62],[31,-22],[-22,-35],[30,-28],[80,-23],[110,39],[106,-42],[10,-14],[-58,-68],[113,-15],[61,-42],[13,-38],[237,-91],[3,-46],[109,-53],[85,-95],[45,17],[62,-45],[84,-43],[117,0],[37,-29],[-2,-53],[19,-91],[69,-77],[64,-48],[74,-24],[81,-9],[22,-59],[97,-26],[21,-37],[-19,-51],[31,-28],[-11,-29],[-78,13],[-117,-4],[-49,-19],[-28,-42],[11,-45],[-10,-48],[-31,-34],[-28,-103],[-53,-12],[-37,-42],[20,-86],[46,-26],[-57,-33],[-26,-49],[-34,-5],[-49,34],[-42,92],[-39,30],[-1,55],[-76,46],[-78,7],[-130,-31],[-48,12],[-77,-46],[-122,25],[-63,-53],[-36,-50],[-28,-9],[-9,-89],[-18,-40],[-105,-11],[-64,62],[-18,37],[-149,25],[-54,-16],[76,-44],[4,-44],[31,-43],[49,47],[76,-26],[39,-63],[144,-5],[38,-38],[79,15],[25,29],[28,73],[29,6],[61,-44],[50,-62],[49,-9],[18,-31],[92,-5],[33,-20],[57,-2],[94,-52],[74,-16],[-5,-60],[-80,-4],[5,-86],[-31,-123],[-67,-88],[-181,-98],[-46,-44],[28,-45],[-47,-51],[-108,-26],[-26,-60],[28,-43],[66,-22],[-59,-43],[-90,-90],[33,-52],[64,-5],[40,-40],[46,-98],[-57,-9],[-63,-49],[5,-38],[-62,2],[-14,42],[-57,61],[-39,4],[-72,-19],[-53,36],[-58,-18],[-19,-66],[-79,11],[-4,34],[-60,24],[-33,32],[-88,-5],[-78,-47],[-30,-63],[1,-60],[-80,-2],[-55,-16],[-50,53],[-34,56],[42,34],[-7,27],[-109,23],[-52,94],[-60,13],[-76,99],[-40,-29],[1,-62],[40,-51],[14,-73],[28,-19],[-8,-54],[-63,-14],[-57,20],[-18,-40],[34,-68],[64,25],[75,48],[101,-7],[49,19],[49,-46],[-85,-19],[53,-72],[80,-32],[55,33],[124,22],[27,-50],[68,-36],[58,20],[90,0],[43,-14],[33,-69],[133,-27],[-27,-40],[16,-52],[56,-16],[-13,-83],[29,-7],[-9,-49],[-50,16],[-71,-21],[-91,-68],[-75,20],[25,32],[29,87],[-44,78],[-42,20],[-101,-5],[-16,-20],[-79,-9],[-18,-64],[-72,-19],[-62,13],[-40,-26],[-46,16],[-54,-46],[-37,-67],[-7,-55],[-90,-48],[2,-26],[92,-28],[20,-34],[42,3],[22,-31],[-19,-41],[37,-44],[53,-24],[49,13],[107,92],[55,75],[120,94],[26,12],[34,-57],[-46,-40],[-44,-13],[-200,-145],[-44,-73],[47,-141],[-22,-69],[-44,-32],[-39,-2],[-78,27],[-208,-37],[-16,59],[-44,-15],[-40,-48],[26,-83],[-42,-19],[-134,20],[-47,27],[75,34],[14,87],[-66,41],[13,56],[-58,-7],[-72,-38],[-2,-39],[-80,-86],[63,-66],[-72,-57],[-37,-115],[59,8],[12,-62],[61,-20],[92,-10],[-29,-35],[-54,-8],[-43,25],[-46,-47],[-54,-10],[63,-63],[-1,-55],[-57,-24],[60,-78],[56,15],[54,42],[0,22],[98,10],[16,38],[62,6],[18,45],[77,-17],[-17,-61],[58,-69],[-72,-62],[20,-65],[-33,-31],[56,-43],[-1,-35],[-47,-37],[-72,-35],[-98,-67],[-69,-22],[-77,-55],[-50,17],[-52,-13],[-17,-65],[-74,5],[-74,-38],[3,-68],[-17,-25],[-8,-92],[-45,43],[-70,29],[-70,-4],[-69,-20],[-38,-35],[-68,45],[-46,-34],[-76,-33],[-4,-21],[-109,-43],[-20,42],[150,89],[25,62],[-41,36],[-23,88],[-35,46],[-32,9],[-83,64],[-69,37],[-128,5],[-61,50],[-237,25],[3,-59],[-60,-58],[-34,27],[-56,6],[-45,-15],[-66,-69],[-157,66],[-42,-28],[-61,4],[-42,-47],[-25,-57],[-44,22],[-73,-71],[-48,-25],[-38,-47],[-88,-24],[-22,27],[-73,16],[-81,-92],[-7,68],[-54,52],[-36,-5],[-7,82],[-24,9],[-50,128],[-76,109],[-3,31],[-121,29],[-93,-5],[-17,-53],[-42,-25],[-30,-77],[-37,-2],[-47,30],[-5,46],[-44,62],[67,98],[-13,23],[23,47],[-146,22],[-61,-64],[-34,28],[61,30],[-60,53],[-51,4],[-24,61],[-39,5],[-45,83],[-52,31],[-70,16],[-109,-82],[-77,22],[19,48],[51,10],[-39,38],[-59,-19],[-64,10],[7,31],[105,86],[-122,64],[4,66],[-149,88],[-93,69],[-53,63],[44,39],[5,31],[-35,34],[-29,120],[21,31],[-17,50],[9,63],[26,32],[-11,40],[26,33],[-5,51],[-65,35],[-24,70],[-34,24],[-84,106],[-43,-50],[-41,21],[-35,-13],[-44,-46],[-15,-44],[21,-62],[-26,-39],[30,-125],[64,-8],[8,-47],[-65,-42],[-10,-62],[21,-26],[5,-61],[150,-81],[28,-59],[-15,-37],[91,-21],[100,-72],[61,-20],[25,-59],[-114,50],[-144,52],[-244,74],[-69,28],[-85,-47],[-41,-50],[-193,8],[20,42],[-53,35],[-50,7],[-69,-19],[-71,-60],[-49,1],[9,-45],[-22,-28],[-52,-2],[6,-38],[-64,-36],[-54,48],[-46,14],[-53,-14],[-49,35],[-35,-90],[-67,7],[-76,-17],[-57,36],[-25,66],[-57,-22],[-91,-17],[-135,27],[-75,-2],[-33,14],[-37,-28],[-126,12],[-45,-13],[-27,-37],[-56,20],[-14,35],[-44,4],[-6,36],[-102,25],[-70,-30],[-47,7],[-52,-24],[-45,17],[-51,66],[-2,69],[-15,28],[-113,63],[-75,-26],[-50,8],[-44,26],[-100,-24],[-69,-38],[-89,-22],[10,-27],[-67,-12],[-27,-40],[28,-63],[-44,-12],[-24,-44],[-167,-49],[-65,-27],[-115,-29],[-28,39],[-101,100],[-49,-1],[-14,67],[-128,29],[45,81],[-42,54],[41,17],[5,41],[44,13],[5,74],[26,19],[-41,57],[-186,94],[-117,24],[-124,-18],[-82,9],[-127,-9],[0,35],[-58,9],[-55,29],[-94,-58],[49,-37],[15,-39],[-1,-88],[-51,-48],[-15,-76],[49,-179],[-28,-25],[16,-48],[-26,-37],[-133,-54],[-104,1],[-8,37],[-95,56],[-21,66],[-19,122],[-57,84],[-81,-11],[-98,-64],[-34,8],[-51,73],[28,71],[-26,40],[-115,1],[-71,-27],[46,-195],[45,-93],[-51,-28],[-29,72],[-26,28],[-44,-9],[-55,32],[-106,-57],[-61,14],[5,-60],[-73,-10],[-32,42],[-72,-38],[-11,-40],[14,-107],[27,-31],[-45,-32],[66,-83],[-6,-76],[-45,-26],[-74,39],[-58,-14],[-83,55],[23,30],[-40,84],[-33,22],[-118,-4],[-47,-33],[-8,-71],[-35,-30],[-4,-42],[-118,-13],[-80,46],[-40,11],[-105,-13],[-63,-118],[-33,-41],[-72,-19],[20,63],[-30,46],[53,87],[8,67],[-44,66],[49,4],[13,73],[27,55],[-39,41],[-8,89],[40,18],[34,136],[-39,11],[-54,64],[14,52],[-21,44],[-94,83],[-12,62],[18,95],[47,110],[-49,60],[-45,31],[-132,21],[-29,-59],[-44,-33],[-30,41],[28,48],[116,59],[-81,78],[19,21],[-80,70],[-55,90],[-50,43],[35,74],[-20,38],[-56,41],[8,38],[-21,61],[27,49],[-56,35],[-138,10],[-62,-4],[-66,10],[-4,29],[51,42],[-18,86],[-81,87],[-95,48],[-120,-14],[-64,20],[-124,-109],[-71,-7],[-30,11],[-23,49],[-70,11],[-25,23],[43,53],[69,0],[34,54],[-28,46],[28,18],[104,-6],[66,-24],[54,103],[45,62],[132,-68],[-6,-43],[28,-21],[78,-1],[37,27],[29,52],[-59,29],[6,51],[75,24],[10,-33],[47,-4],[80,-40],[26,-76],[8,-69],[28,-47],[-32,-8],[-16,-51],[-65,-69],[4,-70],[58,-47],[45,6],[79,133],[-45,96],[47,26],[-4,55],[16,41],[-67,23],[-30,41],[10,52],[-25,123],[-33,20],[-60,-15],[-25,-40],[-39,-16],[-49,52],[24,38],[-3,41],[33,15],[-6,39],[34,20],[7,51],[73,52],[65,-80],[61,-28],[113,-21],[-59,-30],[29,-43],[105,9],[88,-12],[17,-15],[220,-8],[75,12],[107,-13],[130,-50],[89,-26],[92,-63],[62,-9],[-38,-52],[-58,-32],[76,-22],[40,-46],[145,-2],[41,35],[-24,42],[-190,106],[-99,36],[-71,56],[13,19],[-82,24],[37,39],[37,-31],[44,13],[72,-56],[43,-8],[37,32],[41,-23],[38,14],[102,-48],[34,1],[3,51],[75,13],[47,-27],[97,-75],[14,26],[60,1],[82,-15],[81,-34],[18,-63],[-31,-69],[69,-63],[5,-33],[-82,13],[-31,-17],[50,-102],[42,-5],[53,-88],[28,-72],[-14,-72],[46,-22],[-30,-64],[54,-38],[55,-6],[8,-41],[34,-29],[63,8],[65,-20],[22,-27],[91,10],[18,15],[-20,62],[-48,9],[-87,-52],[-90,-5],[-34,67],[-67,17],[-8,48],[-37,80],[2,49],[-92,186],[29,61],[58,8],[91,-40],[25,-115],[48,-21],[39,-40],[35,15],[6,70],[59,44],[157,-17],[-12,55],[-61,-6],[-45,11],[-18,94],[-78,64],[10,36],[121,38],[68,-14],[98,22],[29,-32],[55,-13],[92,6],[138,-7],[52,-16],[-26,-59],[14,-80],[95,-90],[16,-50],[89,33],[14,105],[-89,46],[16,27],[-76,57],[-1,32],[120,1],[46,40],[15,56],[-40,64],[8,24],[-23,50],[14,84],[-27,55],[20,74],[87,24],[-14,23],[-103,22],[-19,29],[-74,-30],[-12,-71],[-68,-20],[-50,67],[-77,39],[-22,59],[-93,29],[-77,-6],[-43,-58],[-12,-78],[-33,7],[-84,86],[3,56],[38,113],[23,39],[-3,62],[-42,59],[-50,28],[-80,-32],[-138,-104],[-11,-66],[70,-49],[-10,-32],[-75,-33],[-44,-42],[-74,-34],[-20,-49],[-22,-159],[-31,-68],[3,-30],[-79,-50],[-81,22],[-134,-13],[-43,12],[-21,35],[-62,13],[-73,-2],[-32,40],[-81,45],[-2,55],[-31,89],[-41,2],[-4,-105],[15,-65],[-58,11],[-59,68],[5,30],[-48,46],[-43,73],[13,73],[-33,67],[-45,27],[-4,40],[-80,17],[2,35],[45,53],[40,1],[20,101],[-33,0],[9,-65],[-13,-32],[-75,31],[-46,-42],[-41,-72],[103,-23],[-17,-44],[-90,-29],[12,-51],[-46,-75],[21,-33],[115,-65],[-80,-58],[-56,-54],[-65,12],[-44,30],[-142,-106],[-45,13],[-2,33],[-176,52],[-129,6],[41,160],[-29,29],[-82,0],[-21,-28],[-144,-17],[-55,25],[-25,53],[4,40],[55,40],[-32,76],[-39,21],[-42,-19],[-92,23],[-31,89],[-71,19],[-1,41],[31,19],[6,56],[-46,31],[-59,-1],[-29,29],[64,37],[79,-8],[51,18],[52,38],[26,59],[-74,29],[-23,62],[59,57],[2,103],[-41,38],[56,26],[-4,56],[35,31],[10,41],[-43,55],[-67,33],[-66,4],[-94,-23],[-112,3],[-20,64],[-110,41],[-30,60],[-29,20],[-1,38],[-42,14],[-54,-35],[-49,35],[-42,-19],[-17,49],[52,21],[50,-21],[48,58],[-73,36],[-5,24],[-54,17],[-39,64],[72,53],[89,-37],[77,29],[8,29],[-82,11],[-38,-36],[-35,18],[-57,-1],[-50,-40],[-53,-8],[52,-111],[40,-12],[3,-33],[-41,-73],[34,-72],[39,5],[22,-44],[-8,-42],[57,-37],[-30,-26],[48,-105],[29,-37],[-22,-54],[16,-21],[-15,-49],[-126,-3],[-30,-23],[-48,29],[-75,-30],[-78,-127],[-12,-49],[-79,-10],[-63,20],[-24,27],[-129,8],[-53,18],[-37,-90],[71,-55],[4,-38],[-64,16],[-59,-1],[-26,-23],[11,-60],[63,-53],[39,-59],[105,-40],[144,69],[47,12],[52,48],[-3,43],[75,59],[-24,69],[69,14],[103,-24],[109,-3],[33,-65],[-44,-42],[9,-28],[-41,-39],[14,-30],[-22,-32],[11,-117],[72,-58],[-4,-26],[-62,-17],[-57,1],[-106,49],[-162,-42],[-33,-35],[20,-77],[-21,-45],[-41,20],[-135,23],[-67,-22],[-33,-93],[-26,-29],[-56,10],[-127,71],[-45,91],[-44,20],[-100,-81],[-44,-16],[-15,48],[29,14],[41,72],[69,-18],[55,69],[-27,78],[-69,33],[-61,-33],[-39,10],[-10,34],[-58,42],[-43,-11],[-36,97],[-98,-13],[-47,33],[22,62],[-7,65],[-35,44],[50,101],[-3,52],[-28,20],[-12,52],[-104,-9],[7,40],[-53,20],[38,28],[-34,95],[66,-14],[20,22],[-20,58],[-32,35],[-61,5],[-61,93],[50,25],[43,116],[-25,27],[-62,14],[-12,45],[-96,19],[3,42],[54,62],[-49,43],[-109,26],[-136,-13],[-49,26],[-8,-87],[-50,-2],[-60,28],[-25,45],[41,48],[-39,114],[-37,36],[42,96],[-146,88],[-30,44],[-51,143],[-42,6],[-58,61],[-78,-17],[-79,59],[61,32],[1,102],[83,76],[-15,53],[-50,37],[-86,30],[-92,-28],[-79,-77],[-86,-24],[-66,32],[-38,2],[-72,124],[-78,65],[-43,17],[-70,-17],[-120,94],[136,20],[28,41],[-39,29],[-43,59],[-9,40],[66,64],[-1,65],[87,42],[38,2],[31,72],[-14,82],[-61,50],[-86,-19],[-27,24],[-126,59],[-29,30],[-48,-6],[-31,-39],[-50,-23],[-46,14],[-20,32],[9,47],[-77,12],[29,44],[-52,69],[-4,68],[16,22],[-67,27],[-57,52],[-71,20],[-32,26],[-80,22],[-4,20],[-85,44],[15,62],[-33,34],[-47,5],[-16,55],[48,70],[-88,10],[-4,62],[-55,35],[-68,107],[-47,13],[-107,4],[-23,31],[-63,-14],[-63,15],[-46,-13],[-43,14],[-58,-42],[-44,4],[-82,-45],[-101,-9],[-19,-33],[-52,-7],[-30,-26],[-100,6],[-86,22],[-72,-4],[-36,-34],[-112,-61],[-70,12],[45,31],[11,84],[29,15],[-113,52],[35,42],[-26,18],[35,45],[-1,37],[-66,89],[49,13],[-6,94],[-34,13],[21,42],[0,56],[-37,26],[-4,37],[-31,48],[-89,-3],[31,57],[-27,46],[21,83],[-42,23],[-65,4],[-43,97],[-90,21],[-95,-4],[-16,50],[-33,8],[-41,41],[29,27],[-58,66],[-9,45],[-69,49],[-29,90],[-71,32],[-2,38],[51,33],[-17,18],[-29,87],[-26,30],[31,44],[-31,32],[-62,19],[-47,108],[-9,52],[-50,-2],[14,112],[15,15],[-8,62],[-26,22],[-22,69],[26,36],[-51,82],[-5,51],[19,21],[-67,63],[-9,53],[-35,18],[14,66],[-47,9],[-22,70],[7,52],[-49,-10],[-83,18],[-27,-7],[-83,79],[-52,-20],[-26,43],[24,29],[-21,60],[-39,47],[-8,53],[18,71],[30,10],[46,57],[43,22],[-24,28],[29,36],[59,-16],[-36,72],[9,74],[-118,-17],[-13,72],[-40,15],[-26,94],[5,55],[-27,16],[18,46],[-65,149],[-41,-7],[-42,49],[14,159],[-13,41],[-2,108],[10,103],[-62,35],[-160,48],[-70,-6],[-15,-20],[-85,16],[-56,-12],[-26,128],[2,63],[59,30],[6,44],[-37,40],[-45,12],[-72,-16],[-10,29],[-62,12],[-52,32],[-38,46],[-106,16],[-52,-4],[-128,-35],[-26,-19],[-6,-55],[-82,-5],[-44,14],[-27,-30],[-81,6],[-3,40],[-33,56],[-56,2],[4,118],[41,7],[33,-30],[51,22],[54,-27],[54,-1],[54,41],[25,43],[48,12],[56,52],[54,29],[18,28],[-61,63],[43,17],[29,53],[17,77],[-43,71],[33,81],[-88,45],[-44,1],[-45,-27],[-30,24],[-9,48],[-98,9],[0,37],[28,32],[-23,33],[32,31],[-79,39],[-9,53],[-41,28],[8,27],[-63,82],[-7,39],[18,40],[-106,77],[-53,17],[-13,48],[47,7],[18,87],[-3,70],[23,18],[-39,54],[-17,49],[-46,11],[23,83],[-26,28],[-114,-1],[-13,55],[-47,60],[2,30],[-55,54],[48,70],[43,-9],[41,58],[14,99],[75,33],[19,48],[-5,39],[-41,48],[19,32],[-101,46],[16,67],[-23,53],[-44,7],[4,52],[-60,49],[34,128],[-39,44],[-20,66],[41,54],[-5,45],[-55,8],[-104,78],[54,118],[0,49],[-34,33],[-2,33],[-72,-13],[-58,6],[19,74],[58,19],[11,64],[-39,43],[-76,33],[-61,143],[-64,28],[-9,34],[-49,20],[-58,63],[15,37],[-25,89],[12,70],[62,56],[90,32],[52,63],[14,42],[-41,99],[13,39],[42,52],[-7,72],[-70,132],[13,39],[-34,38],[-2,63],[-23,38],[-69,36],[-3,29],[-54,14],[-65,37],[7,50],[-8,82],[46,64],[-20,46],[-77,49],[73,108],[-31,73],[-64,-13],[-122,11],[-101,118],[28,20],[80,-3],[17,49],[171,-29],[104,-31],[23,-88],[27,-39],[94,-1],[3,-32],[72,-16],[-7,-38],[16,-72],[71,-39],[6,-49],[46,-11],[-9,-57],[-48,-35],[10,-95],[63,-23],[86,12],[49,-22],[-46,-43],[42,-60],[-16,-61],[39,-82],[124,-8],[97,-35],[14,-57],[-8,-92],[-48,-23],[-10,-32],[30,-61],[72,-35],[106,-10],[64,26],[0,45],[112,50],[24,-16],[117,-4],[23,-72],[-21,-27],[32,-65],[94,-10],[84,11],[80,59],[47,-5],[-55,-95],[-25,-186],[4,-92],[79,-36],[17,-36],[55,-25],[120,-29],[21,-62],[-5,-48],[69,-19],[7,-27],[49,-11],[38,22],[84,-11],[57,-40],[8,-41],[60,-3],[83,-89],[48,28],[41,-32],[5,-57],[70,-9],[32,-48],[75,-40],[34,2],[15,-57],[55,-32],[38,-3],[115,25],[40,29],[135,-61],[4,-27],[64,-9],[-1,-35],[81,-14],[16,-51],[60,-38],[44,-59],[-8,-47],[47,-57],[98,-32],[23,-19],[-18,-58],[15,-48],[-12,-39],[-37,-22],[5,-87],[-25,-51],[13,-71],[-5,-47],[36,-43],[48,-103],[54,-61],[43,-215],[38,-90],[-1,-48],[30,-70],[-7,-62],[-41,-36],[-3,-80],[47,-91],[-7,-28],[26,-82],[6,-60],[46,-6],[39,-57],[92,-2],[-4,97],[-62,71],[30,80],[-77,75],[36,117],[35,18],[-13,57],[46,135],[-65,58],[3,66],[-40,27],[3,64],[-23,111],[-61,87],[98,42],[-58,17],[-94,-1],[-35,-22],[-84,21],[64,58],[100,23],[33,19],[134,34],[48,26],[53,53],[79,7],[43,-96],[80,-22],[47,-59],[52,-3],[135,-66],[77,-69],[82,-38],[50,3],[48,30],[33,44],[84,31],[57,9],[126,-13],[119,-43],[121,-65],[94,-6],[78,-21],[63,13],[25,37],[59,0],[30,-57],[56,-3],[74,47],[31,41],[-90,117],[33,8],[118,-113],[48,-12],[59,39],[41,7],[71,50],[72,33],[46,2],[131,-32],[80,-62],[91,-6],[5,-64],[41,-159],[3,-56],[-31,-64],[12,-59],[-22,-122],[17,-34],[-8,-84],[42,-48],[20,-92],[-61,-48],[-6,-33],[25,-75],[-7,-28],[-106,-110],[63,20],[21,42],[52,51],[-20,108],[57,55],[2,53],[-24,65],[-25,24],[-1,65],[-18,82],[20,72],[-8,63],[34,101],[-14,58],[-4,87],[-19,51],[-15,91],[-90,14],[-90,56],[-121,35],[-86,0],[-69,-27],[-46,-45],[-125,-57],[-62,31],[-71,91],[-53,7],[-28,-26],[26,-51],[67,-67],[-81,-59],[-49,-5],[-29,52],[-80,2],[-23,-45],[-58,-11],[-38,16],[-107,19],[-166,103],[-108,40],[-58,12],[-114,-20],[-108,-54],[-51,-69],[-58,0],[-93,54],[-5,24],[-137,85],[42,44],[69,38],[54,58],[-57,65],[142,109],[37,60],[25,72],[-24,42],[-6,84],[39,39],[107,-49],[40,21],[11,34],[-64,21],[-9,63],[17,51],[-25,16],[-8,59],[68,11],[27,33],[86,45],[7,28],[-69,77],[-57,36],[-46,-33],[-33,-51],[-113,-52],[-49,-131],[-82,-21],[-59,24],[-79,-14],[-21,35],[-51,20],[-51,41],[45,23],[42,-32],[84,7],[41,-16],[88,45],[13,53],[-47,71],[-52,50],[-40,92],[-36,25],[52,31],[-61,59],[-57,7],[-106,50],[-83,73],[-15,-79],[23,-23],[-51,-27],[37,-21],[51,-61],[-1,-21],[-107,-19],[-62,2],[-12,-35],[-48,-25],[39,-25],[42,6],[46,-30],[-61,-51],[50,-7],[-39,-80],[-50,-19],[-37,65],[13,49],[-35,104],[-131,20],[-21,48],[4,85],[-33,69],[5,65],[-13,31],[-92,30],[-30,22],[-73,15],[-132,40],[-81,11],[-34,63],[6,52],[-33,50],[-20,103],[-46,48],[-115,29],[-51,48],[-91,44],[-49,39],[-69,81],[-67,103],[-43,8],[-75,106],[-58,44],[-58,11],[-89,-20],[21,58],[6,66],[-12,27],[-67,61],[11,36],[45,33],[77,32],[7,86],[-44,102],[-43,37],[57,26],[1,44],[-44,-2],[-100,35],[-32,-10],[3,-72],[-45,-16],[-86,29],[24,62],[40,20],[26,57],[79,55],[18,70],[-11,124],[-32,34],[-69,17],[-56,57],[-121,27],[-38,-6],[-8,-53],[-53,-37],[-32,23],[10,71],[-44,63],[56,67],[52,19],[-7,50],[-43,-12],[-78,-50],[-70,30],[-71,-1],[-16,30],[-65,38],[-29,-32],[63,-28],[43,-67],[-23,-20],[38,-48],[50,-118],[-17,-46],[-65,12],[-125,-49],[-118,6],[-33,-54],[-59,0],[-71,-49],[-57,-58],[-59,-94],[-60,-45],[65,-69],[41,-22],[83,-15],[48,11],[25,-34],[-28,-55],[50,-96],[2,-40],[-124,-62],[-84,-12],[-79,10],[-119,44],[-29,44],[-98,56],[-93,9],[-154,-17],[-84,23],[-23,30],[14,34],[80,83],[116,78],[114,112],[76,102],[70,132],[33,136],[41,277],[17,197],[-10,76],[-14,190],[-49,244],[3,19],[-43,139],[3,27],[-60,168],[17,21],[-22,102],[-67,149],[15,27],[-27,94],[61,94],[-26,3],[-44,-66],[-4,-31],[24,-110],[2,-49],[23,-70],[35,-49],[23,-79],[-17,-14],[-200,421],[-75,162],[-93,168],[-80,129],[-38,88],[-259,415],[-31,24],[-69,124],[-90,34],[-27,70],[-56,20],[-7,41],[-108,33],[-35,0],[-83,35],[-40,54],[-25,68],[-82,11],[-119,79],[-126,61],[-71,63],[5,32],[-22,72],[-35,33],[-62,9],[-76,111],[-122,69],[-33,-4],[-123,72],[-62,50],[-53,61],[-72,37],[-24,52],[-17,119],[-19,14],[4,61],[-79,36],[-58,85],[-59,63],[-80,15],[-48,44],[-41,57],[-64,-21],[-68,14],[-36,53],[56,-4],[25,25],[-26,28],[-106,15],[-46,73],[-4,38],[-52,6],[-11,58],[-47,17],[-27,66],[-32,11],[-7,120],[21,19],[-56,83],[-93,36],[-28,30],[20,59],[-15,36],[-57,75],[-80,76],[-98,71],[-102,134],[-93,74],[-65,34],[-129,21],[-63,-37],[-63,-63],[-43,0],[-72,44],[-68,56],[-34,7],[-31,69],[-31,20],[23,63],[-45,45],[6,48],[-22,17],[-36,80],[-4,37],[25,41],[118,39],[55,43],[-2,77],[-17,64],[75,37],[31,45],[67,42],[78,25],[98,52],[57,17],[58,54],[65,96],[100,51],[48,47],[129,32],[74,-3],[59,24],[34,56],[100,52],[109,2],[108,-6],[58,-13],[68,10],[54,-8],[55,-36],[51,-12],[87,-46],[-3,-45],[43,5],[-38,68],[-29,4],[-178,83],[-110,-6],[-150,16],[-128,0],[-95,-37],[-56,-78],[-48,-18],[-121,1],[-86,-25],[-36,-44],[-142,-77],[-26,-52],[-73,-66],[-252,-84],[-55,-50],[-44,-63],[-53,-19],[-17,-38],[-61,18],[-59,87],[-66,30],[8,68],[-37,1],[-19,41],[14,65],[-82,56],[76,95],[-3,76],[-48,61],[3,52],[-28,13],[-48,128],[-72,99],[-15,100],[-44,27],[8,24],[-81,140],[-32,28],[-23,55],[-94,105],[-32,65],[-159,211],[-76,114],[-39,39],[-48,84],[-96,123],[-129,124],[-63,32],[15,18],[-94,100],[-37,72],[18,48],[-106,69],[-50,68],[-7,29],[-91,72],[10,40],[-42,69],[-84,116],[-46,22],[-49,62],[-50,33],[-101,10],[-35,37],[19,30],[-104,63],[-63,4],[-54,29],[-4,55],[62,21],[27,63],[75,-26],[64,4],[80,30],[61,47],[40,48],[40,91],[3,92],[-19,125],[-34,123],[-48,129],[-105,172],[-84,66],[-27,44],[-64,47],[-32,5],[-65,55],[-52,10],[-37,69],[11,30],[-33,69],[20,48],[-61,78],[-123,38],[1,30],[-58,-5],[-44,82],[44,19],[-20,60],[21,47],[-80,11],[-31,64],[32,12],[-1,52],[-59,36],[5,35],[-22,118],[-64,70],[-88,29],[-17,50],[-49,53],[-44,-5],[-31,28],[13,46],[-54,57],[92,54],[-55,14],[-7,85],[10,43],[39,10],[24,55],[-19,54],[61,64],[3,55],[-49,75],[-18,72],[14,34],[-59,59],[-56,3],[-22,38],[20,73],[-13,22],[-66,34],[20,42],[-44,43],[-17,50],[45,16],[-12,29],[41,45],[18,112],[-40,61],[-69,4],[-21,26],[21,65],[-5,51],[-57,41],[22,72],[61,24],[26,64],[-4,51],[24,61],[-12,175],[-32,105],[-45,99],[-68,94],[-62,111],[53,59],[90,60],[77,-29],[48,8],[29,32],[-1,60],[-34,27],[10,35],[65,-3],[28,-40],[119,-84],[51,23],[80,-43],[51,13],[55,-22],[56,22],[53,-66],[71,-9],[51,27],[68,-34],[116,-11],[104,-75],[87,-29],[20,-32],[92,-82],[17,55],[-68,3],[-57,66],[-102,32],[-40,39],[-75,36],[-90,5],[-98,39],[-27,-28],[-70,8],[-27,62],[-72,-22],[-41,21],[-64,-9],[-86,46],[-83,-17],[-25,36],[-66,41],[-23,37],[-61,13],[-33,-59],[36,-34],[-5,-48],[-63,-20],[-65,28],[-154,-72],[-49,25],[-27,43],[-93,32],[-104,1],[0,51],[-90,32],[13,49],[-58,87],[-64,58],[-86,41],[-9,57],[-47,26],[-55,64],[27,18],[71,-14],[114,53],[14,38],[56,20],[31,117],[-14,24],[4,66],[-40,51],[48,100],[13,83],[-18,103],[-28,20],[-41,83],[-68,3],[26,35],[-23,35],[-40,6],[-73,-14],[3,56],[-16,20],[15,47],[135,47],[23,-13],[52,49],[28,90],[75,21],[155,16],[35,61],[53,16],[8,82],[-64,35],[1,64],[85,-57],[60,-19],[92,-13],[93,-40],[56,14],[64,39],[69,81],[85,129],[76,134],[31,91],[11,62],[-70,54],[102,29],[35,31],[22,65],[2,129],[-18,119],[-62,33],[-17,35],[-66,48],[6,60],[23,33],[-4,51],[-73,36],[11,64],[62,21],[-33,51],[74,64],[-19,56],[-94,107],[98,58],[34,30],[28,59],[-4,59],[12,73],[-40,109],[-52,29],[-62,5],[-50,-35],[-35,7],[-76,70],[-22,72],[12,38],[5,171],[-48,18],[-1,66],[-47,17],[22,83],[92,9],[-20,83],[59,14],[-20,60],[93,35],[-3,31],[27,60],[-43,53],[-61,1],[-34,56],[-31,16],[40,46],[-23,39],[73,39],[-20,24],[31,50],[108,44],[113,19],[51,20],[50,51],[7,41],[58,84],[59,25],[29,-59],[-17,-41],[18,-36],[-5,-53],[56,-83],[122,-111],[61,-196],[-55,-12],[-31,58],[-29,5],[-38,-36],[24,-66],[55,-38],[15,-48],[79,33],[60,-22],[75,-44],[84,20],[44,-22],[55,-85],[-2,-39],[-29,-67],[-36,-43],[-1,-55],[29,-31],[21,-60],[-28,-59],[13,-43],[72,-3],[17,43],[49,61],[-18,204],[35,47],[62,15],[184,-44],[65,-23],[51,-68],[-18,-57],[55,-43],[41,54],[92,36],[85,22],[108,-4],[37,-40],[10,-90],[26,-68],[0,-48],[-25,-48],[4,-43],[102,71],[56,-1],[70,-18],[58,-43],[86,-12],[32,-22],[110,-23],[31,-18],[204,-19],[112,9],[60,-15],[111,-53],[8,-47],[-37,-27],[93,-51],[65,59],[114,65],[126,-2],[9,22],[65,-11],[243,60],[8,32],[109,58],[59,-26],[52,-75],[46,1],[57,-55],[22,-66],[56,-22],[-39,-61],[36,-30],[25,-64],[87,94],[58,-21],[-76,-57],[-16,-53],[21,-10],[79,21],[31,49],[86,24],[-30,-61],[-37,-34],[69,-21],[-22,-44],[-56,-64],[70,-6],[22,-39],[46,27],[29,48],[76,-24],[9,66],[26,20],[81,-45],[104,-35],[9,-45],[68,-32],[84,-137],[-12,-47],[57,9],[39,-119],[31,-8],[32,37],[-17,26],[15,40],[130,-56],[61,-5],[-10,-103],[44,-11],[74,-40],[34,7],[2,51],[-42,8],[-26,46],[51,52],[56,14],[70,-58],[40,-52],[16,-62],[-30,-34],[73,-20],[37,-27],[-9,-32],[37,-50],[148,151],[-22,76],[147,-10],[77,31],[94,-39],[86,-24],[34,33],[-37,19],[-16,49],[-95,60],[-106,25],[-64,-22],[-27,65],[-111,41],[-146,28],[-77,-21],[-46,85],[35,7],[130,-18],[195,-60],[200,-34],[250,-15],[220,-1],[124,6],[263,33],[128,31],[136,45],[143,59],[53,-14],[-106,-112],[-148,-66],[-180,-45],[77,-50],[163,-2],[56,-8],[109,47],[58,44],[58,18],[8,70],[29,52],[58,57],[16,38],[-32,43],[-9,114],[26,99],[46,126],[-1,116],[-14,42],[-97,15],[-24,125],[-31,54],[-76,19],[34,55],[-28,54],[29,43],[-13,35],[58,15],[40,28],[64,-91],[56,-35],[-4,-71],[48,-64],[45,-40],[83,-38],[95,20],[89,-32],[38,-81],[-66,-88],[44,-76],[110,-29],[40,-45],[-54,-50],[-96,17],[-48,38],[-65,-35],[-55,-68],[-90,-161],[-61,-71],[-23,-129],[-68,-8],[31,-79],[6,-60],[100,-68],[80,-21],[7,-53],[-31,-17],[-23,-56],[70,-41],[0,52],[48,31],[66,-18],[-21,48],[7,67],[-28,54],[-51,197],[99,-168],[66,-95],[88,-108],[77,-80],[25,-59],[-63,-55],[56,-55],[53,-34],[-36,102],[20,30],[39,-3],[130,-85],[158,-67],[75,-17],[86,8],[79,-21],[111,3],[88,20],[78,-9],[46,20],[90,-14],[-2,-32],[32,-29],[86,-28],[41,35],[70,-11],[60,-27],[25,-39],[86,-12],[17,-38],[94,-37],[131,-30],[92,-12],[28,-43],[88,38],[227,9],[145,24],[90,29],[83,77],[61,15],[33,33],[-9,41],[30,24],[104,-30],[1,-35],[39,-20],[-62,-52],[3,-33],[75,-81],[62,-39],[-22,-72],[35,-24],[-26,-28],[50,-61],[156,-86],[72,-83],[60,-7],[37,-31],[-41,-29],[36,-46],[173,-76],[122,7],[126,26],[111,-29],[60,-79],[54,-32],[77,-21],[60,3],[37,-15],[48,26],[46,-30],[62,-60],[42,-18],[112,-7],[28,12],[82,-42],[71,-8],[64,-40],[117,2],[28,16],[182,-18],[79,17],[102,-29],[92,6],[256,-69],[78,30],[88,-19],[43,-39],[7,-108],[-66,-45],[-47,-88],[0,-31],[65,-77],[-4,-26],[50,-64],[84,-46],[-10,-25],[55,-33],[195,-47],[52,-45],[93,3],[56,-65],[93,-48],[19,-63],[51,-68],[65,-22],[27,-29],[66,-36],[50,-48],[75,-5],[2,-33],[118,-34],[40,-24],[85,-7],[32,-24],[66,-6],[76,-26],[54,4],[116,-30],[62,11],[132,6],[85,-7],[62,17],[43,-53],[58,-28],[158,5],[55,-9],[21,-37],[52,-19],[44,8],[42,-56],[11,-42],[-15,-55],[30,-21],[131,-52],[93,-14],[98,1],[70,26],[67,-9],[81,29],[41,1],[79,-22],[37,-33],[38,18],[73,-68],[68,-27],[59,-5],[123,-41],[56,-1],[136,-119],[57,-35],[91,-36],[89,-14],[46,-34],[78,-18],[83,-2],[13,-39],[65,-29],[81,20],[114,-28],[63,-60],[45,-62],[69,-36],[97,-2],[115,-27],[99,-4],[52,-39],[81,0],[23,14],[86,-12],[45,-34],[68,-20],[-33,-91],[64,-48],[123,-22],[46,-31],[70,-15],[139,-5],[60,-44],[50,-77],[8,-67],[-61,-8],[-27,37],[-68,-1],[-51,-107],[-60,14],[-39,45],[-92,-15],[-90,46],[-16,-35],[-92,5],[35,-53],[54,35],[34,0],[54,-49],[86,22],[-3,-44],[100,-18],[112,88],[137,24],[5,90],[42,1],[177,-36],[194,11],[76,-39],[85,11],[81,-9],[67,-45],[57,-17],[63,4],[194,33],[35,-24],[6,-66],[-39,-32],[1,-54],[-57,-87],[75,38],[64,11],[-1,37],[-29,37],[-7,142],[54,63],[40,-1],[136,-34],[82,-52],[170,-27],[194,11],[108,27],[57,27],[25,-11],[84,31],[71,-20],[43,-26],[-26,-42],[7,-38],[66,28],[108,-8],[13,19],[100,-9],[16,40],[60,-16],[-27,-26],[58,-45],[69,-11],[-12,-71],[-34,-55],[18,-41],[-12,-69],[17,-48],[34,-27],[4,-35],[-98,-108],[-48,-1],[-14,-72],[27,-51],[99,30],[39,-54],[-25,-39],[27,-50],[68,-13],[7,-42],[-26,-39],[109,-37],[20,-26],[54,35],[92,15],[69,-2],[-16,-49],[39,-14],[38,31],[-30,39],[-115,39],[-65,14],[-62,54],[-108,167],[-47,36],[-44,-4],[-48,40],[20,33],[77,55],[-8,67],[-36,52],[-17,90],[17,42],[33,28],[48,3],[81,36],[102,-9],[73,-40],[112,10],[215,66],[109,60],[26,-9],[67,22],[101,3],[145,13],[36,-11],[122,9],[166,50],[238,92],[131,59],[213,111],[109,74],[27,50],[-30,54],[16,23],[62,23],[56,-82],[92,-22],[-29,-146],[-3,-59],[48,-65],[-45,-47],[-7,-46],[51,-47],[140,-43],[36,-38],[24,-63],[-18,-28],[125,-76],[-10,-38],[14,-52],[33,-47],[-99,-50],[9,-26],[-32,-37],[71,-83],[-5,-57],[34,-86],[-13,-18],[88,-52],[-68,-94],[-78,-10],[-11,-124],[115,-19],[-78,-40],[49,-28],[32,14],[48,70],[-1,47],[-85,3],[46,35],[54,65],[56,24],[28,32],[-8,62],[22,43],[-21,44],[-3,60],[58,-38],[-23,-64],[14,-40],[91,-8],[35,-43],[-11,-45],[-30,-21],[25,-47],[-7,-51],[35,-78],[42,19],[-20,48],[36,44],[-30,65],[30,70],[-20,55],[42,50],[74,7],[-31,36],[-40,-9],[-60,-47],[-33,-47],[-43,48],[-67,-14],[2,41],[35,19],[-50,114],[-49,31],[-68,20],[56,46],[9,55],[-64,58],[61,50],[-12,77],[24,78],[72,43],[77,-19],[8,65],[82,39],[28,43],[-34,20],[-35,-44],[-63,-1],[-60,-16],[-120,36],[-116,-81],[-66,-20],[-43,36],[-26,49],[6,32],[40,50],[6,38],[87,-12],[87,8],[174,33],[124,37],[85,34],[217,114],[128,90],[29,46],[-13,18],[24,55],[77,8],[71,59],[-1,21],[-76,130],[25,37],[41,21],[57,-11],[61,19],[48,-35],[151,-50],[38,-21],[60,15],[121,63],[116,70],[203,170],[21,34],[-96,125],[25,11],[90,-7],[51,-35],[4,-46],[114,-30],[20,-48],[42,-16],[91,4],[49,-33],[6,-59],[87,-3],[104,63],[46,19],[90,-6],[91,-46],[62,-48],[31,-41],[73,-36],[38,-41],[18,-74],[69,-58],[-2,-42],[-67,-6],[-10,-45],[32,-9],[42,-44],[51,26],[69,3],[62,-47],[-8,-50],[26,-47],[-30,-36],[23,-61],[69,-19],[43,-36],[-121,-13],[-7,35],[-97,2],[-57,-51],[-123,3],[-47,-51],[-72,-47],[-38,-52],[-60,19],[-81,-14],[54,-136],[-4,-35],[38,-13],[9,78],[39,11],[47,53],[53,20],[97,83],[91,-33],[130,47],[48,-12],[42,14],[34,-16],[30,-43],[46,-12],[-20,-82],[31,-90],[-34,-81],[64,-28],[61,-4],[54,-24],[30,-61],[-43,-57],[-20,-58],[35,-32],[-27,-33],[3,-36],[52,-16],[-11,57],[40,14],[13,33],[62,26],[57,-19],[40,10],[-126,101],[12,48],[-51,89],[-71,42],[22,32],[61,-23],[27,-32],[89,-14],[57,-49],[67,25],[25,33],[71,47],[65,88],[12,43],[64,52],[179,-56],[112,-62],[42,7],[73,-42],[40,-55],[76,-37],[79,-13],[15,-36],[41,-19],[16,-60],[-58,-14],[-92,-52],[-15,-35],[-81,-32],[94,-36],[-26,-31],[5,-40],[-31,-34],[-72,-27],[-3,-45],[-64,10],[-22,52],[-49,-19],[40,-77],[98,-82],[97,-60],[19,-32],[57,-34],[39,-5],[25,-32],[104,-58],[23,-39],[-11,-93],[63,-95],[80,-72],[13,-55],[65,-24],[46,4],[21,32],[129,84],[26,-27],[68,-23],[-47,-36],[-30,-64],[37,-77],[103,-49],[-11,-48],[21,-50],[-22,-98],[-51,-77],[-47,0],[-18,-28],[28,-34],[10,-65],[-26,-26],[58,-72],[161,-102],[76,-24],[63,4],[56,-19],[56,15],[53,-60],[-5,-27],[30,-42],[92,-78],[157,-104],[44,-79],[44,61],[126,16],[13,27],[82,24],[37,23],[31,54],[30,7],[127,-25],[91,-54],[11,-37],[-47,-28],[-58,-64],[-8,-70],[38,-60],[38,-84],[-3,-126],[-12,-58],[27,-70],[44,-48],[44,-17],[89,-63],[80,-25],[217,-22],[64,-62],[3,-44],[60,12],[32,-48],[-15,-25],[-65,-37],[-30,-36],[18,-60],[51,-44],[55,-89],[76,-59],[-13,72],[-33,14],[-120,135],[0,33],[95,47],[33,61],[-72,64],[-73,43],[-36,70],[-64,44],[-55,16],[-143,86],[-26,100],[-27,41],[-73,49],[-67,59],[-20,39],[-41,125],[6,50],[63,36],[25,33],[-7,39],[-97,113],[-30,22],[-92,17],[-77,-17],[-134,-67],[-54,22],[9,57],[-47,58],[32,27],[-11,42],[-52,27],[-83,18],[-45,-4],[-44,27],[-58,5],[-59,-15],[-150,9],[-94,-10],[-78,22],[-88,9],[-51,46],[-62,19],[-22,75],[28,56],[59,34],[26,37],[58,16],[21,36],[55,18],[64,39],[118,29],[65,3],[18,76],[-60,25],[3,30],[-93,42],[-19,44],[-45,48],[8,29],[-58,27],[5,21],[-81,81],[-77,19],[-27,42],[-67,20],[-24,39],[5,40],[-49,20],[-37,-21],[-107,27],[-56,35],[-40,-8],[-102,54],[0,60],[-16,37],[20,76],[-30,93],[-53,-25],[-35,-44],[-45,-31],[-49,2],[-102,-53],[-119,66],[-15,48],[52,60],[40,-24],[52,9],[70,50],[-55,69],[-26,50],[29,29],[3,61],[76,13],[45,41],[124,21],[121,-23],[42,-32],[54,-69],[66,5],[-107,146],[-134,46],[-81,44],[-79,56],[-70,37],[-173,129],[-107,93],[58,2],[-17,61],[-119,0],[-27,23],[26,42],[-90,2],[-63,27],[-83,61],[-86,11],[-62,-11],[-28,-28],[-59,-9],[-102,-59],[-202,3],[-90,29],[-57,-9],[22,63],[-24,41],[-66,-25],[-118,93],[93,59],[-15,99],[47,23],[-9,33],[-62,-27],[-58,-8],[-34,48],[12,20],[-26,83],[22,58],[-56,109],[-40,56],[-52,38],[2,90],[-42,22],[-31,63],[-131,50],[42,65],[64,-65],[41,0],[19,-33],[53,-4],[90,39],[59,52],[45,21],[52,67],[35,63],[80,45],[90,8],[147,65],[55,39],[84,25],[118,69],[58,84],[30,-17],[67,6],[39,-34],[49,-72],[49,-20],[123,8],[53,27],[68,-7],[58,-38],[55,-5],[62,21],[59,-5],[123,40],[113,30],[56,-7],[169,142],[102,49],[142,103],[115,106],[22,64],[93,62],[70,-29],[98,21],[50,43],[89,-1],[124,-119],[75,2],[93,15],[103,37],[71,-22],[134,-85],[6,-50],[56,-17],[85,8],[100,30],[33,42],[55,-32],[49,-3],[39,-24],[140,37],[71,4],[-8,-58],[97,-48],[150,-47],[43,4],[20,-32],[63,-11],[91,-43],[65,12],[43,-22],[-85,-43],[-68,-68],[-3,-84],[51,19],[4,48],[61,23],[74,103],[-26,40],[48,44],[80,-29],[94,5],[79,34],[146,95],[46,0],[44,-23],[42,26],[130,44],[85,51],[109,84],[73,69],[60,85],[96,102],[61,115],[-11,34],[37,16],[71,4],[103,43],[36,32],[76,5],[89,58],[41,-39],[-31,-16],[29,-62],[108,-65],[54,-15],[116,-9],[119,16],[85,25],[133,71],[81,59],[27,32],[77,33],[27,-5],[27,-62],[67,-68],[26,-44],[-25,-112],[85,-135],[-15,-55],[66,-6],[105,11],[72,-37],[116,-31],[67,-42],[15,-29],[-27,-59],[27,-87],[67,-38],[-9,-47],[35,-48],[42,-9],[28,-33],[143,-16],[9,32],[-145,11],[-6,47],[164,-8],[164,23],[123,28],[38,-2],[242,97],[76,48],[177,76],[155,83],[114,78],[115,89],[116,99],[108,101],[91,95],[291,321],[65,92],[63,105],[70,75],[47,16],[53,53],[-14,21],[116,153],[61,94],[-16,46],[-36,26],[-5,39],[111,-16],[26,67],[50,45],[-8,57],[66,52],[89,-11],[60,4],[99,28],[65,8],[106,51],[125,43],[26,47],[67,1],[72,52],[58,63],[113,51],[13,-19],[-24,-60],[51,-36],[63,-24],[142,-94],[-4,-30],[53,-49],[-2,-24],[43,-57],[93,-78],[100,-52],[90,-14],[134,10],[226,63],[123,4],[38,-14],[25,-71],[-5,-30],[117,-57],[23,-28],[81,-31],[15,-33],[61,-36],[44,3],[217,-52],[75,7],[137,-21],[78,-28],[28,8],[154,-8],[290,86],[176,99],[124,51],[36,-3],[-69,-95],[10,-36],[35,-17],[96,-5],[-48,38],[-14,46],[7,51],[39,43],[-8,36],[50,53],[176,141],[208,217],[163,213],[123,185],[82,130],[0,24],[-41,49],[12,97],[32,31],[38,-20],[45,33],[60,141],[12,92],[-17,28],[-44,3],[-63,44],[-32,-25],[-66,4],[-3,43],[-36,19],[14,37],[-30,55],[46,13],[19,-32],[83,-54],[49,11],[92,-8],[83,37],[81,22],[27,32],[66,-38],[74,11],[30,-21],[115,-5],[90,-20],[112,-12],[18,-31],[50,-24],[8,-37],[37,-12],[86,11],[72,25],[3,-68],[66,-72],[-62,-38],[35,-55],[71,-55],[25,54],[-81,47],[9,31],[74,-46],[65,-16],[88,-40],[53,-10],[171,-6],[74,14],[30,24],[44,-51],[38,-6],[24,-43],[100,-89],[79,-55],[19,-61],[54,-85],[82,-110],[68,-72],[122,-101],[93,-69],[119,-74],[-110,21],[-68,48],[-34,50],[-80,-31],[4,85],[-51,50],[-57,-18],[-10,-61],[8,-49],[-20,-37],[36,-37],[91,-22],[79,-8],[24,54],[130,-67],[75,-8],[21,-18],[106,-24],[237,-10],[35,10],[35,64],[-13,58],[-40,33],[26,18],[4,48],[34,0],[56,-52],[-4,-29],[42,-53],[159,-105],[124,-57],[118,-30],[86,3],[-7,-51],[-27,-69],[6,-130],[21,-54],[65,-90],[52,-21],[25,-56],[49,-40],[100,-35],[53,17],[68,-39],[88,-16],[51,-102],[60,-35],[-12,-79],[19,-57],[74,-109],[80,-89],[73,-62],[45,-10],[58,-70],[53,-33],[54,-6],[8,-55],[-17,-35],[4,-57],[33,-111],[33,-46],[110,-55],[26,-30],[-8,-55],[26,-66],[57,-47],[17,-39],[78,-44],[57,-3],[64,38],[79,-10],[58,-46],[-124,-19],[-122,-74],[-64,-68],[-55,-32],[-174,-194],[0,-16],[-82,-64],[-50,-69],[-32,-67],[-20,-73],[-8,-144],[-45,-10],[-52,118],[42,58],[38,127],[-18,14],[-67,-36],[-73,24],[-57,-13],[-94,-48],[-52,-43],[-35,-8],[-34,-48],[49,-54],[53,2],[93,-49],[106,15],[51,-22],[17,-55],[73,-54],[57,-10],[-29,-66],[-40,-37],[-44,-118],[-8,-69],[-49,-51],[-25,-105],[-80,-82],[-65,-142],[-34,-187],[18,-90],[-2,-110],[27,-50],[44,-30],[11,-79],[47,-49],[51,-7],[-22,-42],[30,-32],[-48,-32],[-14,-65],[-61,-25],[-80,-76],[-91,-16],[-71,-79],[179,45],[-3,-88],[28,-150],[-86,35],[-4,-24],[78,-61],[165,3],[13,-20],[-44,-39],[30,-50],[-23,-16],[16,-115],[47,-77],[81,-91],[-16,-31],[94,-96],[-110,-14],[28,-32],[58,-13],[66,39],[137,57],[44,-47],[-7,-44],[126,29],[53,47],[64,-63],[54,-12],[3,-72],[-50,-28],[-25,-70],[8,-46],[-39,-25],[-16,-37],[-54,-47],[-89,-4],[-21,-51],[-89,-63],[0,-76],[34,-55],[-85,-55],[-95,-15],[-95,-5],[-7,92],[70,73],[-24,46],[8,70],[-68,-1],[-132,24],[1,-63],[-76,-69],[8,-135],[-52,-88],[59,-70],[-4,-39],[-81,-46],[-87,-9],[-44,-38],[-33,17],[-62,-11],[-52,-53],[-81,56],[-30,46],[-43,-40],[80,-72],[62,7],[31,-25],[85,-8],[38,-41],[11,-44],[36,-29],[77,14],[68,-6],[158,128],[81,55],[110,19],[112,67],[49,77],[-4,63],[30,52],[44,38],[95,31],[32,68],[32,32],[4,55],[28,36],[8,68],[67,-52],[81,16],[111,74],[58,11],[30,-20],[-2,-86],[-62,-23],[-21,-41],[-55,4],[-132,-95],[-97,-102],[-45,-57],[-48,-87],[-43,-112],[-26,-145],[-59,-161],[-158,-253],[-68,-67],[-45,10],[-95,-14],[-93,-29],[0,-70],[123,-22],[-14,53],[65,70],[43,-10],[-43,-108],[-21,-86],[-10,-159],[-46,-52],[-59,-95],[-59,-155],[-21,-113],[19,-48],[-52,-65],[-39,-81],[-28,-92],[-14,-110],[-109,39],[-28,-3],[-60,37],[-52,1],[-32,-39],[-81,13],[-49,-19],[112,-95],[32,9],[-10,69],[45,49],[46,-29],[64,-9],[118,-44],[-17,-126],[12,-204],[29,-119],[-24,-7],[-58,119],[-78,73],[5,40],[-93,-55],[11,-22],[83,-2],[25,-47],[42,-15],[10,-49],[-14,-40],[100,-75],[70,12],[22,-137],[34,-35],[11,-151],[24,-37],[3,-56],[41,-44],[10,-38],[-35,-42],[39,-99],[35,-43],[54,-20],[17,-28],[73,13],[47,-51],[23,-78],[37,-26],[97,-21],[-2,-72],[24,-60],[-10,-53],[21,-34],[-5,-41],[29,-80],[-10,-148],[20,-148],[-36,-45],[-45,-17],[0,-58],[19,-42],[-31,-21],[-34,-57],[-80,-34],[-81,-91],[-65,-111],[-35,-102],[-15,-71],[-9,-168],[18,-56],[62,-49],[-29,-49],[-29,0],[-38,-62],[-21,-64],[-27,-158],[15,-105],[56,-109],[82,-65],[48,-14],[42,12],[22,-101],[-74,-17],[-49,5],[-76,-37],[-49,-54],[-50,-75],[-22,-66],[-48,-101],[-67,-93],[-60,-147],[-26,-108],[-5,-71],[8,-87],[29,-126],[-4,-53],[12,-110],[22,-73],[62,-124],[113,-97],[50,-25],[12,-61],[115,-44],[48,-46],[45,12],[10,37],[92,-56],[1,-41],[-37,-9],[11,-38],[-49,-15],[-16,-42],[38,-35],[-39,-50],[24,-43],[109,-122],[68,9],[-20,-83],[40,-31],[37,-67],[-42,-55],[10,-21],[-51,-29],[-38,-48],[-44,-3],[-61,-26],[-30,-31],[-32,-86],[5,-104],[18,-46],[43,-27],[40,-94],[-57,-36],[-79,-6],[-79,-90],[-55,-144],[-12,-107],[-31,-24],[-31,-142],[-3,-392],[32,-112],[68,-102],[60,-37],[38,-49],[146,5],[34,-78],[9,-80],[61,-41],[-5,-65],[58,-32],[42,-40],[-13,-117],[58,-105],[44,-30],[56,-12],[65,9],[30,-77],[-35,-35],[60,-68],[5,-61],[-19,-26],[-98,-31],[-25,-25],[2,-62],[-112,24],[-64,-16],[-16,-62],[52,-121],[4,-41],[-45,-11],[-8,-48],[-58,-29],[-3,-29],[-44,-31],[-58,3],[-70,-15],[-63,-61],[49,-84],[53,-30],[55,-6],[35,51],[62,25],[83,-26],[20,-23],[104,-27],[92,-74],[88,-9],[70,33],[-3,-105],[57,-73],[-53,-131],[-68,-55],[-52,-59],[21,-35],[-18,-35],[43,-80],[-101,-56],[-91,-4],[-42,-42],[-68,-104],[-8,-57],[19,-119],[-63,-34],[-11,-29],[35,-41],[-7,-33],[-161,-28],[3,-83],[79,-41],[-73,-45],[-142,-46],[-43,1],[-45,25],[-7,42],[31,30],[-24,61],[-6,82],[-57,73],[-72,46],[-63,13],[-29,-38],[-98,30],[-72,3],[-49,29],[-48,55],[-29,126],[11,51],[-24,42],[38,32],[44,-18],[43,33],[57,-16],[63,38],[47,73],[-21,40],[64,58],[4,60],[142,80],[34,31],[25,96],[-55,93],[-130,147],[-85,60],[-81,-11],[-57,17],[3,92],[79,97],[62,56],[56,32],[128,19],[78,49],[75,13],[6,51],[58,38],[-42,81],[-62,33],[-40,-30],[-90,-15],[-33,47],[19,29],[-62,56],[-75,45],[-69,24],[-129,-5],[-21,-22],[-78,-2],[-82,49],[-12,76],[-81,38],[-11,67],[57,32],[7,38],[-35,24],[-85,30],[-42,33],[-132,51],[-140,43],[28,56],[38,22],[54,-44],[61,-17],[28,20],[5,40],[-65,38],[-82,-1],[-167,25],[-87,-26],[-41,-80],[-56,-37],[-70,10],[-118,-21],[-138,9],[-55,29],[-17,136],[37,67],[46,32],[89,25],[46,-1],[18,30],[-54,27],[4,68],[21,31],[84,4],[51,18],[86,60],[64,15],[61,-29],[105,-14],[103,51],[43,54],[13,48],[33,42],[53,17],[36,36],[1,38],[82,114],[82,37],[27,29],[36,76],[2,60],[-16,44],[-48,41],[-64,23],[-81,0],[-26,-30],[-77,-45],[-77,30],[-25,-72],[-27,-17],[16,-41],[61,-47],[-73,-55],[-8,-40],[-85,-95],[-65,-12],[-42,-45],[-73,18],[-54,36],[-42,70],[-67,26],[-77,2],[-23,73],[6,69],[-74,23],[-118,-77],[-63,-56],[13,-46],[-122,-86],[-16,-77],[33,-56],[-30,-34],[22,-39],[-8,-58],[20,-41],[-50,-8],[-24,-32],[11,-49],[-14,-46],[35,-10],[62,28],[41,61],[-4,62],[-68,35],[45,43],[83,-17],[88,-39],[13,-72],[-55,-84],[45,2],[40,-24],[-101,-67],[-66,-66],[-169,-14],[-124,31],[-92,-82],[-56,-33],[95,-12],[25,-26],[-57,-25],[55,-35],[-5,-37],[120,16],[189,59],[49,-23],[27,-34],[127,-73],[35,-7],[114,10],[77,30],[153,-17],[61,-1],[156,-20],[98,-39],[153,-41],[58,-36],[-1,-59],[-48,-13],[-173,35],[-286,39],[-173,10],[-233,21],[-149,4],[-162,-2],[-183,-10],[-171,-20],[-133,-23],[-101,-27],[-111,-41],[-133,-81],[-81,-74],[-7,-32],[44,-100],[119,-50],[-94,-60],[-9,-46],[19,-79],[40,-38],[-59,-55],[5,-98],[43,-17],[-21,-63],[32,-51],[35,-26],[-101,-36],[-58,-64],[-33,-56],[-9,-105],[-31,-51],[-233,-103],[-64,-41],[-15,-83],[-26,-38],[-33,-5],[-95,-77],[-20,-79],[-47,-18],[-24,-40],[-86,-72],[-55,-59],[-21,-67],[18,-59],[67,-13],[26,-43],[57,-9],[35,-58],[-112,-76],[-51,-45],[12,-82],[-38,-14],[-7,-48],[37,-18],[6,-59],[-41,-12],[-33,-59],[-51,-38],[-47,-60],[-30,-72],[9,-62],[-26,-19],[-65,11],[-123,-4],[-60,-17],[-1,-30],[-118,-103],[-12,-51],[44,-43],[-44,-56],[-229,-47],[-106,8],[3,-35],[44,-20],[-86,-35],[-65,24],[-14,57],[-55,-70],[-4,-66],[58,-18],[56,29],[54,8],[19,-25],[77,51],[45,-1],[-7,-44],[38,-78],[28,29],[28,69],[-22,39],[73,65],[29,-40],[110,58],[49,-15],[44,27],[-90,13],[14,34],[57,28],[-45,43],[104,29],[82,73],[-24,44],[70,39],[55,-40],[62,2],[82,-24],[59,33],[45,-36],[-53,-49],[22,-45],[-11,-43],[31,-42],[-1,-41],[90,-108],[-24,-27],[-8,-54],[58,-6],[-54,-48],[-51,-13],[-115,-122],[-20,-43],[10,-78],[-32,-34],[-104,-34],[-68,-62],[-65,-81],[-46,-83],[-24,-83],[-33,-68],[61,-57],[-11,-32],[96,-51],[41,-52],[-12,-74],[58,-57],[-35,-35],[55,-72],[110,8],[25,-21],[-17,-81],[39,-35],[-38,-30],[-19,-70],[20,-42],[-77,-38],[-37,-45],[-22,-90],[-28,-20],[-27,-161],[-38,-16],[-4,-40],[-38,-58],[51,6],[-5,87],[34,-1],[9,-93],[23,-51],[56,-15],[23,-35],[57,-39],[48,-14],[-128,-102],[-74,-14],[35,-34],[-41,-49],[-41,-15],[-45,20],[-64,107],[-115,2],[-44,-44],[-49,-17],[-16,-31],[34,-23],[-16,-51],[-129,-37],[-35,-95],[25,-56],[-36,-18],[14,-37],[-13,-40],[-71,-31],[-98,54],[-20,28],[-113,-38],[-25,95],[9,30],[-75,24],[7,58],[57,36],[-40,24],[-23,44],[-148,124],[22,73],[70,33],[19,92],[-49,-29],[-4,-67],[-60,-35],[-55,24],[-25,-26],[19,-44],[-102,-40],[-42,-52],[6,-29],[42,-35],[143,-69],[34,-84],[-24,-41],[36,-43],[-46,-48],[-133,27],[-41,-18],[-36,22],[-114,14],[-65,-63],[-65,-28],[-66,-54],[60,-11],[-3,-42],[43,-77],[76,1],[58,-28],[64,-4],[33,41],[50,-2],[64,-41],[20,-100],[38,-74],[49,-28],[27,-70],[60,-15],[88,-53],[40,23],[8,-79],[49,-47],[126,-38],[-9,-61],[-84,-53],[29,-28],[-44,-58],[17,-50],[-48,-17],[-45,-51],[17,-35],[146,-87],[147,-55],[34,-44],[0,-58],[-161,33],[-70,30],[-80,9],[104,-85],[133,-13],[17,-26],[4,-63],[85,-79],[38,-24],[-49,-87],[38,-35],[-57,-35],[-4,-44],[-79,-23],[-84,-59],[-7,-57],[-48,-21],[-33,-60],[18,-54],[-38,-37],[37,-23],[50,56],[49,-35],[-17,-39],[-54,-17],[27,-40],[-9,-67],[39,-58],[-75,-54],[-16,-33],[-59,-45],[-102,-32],[-152,-11],[-78,5],[-28,-34],[-100,-22],[-97,-99],[-12,-45],[-56,-26],[-26,-56],[-41,-33],[-44,-77],[-65,-149],[-36,-110],[-20,-104],[-11,-164],[17,-150],[37,-112],[68,-123],[49,-31],[-17,-33],[-136,110],[-29,66],[-13,69],[-35,82],[-36,-5],[-11,-86],[-36,-20],[-62,-115],[-6,-105],[-60,23],[-62,-25],[-36,-43],[-17,-61],[24,-63],[-68,-6],[-22,-43],[12,-31],[126,-86],[-39,-63],[-36,1],[-1,61],[-18,50],[-44,32],[-81,-34],[-11,-93],[-26,-26],[16,-42],[-94,-19],[-63,-41],[-7,-44],[-94,-18],[-69,-41],[-103,18],[-43,-13],[-14,-34],[28,-74],[-25,-26],[-112,37],[-121,19],[-46,-22],[13,-34],[-52,-40],[-57,54],[-73,21],[-41,-9],[-51,56],[-94,22],[-82,3],[-21,-22],[-81,-28],[16,73],[-58,61],[-43,22],[-79,-18],[-26,-42],[-94,-13],[-36,-29],[-49,7],[-73,35],[-83,-18],[-8,-53],[-82,-26],[-24,-22],[-152,-12],[19,29],[7,62],[-35,40],[-133,66],[-44,-3],[-53,-84],[-42,2],[-88,55],[-18,58],[11,52],[27,29],[82,-6],[103,-50],[67,78],[76,10],[57,21],[76,-10],[48,32],[3,88],[44,9],[72,-18],[9,26],[-89,4],[-69,-21],[-33,-36],[-77,-32],[-52,5],[-48,-46],[-89,-34],[-35,13],[-54,-25],[-61,1],[-86,44],[-166,48],[-142,26],[-101,-24],[3,42],[40,7],[16,60],[-49,43],[-4,28],[82,-10],[37,65],[52,6],[17,24],[-4,86],[-68,71],[-103,46],[-37,47],[0,42],[35,38],[-16,22],[-65,-10],[-26,61],[-44,60],[-19,88],[77,40],[3,34],[-47,66],[39,34],[-42,40],[-19,51],[-47,-18],[-18,-35],[41,-46],[-27,-40],[-86,-23],[-52,-1],[-35,24],[-75,21],[-71,3],[-67,21],[-19,-48],[-93,18],[-36,30],[1,63],[-19,39],[-77,20],[-66,-17],[-35,41],[-73,11],[-26,-46],[31,-20],[-19,-56],[60,-32],[42,-57],[9,-70],[-47,-31],[-90,13],[-35,19],[9,34],[-37,70],[1,48],[-52,33],[17,29],[-58,38],[-61,3],[-69,-43],[-47,-57],[-74,-52],[-79,-35],[10,-41],[-83,-23],[-133,87],[-13,29],[-101,9],[-49,32],[-119,95],[10,16],[108,53],[61,62],[-10,59],[-42,-23],[-133,40],[-36,36],[-34,-17],[-1,-36],[29,-43],[-5,-45],[-61,-36],[18,-40],[-26,-21],[-43,30],[-75,10],[9,-81],[79,-29],[20,-75],[34,-20],[3,-51],[92,-23],[40,-46],[26,-58],[84,-36],[124,-9],[115,25],[51,-24],[-21,-25],[-80,23],[-46,-8],[-25,-31],[22,-95],[65,-48],[36,1],[66,-26],[66,31],[113,94],[14,84],[75,-17],[55,30],[14,-45],[-17,-49],[58,-87],[62,-31],[131,-1],[193,37],[175,-3],[150,10],[68,-2],[198,-44],[84,-48],[26,-45],[76,-44],[91,-75],[-60,-17],[-116,57],[-133,42],[-242,14],[-121,-16],[-245,-50],[-185,-65],[-178,-97],[-156,-122],[-11,-32],[99,-78],[7,-42],[-93,-127],[-45,-84],[8,-26],[-62,-90],[-24,-82],[16,-74],[65,-50],[155,15],[12,-98],[30,-26],[85,10],[110,-82],[21,-64],[56,-69],[-18,-47],[21,-66],[-30,-32],[0,-60],[-77,-4],[-97,77],[-93,-12],[-10,-33],[20,-51],[50,-30],[-107,-19],[-25,-26],[44,-72],[46,-10],[35,-39],[30,-94],[32,-38],[72,-8],[81,36],[48,55],[15,41],[-16,39],[-103,32],[8,71],[95,-3],[75,37],[84,-87],[-14,-48],[24,-47],[-20,-45],[8,-43],[44,-20],[-1,-28],[-146,-10],[-139,-31],[-86,-34],[-24,-22],[8,-50],[53,-42],[7,-80],[-64,-90],[-38,-37],[34,-15],[-32,-42],[-72,19],[-196,-31],[-97,-23],[-118,-40],[-24,-49],[-62,-23],[-116,-15],[-161,1],[-203,-44],[-208,-73],[-90,-91],[-49,34],[-97,33],[52,18],[-21,51],[-67,39],[21,37],[46,13],[10,29],[52,33],[15,61],[-19,73],[-47,61],[-68,49],[-89,15],[-27,24],[36,62],[29,99],[34,30],[-3,80],[-45,47],[-97,38],[-14,34],[43,16],[52,-6],[34,22],[38,73],[-5,59],[51,-1],[0,-143],[-61,-22],[26,-60],[63,-32],[102,-34],[19,-100],[-8,-84],[-21,-40],[68,-57],[75,-99],[-32,-64],[40,-51],[-1,-36],[32,-25],[80,-26],[196,-30],[112,24],[84,39],[75,58],[17,59],[-5,46],[-48,32],[40,42],[-34,52],[-22,73],[51,62],[-1,57],[75,27],[12,42],[-39,95],[-92,81],[-44,17],[-72,-35],[-107,10],[-50,-59],[-26,0],[36,85],[-43,62],[62,39],[24,45],[1,65],[-49,35],[68,10],[28,36],[-8,60],[9,81],[86,52],[23,117],[110,55],[54,9],[34,-18],[45,-97],[66,-19],[45,24],[-94,58],[-7,35],[27,41],[-4,49],[-28,47],[-46,33],[-69,0],[-114,-30],[-62,-3],[-37,-31],[-94,33],[-65,13],[-123,2],[-68,-49],[42,-67],[-27,-90],[-34,-18],[-127,-193],[-96,33],[-62,-14],[-12,46],[42,78],[6,64],[-12,48],[21,58],[66,62],[-2,46],[-41,78],[-28,26],[-34,79],[-58,28],[-23,35],[29,18],[-30,50],[-153,34],[-87,-12],[-40,32],[-151,-2],[-54,-40],[-45,50],[6,41],[47,14],[20,39],[-142,-33],[-71,-25],[-19,70],[35,18],[20,47],[-60,-1],[1,68],[48,32],[10,99],[-65,-40],[-74,28],[-16,34],[-65,22],[-1,45],[86,55],[-23,21],[-122,-50],[-96,136],[-121,74],[2,47],[41,38],[-11,22],[-65,19],[-32,-12],[-57,48],[-141,25],[-58,18],[-6,23],[-105,46],[-40,34],[4,52],[83,28],[59,68],[-21,42],[-70,49],[-16,58],[-66,-53],[-115,-2],[-88,62],[-5,91],[-44,65],[20,28],[31,97],[-37,47],[-112,42],[-3,-37],[59,-57],[-37,-18],[-63,88],[-23,51],[-172,75],[-60,-24],[-75,50],[-96,29],[-38,-4],[-139,133],[-66,18],[-97,-25],[-88,-54],[-29,-133],[-102,-20],[-58,-20],[-115,-61],[-98,-6],[-60,-23],[-54,-52],[-79,-145],[-82,-31],[-84,-8],[-66,12],[-57,-18],[-84,-65],[14,-15],[91,57],[45,18],[108,-11],[116,28],[38,21],[21,71],[67,81],[66,44],[151,18],[190,80],[91,29],[56,-4],[95,37],[116,-6],[166,-91],[164,-51],[49,-45],[14,-53],[114,-54],[37,-34],[54,13],[10,-55],[53,-73],[4,-37],[-74,-105],[110,-1],[74,-16],[41,-43],[61,4],[30,20],[49,-33],[-48,-14],[-57,-41],[-167,54],[-21,-24],[58,-23],[-5,-59],[-60,-22],[-48,-69],[41,-63],[-2,-51],[48,0],[48,-40],[45,0],[35,-45],[54,-36],[71,-12],[11,20],[80,55],[149,19],[82,-23],[39,-40],[-100,-32],[-53,-46],[39,-19],[37,12],[15,-48],[40,7],[-1,44],[-24,24],[69,27],[74,-38],[44,-4],[63,-37],[20,-76],[-34,-27],[-39,1],[7,-78],[66,2],[41,-27],[8,-46],[-71,2],[-27,-53],[114,-60],[28,-42],[60,-3],[25,-26],[-34,-64],[9,-42],[53,-45],[30,-63],[-59,-6],[-56,-40],[87,-12],[-8,-62],[-62,-35],[-24,-78],[83,-21],[-17,-21],[99,-58],[50,-11],[91,3],[16,-49],[45,-38],[25,-139],[-19,-78],[-36,-56],[-23,-66],[2,-41],[-25,-93],[-113,-24],[-67,-110],[9,-56],[-38,-51],[2,-45],[-32,-18],[-102,-26],[-58,-81],[75,-56],[3,-96],[-21,-59],[-50,-45],[-3,-40],[56,-16],[21,-59],[-19,-54],[26,-19],[45,-75],[12,-74],[46,-83],[-12,-75],[46,-23],[43,-60],[-19,-58],[-70,-26],[-40,-44],[-71,8],[-93,-41],[-107,16],[-86,95],[0,25],[-73,69],[-29,80],[-40,37],[1,34],[-74,75],[-15,31],[3,70],[-35,17],[-30,112],[-85,-13],[-78,-60],[-46,-86],[18,-30],[78,7],[39,-43],[-48,-39],[12,-52],[-26,-63],[-40,-9],[16,-37],[-77,-19],[6,-61],[-28,-36],[32,-24],[-21,-56],[-53,-71],[23,-37],[-87,-51],[4,-27],[113,-6],[162,-31],[63,-52],[107,-12],[19,-25],[97,-39],[-2,-88],[-49,-65],[-102,-63],[-42,-37],[-14,-88],[-50,47],[-88,41],[-90,-42],[-71,25],[-29,-19],[37,-58],[82,-18],[33,-22],[6,-58],[-46,-39],[-137,-14],[-61,23],[-51,-35],[5,-50],[94,7],[72,-51],[-117,-3],[-27,-23],[38,-73],[-71,-9],[-33,-53],[-61,-57],[66,-19],[15,-22],[-120,-32],[35,-70],[-33,-41],[30,-21],[85,-17],[-83,-68],[-30,-42],[2,-37],[47,-44],[0,-35],[92,-48],[39,-32],[-8,-54],[65,-83],[-16,-34],[21,-41],[-8,-34],[32,-31],[12,-68],[-20,-58],[16,-106],[-45,-65],[-17,-59],[-66,-45],[-111,-150],[-20,-77],[29,-30],[-33,-50],[29,-31],[-39,-41],[-48,-4],[-47,-58],[-72,-37],[-95,-28],[-57,-6],[-117,37],[-133,23],[-97,7],[-33,-17],[-55,12],[-76,-26],[-38,-39],[-77,-22],[-84,75],[-85,23],[-38,-6],[-129,138],[15,41],[-20,92],[25,68],[-194,35],[-17,48],[-61,10],[-43,-14],[-13,-34],[-85,-1],[-53,-25],[-5,-34],[-102,-4],[-15,87]],[[461812,51665],[157,103],[3,42],[53,51],[-15,27],[41,19],[63,3],[102,-31],[54,-49],[-22,-57],[26,-75],[-21,-92],[57,-60],[-16,-81],[45,-89],[52,-17],[26,-61],[-24,-46],[38,-21],[27,25],[-24,79],[-21,19],[23,43],[51,-35],[73,-69],[6,-35],[64,-45],[9,44],[-26,45],[-12,61],[-30,36],[-69,-1],[-45,103],[-38,43],[-32,65],[-47,20],[-16,131],[46,-28],[141,-190],[134,-163],[112,-97],[172,-122],[111,-112],[163,-196],[87,-95],[142,-137],[166,-148],[185,-150],[84,-82],[126,-103],[114,-109],[69,-80],[255,-278],[-74,0],[-21,-29],[154,-34],[240,-234],[254,-182],[76,-64],[94,-55],[131,-63],[-151,3],[70,-44],[113,22],[88,-26],[54,0],[93,40],[246,-115],[154,-47],[56,-27],[78,-9],[165,-58],[98,-17],[135,8],[128,32],[63,-8],[-33,-58],[-76,-206],[-32,-139],[-13,-102],[-4,-158],[30,-184],[57,-241],[6,-236],[-49,-101],[-59,-52],[-4,-40],[-66,-62],[-74,-46],[-48,-13],[-225,-102],[-62,4],[-46,-22],[-30,-62],[-107,-121],[-56,-47],[15,-54],[94,-52],[54,8],[41,47],[51,7],[60,-33],[48,-6],[40,15],[65,58],[219,28],[47,21],[52,82],[-18,96],[-10,155],[29,61],[-15,66],[73,-1],[15,-127],[24,-128],[37,-138],[65,-171],[21,-70],[51,-121],[45,-133],[65,-148],[33,-162],[50,-119],[49,-56],[56,-86],[14,-39],[80,-110],[5,-56],[-123,-67],[-150,-95],[-295,-101],[-100,-19],[-155,23],[-1,72],[19,53],[-9,36],[-53,-2],[-31,61],[-40,2],[-73,36],[-40,-35],[-41,23],[-46,-21],[-54,-4],[-13,-29],[-98,68],[-103,-17],[-82,-3],[-56,10],[-87,-6],[-59,-51],[-67,-17],[-154,-135],[48,-83],[-60,-51],[-59,-89],[40,-38],[-30,-46],[-84,0],[-15,-23],[-126,-10],[-55,-83],[-50,-4],[-16,-47],[-86,10],[-28,-40],[-35,6],[-118,-7],[-17,-44],[-92,27],[-124,-83],[-89,29],[-87,69],[-55,12],[-82,37],[-29,-10],[-5,-51],[-48,-33],[-48,75],[-58,43],[-38,-12],[-107,48],[-74,-10],[-37,79],[-50,43],[-39,13],[-83,-2],[-50,-23],[-44,42],[-18,63],[22,49],[-25,81],[-62,49],[-43,2],[-37,-46],[-36,13],[-33,53],[-15,75],[6,91],[62,-53],[48,6],[59,32],[58,79],[2,50],[-31,107],[-90,123],[-185,176],[-38,102],[15,179],[0,181],[-31,175],[-54,144],[-37,77],[-47,43],[-46,2],[-46,-26],[-28,52],[-3,39],[-79,78],[-93,-5],[-60,24],[-42,49],[-56,13],[-5,65],[-36,60],[-59,9],[-87,-72],[-2,-40],[44,-39],[67,17],[-3,-66],[-49,-47],[-61,-26],[-21,40],[2,110],[-14,214],[-17,91],[-53,32],[-48,95],[-27,85],[-39,80],[-67,48],[-62,12],[-157,51],[-36,-20],[-108,0],[-59,-80],[-130,48],[-148,125],[-92,42],[-47,-16],[-82,5],[-61,-24],[-9,62],[57,4],[109,122],[63,-50],[90,28],[39,58],[3,71],[59,-15],[5,33],[57,-12],[49,52],[-10,26],[67,30],[8,58],[-11,119],[34,1],[15,38],[-10,102],[-60,241],[-30,76],[-86,172],[-71,106],[-68,81],[-97,80],[-86,33],[-66,91],[-40,20],[-158,-4],[-60,-19],[-51,-38],[-51,10],[-199,-93],[-60,-14],[-67,-62],[-90,-24],[-56,48],[19,26],[-24,50],[-57,52],[-63,36],[-31,1],[-109,54],[-62,0],[-58,21],[-33,41],[-113,11],[-38,17],[16,40],[-69,56],[11,34],[-74,56],[43,13],[42,36],[93,17],[36,37],[62,0],[30,36],[8,105],[14,30],[54,43],[61,12],[12,-27],[60,-6],[105,49],[105,74],[-14,59],[16,25],[109,22],[84,-16],[17,-24],[72,-14],[15,61],[57,6],[86,-41],[53,8],[61,41],[70,114],[-18,73],[-61,49],[-42,14],[6,71],[106,47],[32,44],[74,7],[58,49],[36,51],[28,8],[32,59],[-62,68],[-10,26],[56,36],[-4,33],[-35,37],[-80,52],[-18,34],[-83,40],[-59,83],[-2,43],[23,20],[127,-13],[71,47],[87,-78],[25,-62],[54,-16],[26,-26],[71,7],[102,43],[34,51],[49,47],[68,14],[34,36],[85,-3],[26,19],[66,8],[47,50]],[[407936,49625],[38,36],[63,29],[-35,36],[29,23],[-33,59],[-4,40],[30,81],[26,23],[-13,38],[57,8],[66,82],[-29,25],[46,24],[38,39],[-44,54],[14,31],[76,74],[30,47],[15,121],[-36,85],[-39,23],[31,27],[-45,56],[-7,61],[36,32],[-24,26],[57,90],[-68,63],[38,35],[1,41],[-56,117],[-28,27],[-10,65],[-54,23],[-5,52],[17,22],[-29,46],[13,65],[-26,55],[43,11],[9,91],[-7,73],[22,26],[-66,91],[-44,36],[15,40],[-31,18],[26,69],[-37,29],[66,62],[69,5],[61,-8],[69,9],[68,48],[17,35],[53,43],[176,41],[65,11],[58,30],[204,178],[134,156],[53,82],[51,111],[27,76],[21,120],[-5,58],[-38,55],[25,53],[-23,72],[-56,54],[-29,48],[33,113],[-24,28],[1,59],[-18,22],[31,33],[38,-1],[57,-37],[23,6],[64,131],[57,46],[64,22],[55,-54],[54,-31],[119,-35],[151,-73],[46,-41],[9,-32],[83,-30],[77,5],[91,25],[33,22],[45,-79],[51,-27],[22,-37],[65,-25],[73,-46],[120,-46],[50,-29],[45,-6],[155,-60],[75,-111],[149,-123],[86,-64],[61,-28],[188,-128],[198,-108],[15,-44],[-3,-67],[-50,-278],[-18,-145],[-51,-335],[-5,-207],[19,-175],[30,-145],[47,-152],[51,-137],[129,-192],[71,-64],[15,-31],[-42,-186],[-68,-116],[-16,-60],[-42,-61],[-57,-37],[-40,-70],[-27,-76],[-17,-123],[7,-169],[42,-198],[42,-93],[123,-63],[71,-16],[125,-60],[35,-119],[-8,-65],[-26,-49],[5,-43],[-40,-145],[9,-36],[-32,-43],[17,-196],[-23,-59],[-42,-17],[-29,-48],[30,-53],[-21,-41],[-42,-27],[-14,-50],[-60,-48],[-32,-78],[27,-12],[-13,-80],[-101,-45],[-80,-65],[-19,-28],[18,-149],[44,-25],[-33,-40],[-76,-13],[-51,-63],[-81,37],[-96,-4],[-113,-28],[-25,-15],[-20,-76],[-58,-14],[-8,-51],[-61,-26],[-67,-11],[-76,-47],[7,-37],[-26,-60],[-68,-9],[-58,-40],[-1,-55],[-52,-23],[-57,-46],[-105,-34],[-103,-3],[-57,-29],[-3,-36],[-54,-18],[-102,32],[-84,-13],[-89,-42],[-63,-44],[13,-103],[-72,-30],[-45,-5],[-70,73],[-89,7],[-91,-33],[-105,-73],[-30,-73],[-165,-57],[-61,-36],[-39,-47],[-3,-60],[73,-56],[45,-63],[-1,-55],[-75,-61],[-79,100],[-63,62],[-105,68],[-49,-5],[-16,71],[106,97],[-52,66],[-91,2],[-50,-18],[-154,25],[-89,54],[-18,49],[25,83],[-19,33],[2,60],[20,22],[-78,32],[-27,68],[11,58],[27,26],[-4,36],[-41,71],[-58,41],[-2,48],[-63,71],[39,26],[50,5],[73,-31],[84,-7],[61,12],[86,66],[22,37],[-14,62],[-38,82],[7,22],[-27,145],[21,34],[-6,48],[49,67],[-1,68],[35,3],[11,78],[-62,18],[-33,87],[15,29],[64,33],[-55,31],[-7,37],[32,40],[-43,27],[7,23],[-28,83],[-53,61],[-15,44],[-70,21],[-75,39],[13,58],[-117,121],[-32,-3],[-40,54],[-128,51],[-50,49],[-25,60],[25,49],[50,4],[2,33],[-42,40],[-78,2],[-33,60],[11,53],[66,32],[-35,54],[17,24],[-36,39],[52,46]],[[460396,10862],[-75,-1],[-87,79],[47,35],[73,11],[53,-63],[54,-8],[53,14],[32,33],[42,-23],[57,23],[41,-3],[51,39],[38,-23],[124,10],[59,-21],[90,0],[80,-29],[30,54],[59,-12],[89,-53],[69,21],[74,-18],[74,-73],[24,66],[32,25],[-1,111],[-10,25],[-120,59],[-43,-8],[-94,27],[-33,-7],[-66,44],[-46,-18],[-12,-42],[-59,40],[-75,-11],[-19,14],[62,52],[52,-15],[48,54],[3,63],[127,-2],[26,16],[-13,51],[-42,18],[-19,39],[39,43],[63,-11],[37,11],[20,100],[132,-15],[29,16],[83,-44],[17,-23],[52,0],[29,51],[42,-25],[-65,-81],[94,-10],[9,-46],[-46,-55],[65,-91],[73,-62],[61,-38],[80,-28],[51,6],[18,45],[87,7],[65,18],[30,49],[69,22],[92,-23],[16,-33],[-25,-36],[-85,-52],[-68,0],[-36,-40],[12,-37],[36,-22],[76,1],[29,20],[54,-3],[-9,-58],[35,2],[95,-36],[31,-38],[-12,-36],[13,-53],[41,-27],[143,-154],[-18,-32],[6,-45],[-37,-92],[4,-21],[-113,-100],[-27,-61],[18,-12],[47,-126],[56,-7],[8,-46],[-24,-25],[70,-18],[20,-58],[-49,-42],[-16,-54],[-110,14],[32,-41],[-13,-39],[-122,-53],[-26,-32],[-86,-8],[-55,14],[-52,-13],[-31,-35],[18,-36],[-67,-46],[3,-28],[-36,-33],[-11,-54],[-54,3],[-58,-24],[-49,-69],[-56,25],[-73,-39],[-42,-56],[-12,-84],[42,-120],[39,-36],[74,-42],[66,-5],[49,12],[83,-63],[-42,-100],[45,-31],[-3,-31],[-57,-32],[5,-30],[-43,-39],[103,-27],[31,-31],[-22,-47],[29,-66],[36,-33],[7,-53],[80,-60],[-49,-35],[46,-38],[43,-112],[35,-44],[107,-40],[14,-23],[-32,-40],[-10,-105],[32,-31],[-17,-28],[-85,18],[-24,-35],[-44,-20],[-73,17],[-89,-5],[65,-62],[-56,-37],[-16,-42],[79,-65],[86,-6],[64,91],[92,4],[54,-13],[117,-71],[27,20],[111,-9],[49,16],[-33,-74],[-88,-48],[-62,-69],[-70,2],[-42,-34],[-51,-155],[-130,-121],[-64,-71],[-17,-101],[44,-80],[64,-36],[34,-39],[60,-39],[54,-3],[49,-33],[4,-38],[75,-49],[94,-40],[137,-8],[17,-29],[-80,-38],[-32,-39],[-39,5],[-17,33],[-50,29],[-65,2],[-28,-18],[-62,23],[-44,-2],[-104,29],[7,24],[-128,29],[-72,-17],[-36,15],[-73,3],[-7,49],[21,43],[-7,51],[-53,120],[-113,-3],[-70,-45],[-75,24],[-27,44],[-31,3],[-59,47],[-99,3],[-34,21],[-130,-41],[-27,34],[-6,149],[-18,188],[-21,50],[48,47],[-27,19],[3,63],[-72,75],[9,57],[-17,83],[-3,101],[-52,17],[-77,-43],[-81,-65],[-55,23],[-10,49],[-36,53],[25,61],[-9,73],[-22,41],[-47,-32],[8,-22],[-87,-77],[12,-47],[-57,-32],[140,-80],[67,-86],[-120,35],[-15,-92],[40,-19],[-19,-33],[-81,-21],[16,-41],[-66,-30],[-20,-32],[126,-63],[-14,-32],[69,-33],[33,1],[47,47],[15,92],[45,28],[14,-122],[-10,-39],[-73,-70],[-39,-1],[-69,-32],[-43,-64],[-3,-55],[50,-53],[40,-9],[58,46],[83,-47],[15,-50],[-69,-86],[11,-38],[98,-41],[-6,-43],[-30,-20],[-69,-2],[-102,81],[-127,71],[-17,84],[-68,22],[-68,-43],[10,-51],[-69,10],[-42,-61],[-62,21],[-40,-32],[-49,-73],[-79,-14],[-3,-28],[-73,-1],[-38,-27],[-6,-61],[-95,-60],[34,-31],[18,-92],[-16,-7],[14,-96],[-63,-19],[-94,53],[-24,-19],[-59,39],[-18,36],[24,116],[-67,101],[-81,45],[-34,-2],[-70,54],[-123,9],[-47,-38],[-96,72],[16,51],[-86,3],[-152,18],[-32,45],[-54,8],[-45,-44],[-68,44],[-12,45],[58,102],[5,53],[-69,3],[-28,-19],[-76,29],[-40,61],[-64,72],[34,50],[37,13],[17,42],[-42,54],[-36,14],[38,37],[-30,43],[15,36],[-75,15],[-25,70],[60,84],[33,9],[26,52],[65,61],[68,0],[79,15],[57,-2],[99,-66],[54,13],[55,53],[17,49],[-24,84],[-86,14],[-43,50],[-90,25],[141,50],[41,-10],[30,-47],[64,-10],[12,-52],[71,-24],[12,42],[-50,59],[-15,88],[-73,13],[-33,57],[-44,-44],[-79,-7],[-64,-50],[-74,-9],[-5,-21],[-70,-11],[-11,40],[-88,3],[-124,-24],[-51,-25],[-45,15],[1,28],[-100,57],[21,34],[-39,42],[-59,22],[-44,-17],[-80,25],[-52,-43],[-84,14],[5,69],[-120,103],[-72,28],[-43,-17],[-67,27],[-4,47],[-44,15],[-10,153],[25,117],[23,19],[11,80],[-67,45],[31,101],[-43,42],[43,35],[-2,28],[-72,24],[-10,123],[54,84],[66,48],[106,23],[87,40],[57,-17],[106,18],[52,-49],[108,-35],[38,5],[58,35],[71,63],[43,59],[29,95],[-15,67],[-51,23],[-3,32],[-50,48],[-93,52],[94,66],[-26,44],[-94,79],[-30,56],[17,60],[130,56],[43,2],[51,-37],[32,-1],[193,-92],[18,-55],[-18,-58],[74,-42],[58,-2],[54,16],[-5,47],[64,2],[32,24],[68,5],[36,-57],[17,-71],[-48,-62],[40,-39],[49,-7],[39,-29],[-81,-13],[-39,-66],[-6,-43],[-42,-27],[6,-43],[-59,-28],[-24,-45],[-44,-13],[9,-60],[-51,-15],[-38,-80],[-6,-42],[75,-58],[77,19],[36,-91],[68,-26],[-8,-64],[57,-5],[57,72],[61,54],[37,-40],[-9,-23],[46,-34],[8,-79],[-22,-49],[60,-51],[-32,-29],[41,-69],[81,-15],[51,9],[22,82],[25,42],[45,21],[9,-115],[16,-47],[31,-17],[36,-103],[59,10],[120,69],[52,-42],[85,35],[55,-7],[69,26],[18,-93],[63,-21],[3,-39],[36,-14],[60,44],[78,13],[46,-37],[62,3],[81,-25],[64,76],[-34,98],[-54,31],[-37,47],[74,81],[6,52],[90,-62],[45,-61],[49,-11],[29,-50],[-23,-56],[33,-27],[19,-58],[54,30],[15,157],[-31,26],[0,51],[76,49],[28,90],[53,23],[67,-26],[68,16],[156,13],[54,26],[88,18],[205,7],[7,52],[-128,-6],[-69,-23],[-45,5],[-104,-14],[-77,-21],[-67,10],[-91,31],[-14,18],[-119,49],[-105,-45],[-191,14],[43,59],[-20,29],[-54,27],[-75,4],[13,60],[32,22],[-49,91],[64,-10],[71,28],[2,24],[67,25],[10,27],[-132,10],[-82,29],[-31,27],[-39,95],[-46,7],[-68,-76],[-34,2],[-44,75],[-56,30],[-46,49],[42,36],[40,-44],[168,-6],[59,30],[68,63],[40,8],[91,-16],[41,31],[-57,34],[-11,29],[28,44],[57,32],[75,-6],[58,16],[-87,61],[23,19],[-46,38],[-64,-39],[-44,-57],[-145,-62],[-50,29],[14,103],[-24,30],[-52,-1],[-43,34],[-51,10],[-39,-14],[-14,-48],[-51,3],[16,59],[-28,23],[25,66],[43,-21],[49,56],[18,42],[-24,97],[10,49],[-86,108]],[[463273,43646],[34,19],[120,37],[37,21],[61,5],[-3,-50],[28,-14],[61,9],[47,25],[16,31],[79,75],[78,14],[47,72],[43,10],[47,-42],[110,0],[66,34],[69,16],[63,-33],[138,30],[98,48],[18,-26],[50,4],[39,24],[123,10],[-32,-35],[31,-41],[94,-17],[93,26],[71,-69],[83,3],[65,-12],[36,42],[63,3],[148,-115],[59,14],[99,101],[26,55],[36,125],[14,117],[-25,38],[34,14],[55,-15],[14,-36],[111,-8],[-1,-83],[47,-28],[89,-5],[82,74],[15,-52],[37,-37],[94,-9],[17,-34],[53,-18],[105,16],[60,30],[42,48],[34,69],[79,66],[35,-9],[57,24],[87,-41],[60,-1],[69,67],[19,55],[55,18],[57,-18],[80,81],[1,36],[78,5],[33,33],[3,61],[24,40],[36,-73],[58,-53],[79,-22],[36,-106],[58,-72],[121,-57],[59,-184],[53,-71],[50,-35],[61,-21],[57,-2],[94,-74],[74,-71],[55,-81],[59,-57],[68,-46],[-47,-37],[23,-35],[75,26],[7,18],[82,26],[50,2],[98,-26],[43,-36],[56,-26],[59,-7],[68,40],[40,-25],[-61,-150],[1,-125],[16,-83],[61,-57],[69,-4],[-9,-107],[66,-90],[55,-50],[78,-32],[33,21],[55,-15],[27,-46],[-47,-50],[-33,-12],[-28,-41],[-93,36],[-97,9],[-36,-33],[-24,53],[-100,13],[-125,-39],[-11,-42],[-35,-7],[-54,-64],[15,-37],[50,-5],[2,-70],[-55,-74],[-2,-31],[-47,-15],[-33,52],[-80,16],[-74,-18],[-50,-49],[-90,-58],[-22,-29],[13,-51],[-8,-69],[-22,-56],[-38,-33],[-103,28],[-15,98],[-80,4],[-51,34],[-105,-27],[-116,-59],[-109,-69],[-22,-55],[-71,15],[-103,86],[-22,142],[2,103],[-92,141],[-40,97],[-51,42],[-80,151],[-80,55],[-67,4],[-41,-38],[-100,-38],[-42,0],[-72,76],[-57,2],[-88,-23],[-26,-44],[23,-31],[-99,-52],[-12,-27],[-51,-12],[-167,-156],[-120,-32],[-10,-30],[-172,-84],[-123,37],[-21,35],[21,38],[-17,30],[-98,89],[-37,87],[-29,6],[-63,49],[-37,5],[-99,-22],[-79,-47],[-4,-40],[-156,-17],[-80,-46],[-77,24],[-126,-25],[26,-46],[-118,-81],[-12,42],[29,45],[-65,96],[-68,55],[-48,21],[-91,5],[-83,-53],[-19,-38],[-92,-21],[-183,-11],[-44,-11],[-112,-64],[-71,-4],[-73,38],[-68,-3],[-78,12],[-20,34],[-172,4],[0,41],[-35,11],[0,81],[32,43],[-28,30],[-58,21],[-45,-9],[-153,29],[31,37],[49,-6],[-2,52],[-50,55],[-107,58],[-75,9],[-18,-23],[-149,-53],[-21,-45],[-73,-1],[-48,22],[-31,56],[29,30],[10,63],[-20,70],[-45,11],[46,42],[48,69],[-9,26],[-74,31],[43,65],[80,41],[35,46],[54,37],[47,-26],[35,3],[82,73],[120,60],[59,-21],[52,30],[21,68]],[[454602,6300],[-99,-50],[-124,-78],[-93,-68],[-123,-105],[-93,-96],[-96,-123],[-83,-144],[-25,-85],[57,-123],[-30,-60],[19,-36],[-8,-38],[23,-41],[-36,-17],[20,-59],[-27,-29],[10,-81],[64,-103],[-4,-32],[70,-63],[115,-53],[90,-14],[34,11],[14,48],[86,20],[4,44],[58,38],[57,76],[65,-68],[24,-2],[77,-72],[26,-64],[-2,-157],[-40,-41],[7,-113],[-39,-5],[-67,22],[-106,-63],[-42,-107],[-49,-23],[-44,20],[-54,-37],[6,-66],[-29,-76],[-72,-22],[-45,-67],[17,-43],[76,-53],[-27,-15],[-16,-86],[-35,5],[-78,-21],[-25,-26],[-57,-105],[-26,-151],[-31,-75],[-22,-21],[-7,-78],[12,-47],[42,-76],[-3,-55],[38,-109],[-52,-68],[-57,23],[-35,-7],[-88,-55],[-21,-29],[-88,-38],[-1,-51],[-75,-20],[4,54],[-42,15],[-47,86],[-43,-28],[-80,24],[-57,61],[-49,-11],[0,53],[-112,109],[-79,-8],[-57,-42],[-69,-20],[-40,65],[22,41],[-50,36],[-14,35],[68,53],[1,38],[-75,-1],[21,71],[57,28],[71,6],[35,40],[7,73],[-38,80],[-90,120],[-74,-4],[-61,25],[-235,27],[-161,-13],[-54,9],[5,40],[35,52],[44,8],[12,-52],[36,-9],[190,1],[37,11],[104,71],[71,24],[17,77],[-33,48],[-73,-36],[-10,67],[-95,13],[-71,-6],[-120,-30],[-43,-24],[-88,-11],[-21,-69],[12,-50],[-41,-117],[33,-72],[-34,-39],[11,-34],[39,-9],[12,-51],[-16,-32],[-65,-9],[-44,-84],[-16,-60],[-85,8],[-67,-34],[-38,-68],[28,-31],[66,-33],[-65,-142],[-87,18],[-82,-3],[-53,55],[-57,13],[-72,-10],[-63,-44],[1,-57],[-54,-59],[-15,47],[-81,9],[40,56],[-26,45],[-54,-9],[-31,62],[34,61],[-12,83],[26,37],[-10,105],[-62,48],[-80,36],[-29,64],[-45,-6],[-49,65],[-13,62],[-168,47],[-67,32],[-66,148],[33,30],[68,12],[-15,47],[89,21],[161,-28],[72,-44],[64,-83],[15,-54],[36,-69],[114,-120],[50,-83],[94,-40],[29,-94],[89,-4],[-10,-57],[31,-18],[127,30],[125,83],[-34,38],[-30,-3],[-15,54],[67,53],[11,43],[-30,33],[-51,21],[159,84],[48,-13],[29,50],[-35,14],[-32,107],[-49,12],[-24,-31],[-95,-42],[-30,83],[47,29],[-22,76],[-82,5],[11,36],[63,21],[18,122],[71,12],[71,73],[5,44],[-80,160],[27,51],[-34,191],[44,7],[78,50],[7,-62],[-56,-21],[34,-48],[109,-27],[-6,-43],[68,-58],[-25,-50],[-3,-67],[26,-33],[100,-26],[53,5],[47,54],[50,29],[29,75],[-20,65],[103,19],[86,-8],[-40,112],[-54,7],[-29,44],[10,67],[-41,46],[-4,41],[38,26],[14,38],[73,39],[88,17],[39,43],[-17,50],[25,28],[8,158],[59,63],[46,17],[24,40],[40,14],[82,-8],[89,26],[37,26],[4,87],[28,19],[-32,48],[0,73],[16,40],[39,35],[103,35],[39,43],[22,106],[24,17],[-22,52],[20,54],[-1,52],[48,43],[26,-188],[29,-17],[4,-40],[39,-18],[23,-40],[-54,-57],[-1,-58],[71,-165],[45,-59],[-1,-42],[61,-22],[69,5],[112,54],[113,81],[95,102],[127,127],[59,71],[50,116],[-3,74],[-44,56],[-66,11],[-11,50],[54,-3],[36,66],[-10,55],[-47,-1],[-61,33],[-20,70],[75,13],[32,35],[-33,51],[97,6],[74,50],[23,-6],[50,-80],[79,5],[25,71],[45,-4],[29,36],[42,134],[-16,79],[14,33],[-22,59],[-91,86],[-97,-10],[-73,20],[-44,-8],[-1,-36],[-31,-67],[-67,-28],[-48,16],[-36,-11],[-67,44],[-126,-30],[-30,42],[79,36],[25,46],[55,11],[5,31],[-75,34],[-57,-13],[-60,11],[-80,-57],[-73,-38],[-148,-39],[-86,-8],[17,66],[-3,50],[-42,18],[-73,8],[-94,-18],[-14,52],[-44,-16],[-53,35],[92,94],[44,-8],[101,7],[-18,42],[25,37],[-1,43],[-78,74],[53,31],[231,65],[-13,-43],[101,-9],[6,-44],[62,-49],[34,-10],[62,-56],[30,15],[-6,72],[-17,51],[73,13],[25,52],[97,38],[104,32],[42,-34],[-42,-69],[46,-21],[28,100],[39,34],[11,81],[-65,77],[-26,-104],[-28,-27],[-84,-4],[-12,92],[-98,25],[-66,-79],[-4,-43],[-58,-26],[-76,57],[45,79],[60,49],[-101,-6],[-45,-17],[-111,2],[-1,48],[-27,37],[82,12],[24,17],[12,60],[50,53],[20,40],[-14,42],[60,66],[0,52],[87,9],[83,47],[87,77],[34,45],[33,97],[76,5],[58,-52],[81,-54],[-61,-109],[-16,-60],[60,-71],[68,21],[39,-7],[25,-70],[-16,-35],[41,-58],[66,-21],[66,8],[-56,-74],[35,-17],[29,-66],[27,-16],[-20,-55],[24,-27],[66,1],[60,-59],[-29,-46],[23,-30],[-36,-48],[-40,-5],[18,-92],[-36,-2],[23,-77],[-40,-29],[-8,-37],[34,-35],[-18,-55],[19,-29],[165,-28],[-12,-40],[57,-41],[-7,-34],[58,-72],[-29,-66],[-38,-31],[4,-47],[34,-34],[-9,-71],[89,-67],[62,13],[43,-11],[37,-59],[7,-52],[52,-129],[7,-97],[-27,-62],[19,-18],[-33,-91],[11,-77],[-73,-35],[-57,14],[-25,72],[-2,52],[-20,22],[-109,4],[-88,-35],[-18,10],[-118,-35],[-214,-92]],[[463743,13763],[-10,-82],[15,-33],[57,-38],[101,26],[77,-61],[14,-41],[-20,-37],[30,-60],[78,-69],[-19,-41],[38,-33],[-45,-55],[7,-62],[-143,-49],[-66,1],[-51,33],[-107,42],[-35,-18],[41,-35],[26,-50],[-193,17],[-17,39],[-128,-40],[-174,-154],[-59,-25],[-9,-28],[-133,-3],[6,48],[-31,70],[-1,34],[43,81],[-29,41],[89,33],[116,119],[-10,40],[81,76],[23,110],[42,36],[2,54],[71,18],[60,-9],[28,-31],[63,-6],[85,31],[54,90],[-8,88],[-44,75],[-56,52],[-113,54],[-84,10],[-39,-23],[10,-52],[-40,-16],[-17,-54],[-48,15],[-78,-38],[-74,31],[-73,15],[-54,47],[48,18],[54,-6],[129,50],[110,87],[14,40],[-10,62],[-45,73],[-48,52],[-55,1],[23,91],[48,40],[66,32],[-12,39],[120,75],[44,54],[13,58],[-28,58],[53,59],[33,13],[12,52],[-30,31],[36,32],[95,15],[0,56],[61,82],[69,17],[92,-44],[46,-96],[84,-62],[110,-5],[51,25],[59,-7],[49,14],[135,-28],[43,-99],[65,-47],[10,-83],[101,-67],[15,-41],[-25,-77],[2,-81],[78,-42],[-17,-58],[122,-100],[7,-24],[125,-28],[118,-68],[-30,-29],[-105,2],[-29,-38],[-46,-5],[-37,-57],[-38,-24],[-13,-73],[-24,-24],[-66,17],[-65,71],[-51,-2],[-37,-62],[-79,-15],[-38,-26],[-41,18],[33,39],[-84,58],[-76,-21],[-118,-8],[-40,12],[-110,-5],[-37,7],[-84,-50],[-58,-55],[-46,-76]],[[421515,38965],[20,40],[53,48],[32,97],[-17,24],[-15,95],[-23,47],[-4,50],[20,33],[-30,46],[2,68],[20,54],[61,49],[36,12],[159,101],[56,60],[86,37],[50,81],[59,35],[60,120],[5,56],[48,113],[42,33],[65,5],[25,-61],[-9,-52],[95,-88],[-36,-84],[50,-62],[71,-28],[101,7],[80,-18],[36,-22],[38,-52],[70,-6],[13,30],[-87,135],[-42,88],[-85,77],[-1,44],[35,8],[57,-51],[31,-59],[59,-62],[91,-123],[91,-111],[46,-45],[92,-62],[154,-68],[58,-39],[111,-57],[165,-40],[143,13],[83,15],[3,-86],[53,-77],[48,-49],[52,-75],[105,-90],[48,-13],[-104,-50],[-196,-12],[-20,46],[-57,14],[-144,96],[-106,5],[-137,-37],[-30,-47],[-113,-2],[-51,52],[-24,-13],[-77,17],[-142,-1],[-65,-31],[-102,-34],[-27,-28],[-67,-33],[-143,-153],[-39,-26],[-65,-9],[-103,40],[-129,8],[-80,-18],[-57,-26],[-32,-46],[-3,-35],[-63,-22],[-60,16],[-72,-7],[-134,44],[-53,37],[-22,48],[-57,55],[-55,11]],[[464364,41694],[-9,43],[81,-18],[61,0],[66,111],[108,20],[196,6],[34,-15],[68,31],[40,-8],[115,23],[49,24],[101,73],[103,11],[83,-49],[4,-37],[64,-30],[17,-48],[33,-19],[85,10],[81,62],[38,45],[56,118],[127,44],[21,26],[45,-3],[51,21],[23,-22],[-10,-42],[16,-58],[-32,-62],[9,-57],[-43,-9],[-87,-43],[-38,-33],[-28,-85],[17,-20],[-10,-74],[-52,-104],[32,-58],[58,-21],[-37,-38],[-7,-34],[-48,-18],[-49,-50],[-8,-31],[-195,-112],[-137,-160],[-42,-25],[-43,-81],[-1,-66],[22,-37],[57,8],[19,-62],[-42,-20],[-66,8],[-81,-22],[-96,-53],[-65,56],[-31,59],[-54,46],[-84,49],[-114,98],[4,21],[-52,27],[-85,-24],[-103,28],[-122,-40],[-56,10],[-41,41],[-50,1],[15,50],[28,15],[-17,37],[24,112],[-27,35],[48,30],[30,60],[-44,38],[-66,5],[-96,-31],[-38,24],[-71,5],[1,55],[19,60],[47,10],[4,46],[82,65],[63,-9],[32,61]],[[420436,43139],[49,-58],[-4,-86],[34,-70],[-55,-107],[7,-157],[14,-9],[-18,-123],[22,-31],[-6,-61],[13,-45],[-4,-89],[-59,-22],[-12,-56],[97,-96],[-16,-57],[-37,-67],[26,-55],[-49,-75],[10,-78],[28,-29],[-74,-113],[14,-57],[-65,-69],[-16,-47],[-71,-6],[-30,-49],[33,-83],[-12,-41],[5,-98],[-48,-44],[47,-191],[40,-90],[-4,-72],[-32,-74],[-71,-90],[-6,-37],[-136,-117],[-90,65],[-46,51],[-146,50],[-32,33],[11,75],[-38,95],[-61,14],[-27,73],[9,56],[32,49],[45,131],[23,29],[-58,77],[10,26],[-38,44],[17,41],[-68,34],[45,31],[-59,104],[-23,25],[31,40],[-32,46],[-78,37],[-58,12],[0,31],[57,16],[38,43],[3,87],[-81,49],[3,121],[136,22],[20,26],[46,-86],[60,-40],[43,-1],[44,33],[34,-26],[89,-17],[59,19],[61,38],[43,57],[34,70],[71,77],[-6,25],[63,20],[8,72],[-22,37],[-42,22],[-26,42],[13,30],[3,80],[29,65],[43,50],[-15,20],[34,34],[-7,29],[29,49],[59,32],[27,33],[38,3],[-24,49],[50,43],[-44,70],[14,62],[33,25]],[[421083,42577],[12,66],[82,35],[7,28],[-37,49],[58,4],[95,-60],[173,36],[146,109],[83,85],[41,112],[-56,18],[-82,52],[-9,22],[64,23],[10,66],[30,47],[117,30],[80,-8],[5,-41],[28,-28],[45,13],[118,-31],[24,-22],[56,41],[137,7],[105,-25],[56,-27],[67,7],[42,48],[82,22],[37,-59],[8,-40],[43,-26],[-5,-54],[-71,-44],[15,-73],[39,-21],[11,-33],[44,-14],[58,-47],[11,-37],[-77,-47],[-5,-25],[-102,-54],[-43,13],[-41,-17],[-37,-78],[-3,-109],[13,-36],[39,1],[16,-81],[-90,23],[-79,-59],[4,-33],[-75,-57],[-62,-5],[-86,-51],[-116,-55],[-18,-36],[-44,12],[-76,-31],[-130,-10],[-33,31],[-93,43],[-49,8],[-49,46],[-55,27],[-187,36],[-58,94],[-27,108],[-106,75],[-38,-4],[-62,41]],[[466727,18178],[-13,21],[-99,-22],[-57,35],[-33,57],[-38,18],[-50,-35],[-143,-28],[-26,18],[-102,-6],[-54,16],[-83,53],[-68,71],[0,76],[-13,67],[35,55],[81,30],[90,56],[26,29],[73,2],[117,-48],[90,1],[69,-40],[65,10],[74,69],[50,28],[161,-64],[140,-92],[-4,-76],[-30,-46],[-2,-42],[56,-86],[51,52],[112,-38],[-13,-36],[-57,-11],[-10,-57],[18,-46],[36,2],[19,-38],[57,-44],[77,16],[48,-13],[10,-27],[-66,-28],[-88,42],[-27,-16],[-130,4],[-12,-24],[-171,3],[-51,46],[-70,2],[-76,68],[31,16]],[[453840,54827],[-37,87],[4,78],[-33,42],[-45,-4],[-40,-34],[-40,83],[18,35],[83,-6],[14,26],[-26,71],[61,76],[11,48],[77,66],[36,-31],[10,-48],[34,1],[25,63],[78,29],[52,4],[29,-43],[28,-90],[66,28],[92,-32],[13,-40],[52,-14],[-14,-36],[-47,-14],[-133,-20],[5,-27],[80,-22],[67,-85],[-107,-49],[-3,-59],[45,-30],[-19,-30],[-81,-20],[-33,33],[-27,55],[-68,-10],[-24,-21],[-59,-1],[25,-122],[-84,-54],[-28,45],[-58,-10],[1,82]],[[460725,44470],[2,31],[58,3],[32,22],[127,-75],[31,12],[118,13],[29,-22],[21,-79],[48,-7],[117,40],[76,-1],[77,39],[22,95],[76,8],[47,-38],[-3,-56],[28,-36],[-43,-32],[-22,-42],[9,-40],[-21,-46],[29,-21],[-51,-48],[-59,15],[-22,-35],[-107,-27],[-17,-25],[-62,-12],[-41,31],[-53,17],[-45,-23],[-60,55],[-71,0],[-69,-39],[-114,7],[103,91],[-37,41],[64,31],[-40,51],[-153,30],[-72,2],[47,46],[1,24]],[[459893,47980],[-18,-61],[28,-45],[54,-27],[26,-54],[-27,-38],[-72,-53],[-5,-25],[-56,-57],[-27,-8],[-53,-68],[0,-52],[-81,-59],[1,-32],[-27,-63],[64,-91],[-52,-66],[2,-38],[-29,-51],[-50,-10],[-46,-54],[-53,41],[-86,-25],[-38,-44],[-103,-2],[-27,15],[-17,97],[12,28],[186,90],[34,8],[35,39],[71,47],[-33,20],[-14,69],[25,66],[86,52],[-14,40],[26,27],[10,47],[57,54],[50,144],[-8,106],[79,58],[72,14],[18,-39]],[[423819,38531],[34,86],[79,-39],[137,-153],[75,-70],[72,-53],[112,-67],[92,-41],[108,-37],[96,-76],[-16,-43],[-190,10],[-132,-2],[-98,37],[-150,88],[-148,19],[-52,31],[-43,43],[-15,64],[31,61],[-10,15],[18,127]],[[466644,44792],[-9,49],[41,28],[39,76],[6,38],[102,-33],[139,-83],[44,-55],[69,-158],[-64,-33],[-49,-47],[-88,-40],[-95,39],[-65,-11],[-54,37],[-50,-22],[-88,37],[-11,43],[20,39],[71,-13],[27,26],[27,60],[-12,23]],[[461360,52307],[8,91],[89,-12],[65,41],[57,-66],[3,-24],[83,-14],[98,15],[27,24],[80,18],[53,-17],[40,-58],[80,-68],[81,-37],[-20,-23],[-60,16],[-89,-52],[-69,9],[-120,-14],[-11,38],[-54,27],[-48,-2],[-7,-31],[-81,-40],[-82,11],[-74,28],[-25,35],[-8,97],[-16,8]],[[422238,40772],[-3,31],[42,40],[45,5],[0,-44],[60,-36],[46,-72],[-36,-76],[27,-32],[-8,-30],[67,-124],[41,-58],[68,-75],[-41,-40],[-51,-9],[-57,-57],[-53,38],[-16,68],[-39,34],[-84,23],[-49,36],[-2,59],[48,127],[-5,53],[17,84],[-17,55]],[[453239,55149],[89,55],[59,-22],[54,44],[20,38],[49,0],[-11,37],[-98,81],[-2,46],[-74,7],[-29,57],[37,24],[72,-50],[15,94],[106,7],[39,-35],[34,27],[43,-40],[-60,-57],[79,-60],[0,-39],[-71,8],[-46,-31],[5,-28],[44,-42],[-67,-5],[-4,-36],[26,-27],[-7,-55],[-149,-123],[-59,73],[-117,-43],[-47,-38],[-94,24],[1,27],[116,46],[47,36]],[[462392,52727],[15,31],[48,-8],[55,26],[56,-3],[77,43],[-41,73],[-37,27],[17,52],[50,22],[22,-61],[98,-23],[60,58],[82,-23],[85,-85],[-13,-40],[-64,-25],[-40,0],[-64,-28],[-17,-46],[-61,-53],[-33,25],[-52,-3],[-64,-35],[-170,8],[-31,41],[22,27]],[[441000,1964],[36,21],[87,-12],[95,-24],[68,17],[113,0],[-5,-40],[29,-49],[-16,-43],[-119,-23],[-37,-54],[-65,-34],[-115,-2],[-32,26],[-47,-6],[-36,27],[-6,38],[-53,99],[45,58],[58,1]],[[467032,48927],[-38,69],[115,35],[-2,52],[39,42],[-1,37],[35,30],[78,-75],[30,-2],[32,-89],[96,-51],[3,-37],[-79,-86],[-43,39],[-66,-32],[-66,24],[-71,-44],[-55,58],[-7,30]],[[466104,45036],[-10,28],[-78,35],[-86,7],[-41,51],[-48,29],[0,24],[86,9],[138,-34],[150,8],[94,-56],[31,-43],[7,-87],[-88,18],[-43,-34],[-112,45]],[[461706,44716],[-8,30],[61,55],[-18,64],[33,27],[81,26],[73,66],[34,-8],[11,-94],[31,-36],[2,-46],[-31,-16],[-29,-49],[-74,-62],[-87,1],[-20,33],[-59,9]],[[463147,43789],[7,-62],[-62,-30],[-58,-58],[-72,-16],[-27,-26],[-73,22],[-30,-29],[-73,-28],[-39,24],[-49,0],[-41,-27],[-52,8],[14,30],[57,52],[74,-24],[90,53],[15,36],[73,60],[163,-4],[83,19]],[[458031,38136],[27,49],[53,52],[19,-21],[-7,-50],[16,-34],[-78,-156],[-54,-86],[-42,-7],[-59,-59],[-78,-25],[-47,9],[-15,28],[20,37],[76,28],[44,45],[1,61],[69,44],[-5,29],[60,56]],[[467365,41879],[26,-33],[35,-88],[-6,-33],[20,-118],[-38,-16],[-76,92],[-40,26],[-12,84],[-43,25],[-53,-1],[-18,32],[69,72],[84,1],[52,-43]],[[464063,38720],[-33,31],[42,79],[81,19],[44,-21],[68,1],[73,42],[3,39],[64,14],[62,-15],[35,15],[12,-56],[-32,-45],[-80,11],[-27,-75],[-129,-30],[-26,27],[-68,11],[-89,-47]],[[449418,58451],[-2,90],[57,8],[48,-74],[-13,-34],[15,-47],[54,3],[13,-22],[-52,-42],[-58,-83],[-83,-7],[-49,44],[31,33],[-17,73],[56,58]],[[463673,42082],[-29,43],[-55,30],[-34,-2],[-54,28],[12,55],[68,11],[13,25],[56,-19],[21,-30],[104,-27],[-16,-51],[87,-32],[1,-38],[57,-29],[-9,-37],[-63,-23],[3,53],[-37,41],[-58,36],[-40,-4],[-27,-30]],[[440073,1334],[80,-44],[-24,-41],[54,-38],[39,-67],[-43,-51],[-190,-36],[40,138],[45,113],[-1,26]],[[449654,8047],[29,56],[34,129],[48,42],[32,62],[49,66],[60,-13],[-32,-106],[16,-55],[-71,-107],[-56,-20],[6,50],[-115,-104]],[[464596,44449],[-22,19],[109,64],[54,22],[72,-27],[53,42],[123,-8],[34,-24],[-92,-47],[-65,2],[-84,-13],[-125,-52],[-57,22]],[[456109,8823],[-14,-11],[15,-72],[-58,4],[-39,29],[-17,39],[-89,100],[-39,58],[57,17],[98,6],[28,-24],[16,-83],[42,-63]],[[466864,41792],[38,12],[46,68],[63,18],[24,-48],[-74,-52],[30,-59],[-41,-33],[42,-70],[-26,-52],[-85,-3],[-33,12],[39,69],[17,65],[-49,36],[9,37]],[[464261,44486],[44,18],[59,-33],[0,-71],[-68,-70],[7,-27],[-50,-23],[-35,34],[-36,-21],[-48,14],[-13,48],[85,61],[55,70]],[[461549,46001],[48,24],[48,-5],[15,-51],[76,-35],[-8,-40],[-49,-1],[-56,34],[-58,3],[-63,-23],[-15,-70],[-40,-7],[-46,22],[-4,30],[74,92],[78,27]],[[444867,55087],[-7,27],[71,24],[-1,33],[38,43],[87,34],[66,5],[-49,-91],[-70,-31],[2,-65],[-81,-46],[-31,11],[-25,56]],[[449969,8575],[-16,4],[26,99],[56,75],[5,49],[68,50],[77,16],[-19,-61],[-52,-73],[-40,-86],[-52,-60],[-53,-13]],[[421022,39382],[21,12],[87,-33],[27,-37],[-52,-55],[-79,-20],[-57,5],[-42,28],[15,45],[80,55]],[[462486,45808],[-4,34],[59,61],[-41,82],[-42,31],[4,27],[49,12],[26,-45],[88,-5],[-26,-26],[58,-66],[-64,-50],[-39,-13],[-12,-43],[-56,1]],[[462802,6495],[-3,26],[41,51],[36,1],[71,-34],[12,-28],[-25,-90],[-104,-33],[-43,72],[15,35]],[[458143,10095],[-21,40],[-48,11],[-6,32],[-47,54],[83,68],[89,-71],[8,-75],[-35,-61],[-23,2]],[[419078,40162],[-59,23],[45,41],[83,-13],[97,-60],[25,-27],[-34,-37],[-78,-26],[-49,12],[1,56],[-31,31]],[[460185,44500],[-36,-50],[50,-52],[-24,-39],[38,-31],[-10,-56],[-60,65],[-50,70],[12,32],[-71,4],[2,31],[131,52],[18,-26]],[[441563,58330],[97,-82],[-24,-33],[-64,-26],[-54,0],[-50,48],[10,61],[85,32]],[[450911,4349],[-29,55],[78,70],[-22,54],[33,4],[47,-94],[-19,-121],[-56,-29],[-32,61]],[[407672,52514],[15,75],[64,19],[48,34],[57,-30],[19,-38],[-78,-6],[-43,-32],[-10,-50],[-72,28]],[[466074,45368],[11,66],[80,-10],[17,21],[76,-11],[2,-54],[-36,-44],[-61,27],[-89,5]],[[465493,45080],[82,27],[52,0],[43,-89],[-26,-13],[-59,15],[-71,-4],[-21,64]],[[449942,8545],[84,32],[-14,-60],[-104,-125],[-58,19],[49,97],[43,37]],[[443310,2133],[6,42],[74,89],[34,18],[74,-2],[-128,-100],[-42,-47],[-4,-47],[-57,14],[43,33]],[[440219,1556],[53,56],[39,23],[47,-37],[4,-40],[-31,-39],[-86,-14],[-26,51]],[[407833,52410],[57,-59],[-27,-71],[-34,2],[-55,98],[-3,37],[62,-7]],[[459960,10239],[-37,44],[23,55],[95,-67],[14,-57],[-66,-11],[-29,36]],[[450681,30552],[5,31],[104,-59],[8,-39],[-39,-56],[-35,4],[-4,48],[-39,71]],[[451324,6240],[31,59],[30,7],[24,-66],[-44,-93],[-55,27],[14,66]],[[422256,38655],[4,-37],[-70,-16],[-63,3],[-67,20],[51,35],[58,-1],[60,16],[27,-20]],[[467372,30837],[-18,52],[-40,-9],[-46,34],[81,31],[69,-42],[2,-46],[-48,-20]],[[451460,5814],[113,65],[24,-13],[-15,-66],[-41,-39],[-43,13],[-38,40]],[[419509,40510],[17,63],[58,-16],[12,-99],[-63,12],[-24,40]],[[458477,7780],[-9,34],[29,68],[53,-52],[-1,-39],[-32,-46],[-40,35]],[[435963,4098],[13,53],[72,33],[19,-23],[-46,-26],[21,-43],[-16,-25],[-63,31]],[[461397,47081],[0,-109],[-36,-23],[-31,60],[33,21],[-3,54],[37,-3]],[[458547,52332],[6,34],[117,22],[37,-23],[-40,-31],[-120,-2]],[[467567,48963],[27,-42],[-70,9],[-48,23],[45,50],[46,-40]],[[459899,49506],[-12,-29],[-83,1],[2,55],[63,25],[30,-52]],[[452628,5422],[-138,22],[19,33],[58,9],[37,-14],[24,-50]],[[454582,55493],[53,29],[39,-22],[4,-32],[-80,0],[-16,25]],[[462526,18309],[1,62],[51,37],[35,-43],[-87,-56]],[[459980,49315],[-49,-18],[-76,-5],[62,69],[63,-46]],[[450171,5181],[-41,23],[47,29],[63,7],[6,-51],[-75,-8]],[[427134,20021],[-19,26],[28,37],[75,-17],[-25,-48],[-59,2]],[[455688,12505],[-72,15],[32,28],[40,-43]],[[420265,40432],[-10,37],[51,56],[33,-12],[-12,-38],[-62,-43]],[[441147,2677],[49,-2],[-13,-51],[-59,8],[23,45]],[[449593,58494],[31,72],[33,-5],[-30,-55],[-34,-12]],[[419113,40994],[-33,3],[-51,50],[53,2],[31,-55]],[[467578,48832],[-4,36],[75,-8],[-16,-41],[-55,13]],[[460439,10211],[15,10],[96,-34],[-68,-29],[-43,53]],[[451296,54468],[24,70],[50,-62],[-48,-26],[-26,18]],[[463484,43904],[12,30],[55,-25],[-40,-25],[-27,20]],[[466941,17830],[26,30],[48,-29],[-16,-30],[-58,29]],[[212165,372807],[112,-24],[126,-11],[66,-15],[27,-25],[68,-13],[59,-66],[15,-38],[51,-64],[36,-31],[3,-73],[110,-33],[54,28],[-39,133],[6,29],[59,48],[49,13],[49,-6],[145,-68],[198,-134],[15,-61],[47,8],[100,-98],[44,-71],[18,-68],[50,-69],[1,-110],[-28,-104],[-5,-126],[-32,-84],[7,-18],[-31,-119],[31,-146],[63,23],[-31,77],[7,67],[18,46],[58,90],[58,112],[15,51],[29,35],[77,19],[75,-50],[118,-109],[98,-75],[98,-33],[92,-59],[113,-34],[41,-24],[127,-101],[3,-19],[-38,-79],[0,-58],[-31,-70],[-18,-65],[-1,-53],[-15,-118],[-45,-74],[-54,-43],[-48,-58],[-6,-117],[3,-86],[59,-113],[85,-208],[9,-104],[-30,-17],[-16,-41],[103,-33],[45,-66],[-3,-38],[44,-8],[46,-32],[34,-88],[-7,-70],[41,-83],[-11,-30],[-68,-26],[-67,-125],[-48,-42],[-5,-46],[-78,-45],[-52,-13],[-21,-29],[-6,-58],[8,-66],[-11,-45],[21,-56],[-14,-42],[-40,-13],[-36,-74],[-104,-64],[-47,-61],[-3,-42],[23,-109],[101,22],[70,3],[21,49],[44,36],[58,77],[53,-84],[43,10],[-33,47],[19,99],[-1,47],[38,105],[58,129],[75,118],[51,-14],[-30,-36],[-1,-32],[-42,-30],[-30,-44],[35,-12],[62,13],[43,-4],[83,-85],[172,-151],[74,17],[-16,79],[-30,88],[-30,37],[-128,92],[61,52],[94,186],[38,-4],[102,80],[-6,171],[18,65],[-51,24],[30,74],[49,-5],[81,99],[-19,37],[20,18],[-33,37],[-80,140],[-24,71],[-6,56],[82,53],[116,100],[21,57],[29,40],[3,56],[-18,57],[14,64],[31,11],[55,-48],[3,-24],[-60,-87],[-33,-148],[2,-43],[30,1],[10,98],[30,101],[17,26],[87,89],[70,60],[61,34],[42,4],[41,-66],[47,-32],[11,26],[-46,25],[-29,57],[-25,18],[-50,-8],[-146,-72],[-107,106],[-42,20],[-79,70],[-169,55],[-37,69],[-3,70],[67,53],[40,159],[-8,78],[-54,142],[-49,158],[-9,82],[27,290],[-6,51],[13,133],[15,22],[51,-12],[25,34],[-43,44],[-58,83],[-27,59],[-2,56],[-21,62],[-12,109],[3,57],[-10,60],[-94,184],[-2,123],[48,69],[42,16],[122,2],[72,-28],[5,-35],[107,-38],[100,-9],[49,-31],[-8,-81],[-67,-112],[130,2],[38,22],[168,51],[99,25],[184,8],[163,-35],[48,-20],[27,-33],[93,-17],[75,-52],[-1,-54],[53,12],[109,-5],[87,-51],[37,-42],[45,-73],[19,-54],[42,-57],[35,-120],[75,-30],[66,-16],[34,-29],[135,4],[38,-31],[86,-38],[20,-34],[78,-10],[18,-16],[120,-4],[107,-15],[97,-23],[24,7],[87,-34],[45,-38],[60,-10],[141,-49],[34,-39],[26,3],[130,-30],[87,-45],[52,-66],[107,-216],[56,-93],[53,-51],[102,-142],[15,-47],[45,-78],[108,-154],[45,-139],[7,-57],[-23,-41],[4,-52],[99,-33],[70,-42],[150,-127],[94,-65],[28,-63],[22,3],[42,-31],[106,-109],[73,-130],[36,-52],[66,-53],[50,-56],[74,-116],[78,-65],[56,-94],[3,-37],[-18,-46],[26,-22],[7,-70],[-40,-94],[-50,-53],[-74,-44],[-93,-73],[-100,-43],[-93,-62],[-66,14],[-35,-17],[-44,-61],[-24,-89],[1,-40],[-16,-70],[26,-48],[58,-73],[77,34],[-1,73],[53,97],[39,32],[5,45],[66,51],[42,-12],[58,19],[136,6],[98,-11],[61,4],[84,82],[63,54],[45,67],[46,-9],[142,28],[215,-38],[186,-117],[160,51],[27,25],[-6,63],[15,87],[-39,16],[-120,118],[-63,36],[-61,58],[-156,181],[-88,149],[-55,114],[-24,134],[20,72],[-2,276],[98,12],[51,49],[27,50],[49,-17],[60,18],[17,37],[-24,47],[-47,30],[-57,10],[-43,-18],[-152,-120],[-35,-1],[-40,47],[-15,60],[-60,149],[-54,94],[-40,110],[-6,118],[19,111],[34,121],[2,53],[-16,25],[7,122],[-14,35],[-47,60],[-145,12],[-159,-119],[35,-92],[8,-67],[-43,-6],[-42,34],[-40,64],[-44,157],[-39,102],[-54,101],[-76,123],[-46,86],[-69,89],[-66,98],[-41,76],[-31,35],[-107,191],[-75,91],[-61,53],[19,84],[-21,87],[-78,155],[-75,87],[-101,173],[-35,48],[-48,32],[-10,35],[-31,22],[-21,62],[-37,19],[-40,47],[-24,115],[17,54],[86,17],[74,-38],[123,-78],[32,-37],[53,-17],[82,-63],[94,-120],[97,-103],[23,-56],[40,-13],[46,-41],[101,-104],[27,-56],[27,-8],[96,-138],[37,-96],[79,-185],[43,-61],[59,-106],[187,51],[155,70],[5,77],[-17,79],[-60,80],[-85,39],[-89,54],[-76,83],[-22,38],[-56,60],[-51,94],[-21,117],[-108,246],[6,77],[16,22],[55,10],[40,-16],[65,-63],[129,-78],[178,-137],[45,-27],[97,-80],[56,-60],[48,-65],[30,-63],[154,27],[4,80],[60,16],[129,-25],[138,-60],[40,-28],[141,-56],[24,-16],[52,7],[59,-16],[121,-10],[86,-24],[184,0],[107,4],[107,15],[62,0],[133,37],[91,41],[43,3],[49,38],[10,-51],[49,-48],[53,5],[61,-25],[81,-13],[78,-50],[108,-35],[191,32],[152,57],[180,87],[46,17],[84,-1],[45,28],[-34,63],[-42,35],[-19,58],[67,37],[210,70],[78,20],[77,3],[31,-15],[55,81],[-110,84],[-51,6],[-61,-13],[-48,-36],[-18,10],[8,73],[-10,23],[108,42],[55,-32],[29,-1],[81,48],[71,96],[35,66],[118,57],[26,48],[-5,54],[-41,15],[-102,16],[-109,-2],[-147,-39],[-56,-29],[-56,-53],[-105,-71],[-148,-134],[-36,-49],[-64,-55],[-32,-73],[9,-45],[-55,-7],[-135,-56],[-76,-16],[-50,3],[-34,-42],[-29,29],[-80,18],[-119,-38],[-96,-68],[-56,8],[-63,-14],[-51,7],[-35,-13],[-26,23],[-60,22],[-61,2],[-43,58],[-69,57],[2,75],[61,86],[40,14],[209,53],[85,66],[58,89],[39,83],[74,30],[-12,34],[30,70],[76,13],[59,-18],[28,25],[-14,41],[-58,-32],[-52,49],[20,73],[-55,12],[-108,-113],[-107,-57],[-49,-63],[-11,-58],[26,-43],[-147,-36],[-36,0],[-38,39],[-54,-26],[-38,-44],[-52,-23],[-65,-14],[-108,-47],[-42,0],[-87,32],[-112,63],[-55,46],[-28,55],[-111,44],[-114,63],[-129,43],[-44,3],[-96,45],[3,35],[-89,67],[-41,94],[-16,92],[16,84],[59,26],[-34,85],[-23,19],[-55,-1],[-66,29],[-117,93],[-108,128],[-18,59],[-55,73],[-101,82],[-24,78],[-57,53],[-103,-11],[-55,13],[-101,53],[-49,84],[-64,85],[-35,110],[-14,70],[-58,81],[-4,169],[11,80],[46,103],[65,13],[115,-10],[60,-21],[59,2],[46,22],[114,13],[46,-3],[111,21],[66,5],[98,-8],[47,6],[169,-3],[96,-8],[127,-28],[140,3],[56,9],[46,32],[112,118],[22,29],[100,98],[52,94],[35,27],[90,40],[89,19],[49,-3],[49,-19],[82,53],[59,78],[43,6],[16,48],[81,69],[21,38],[45,41],[66,43],[53,100],[41,31],[-45,40],[-83,-38],[-59,-45],[-66,-24],[-500,-163],[-53,-5],[-230,-71],[-101,-54],[-76,-26],[-87,-60],[-49,-43],[-106,-35],[-58,-2],[-147,12],[-249,74],[-14,7],[-313,69],[-96,9],[-110,-4],[-104,16],[-31,16],[-41,-4],[-65,18],[-125,20],[-64,36],[-34,48],[12,26],[-56,31],[-51,3],[-50,22],[-183,10],[-35,15],[-73,-58],[-26,44],[-38,27],[1,29],[-29,26],[-32,98],[-35,63],[-46,19],[0,32],[-58,57],[-97,79],[-48,30],[11,37],[-23,36],[-66,39],[-15,32],[53,54],[81,57],[67,84],[20,81],[51,87],[-1,26],[-32,72],[-55,54],[-77,18],[103,-75],[35,-66],[-51,-88],[-31,-78],[-54,-79],[-145,-116],[-45,-10],[-10,31],[-52,35],[0,122],[-15,65],[-8,125],[-12,51],[-36,75],[14,63],[-42,-21],[-62,52],[-35,41],[-54,22],[133,-145],[55,-145],[13,-213],[9,-35],[-14,-41],[-54,-48],[-66,-4],[-64,-35],[-32,-37],[-51,-17],[-29,18],[-17,46],[4,41],[-37,94],[60,43],[-20,54],[-30,-16],[-17,33],[-75,39],[-86,-13],[-11,25],[-59,56],[-86,67],[-13,88],[-46,23],[15,60],[-15,57],[34,-3],[-59,88],[-39,18],[-13,40],[-32,9],[-40,68],[-118,80],[-93,49],[-89,35],[-64,7],[-131,-11],[-73,-38],[-93,-5],[-15,63],[54,154],[26,110],[-25,74],[18,86],[-6,44],[22,51],[35,31],[117,277],[-5,99],[-16,35],[-74,60],[29,78],[80,31],[92,123],[35,-15],[61,26],[57,53],[48,70],[90,153],[23,27],[27,67],[53,64],[61,-33],[-25,95],[14,80],[-53,-41],[2,130],[11,75],[-33,71],[-10,149],[32,91],[-32,46],[84,76],[80,-13],[6,-21],[118,82],[141,170],[37,69],[55,134],[34,57],[43,19],[29,-53],[35,-2],[51,35],[12,62],[39,45],[71,115],[16,44],[86,163],[39,101],[61,132],[74,139],[38,42],[60,1],[32,-47],[50,-23],[22,35],[-11,31],[40,42],[-29,22],[-26,-16],[-95,66],[-16,63],[54,160],[0,178],[-14,66],[-25,54],[-42,25],[-65,18],[-57,-5],[4,173],[-12,55],[-38,63],[-81,34],[29,47],[47,17],[72,-6],[35,-13],[28,-32],[0,-49],[60,-90],[116,-107],[97,-19],[58,8],[-14,25],[107,82],[32,45],[-47,58],[34,15],[90,-59],[55,-73],[7,-102],[-38,-66],[-8,-76],[64,-61],[29,-48],[-8,-67],[-60,-30],[-41,-61],[-28,-74],[-17,-82],[15,-26],[2,-92],[-27,-67],[-27,-19],[30,-57],[60,0],[58,-43],[41,-88],[194,31],[-4,77],[5,80],[-32,151],[6,83],[37,115],[16,97],[72,77],[49,84],[39,22],[98,-48],[28,-41],[23,-59],[40,11],[47,61],[29,-21],[-11,-30],[62,-1],[17,101],[34,12],[38,62],[85,101],[39,81],[16,76],[-8,53],[-79,104],[-107,98],[-6,35],[-76,19],[-8,23],[39,29],[32,49],[-6,33],[11,73],[44,85],[26,-100],[-17,-64],[46,-80],[70,-72],[67,-36],[50,2],[43,-57],[58,-14],[38,-28],[121,-6],[40,-11],[194,54],[52,35],[20,29],[58,34],[101,26],[81,48],[22,0],[117,61],[69,60],[32,10],[34,-18],[81,74],[84,-23],[84,28],[93,74],[-15,29],[60,107],[29,81],[65,89],[47,37],[20,76],[59,20],[5,79],[70,178],[6,59],[-32,26],[-45,13],[-6,25],[35,130],[-33,86],[16,80],[0,47],[-65,74],[-14,95],[-58,92],[-20,19],[-58,14],[-60,0],[-39,-17],[-54,1],[-32,18],[-24,36],[6,64],[-11,38],[11,87],[48,116],[14,73],[-12,31],[24,134],[18,46],[116,106],[69,87],[46,78],[294,201],[49,49],[104,148],[142,114],[94,-13],[40,-16],[-14,143],[-60,22],[-47,67],[-5,102],[35,136],[8,67],[24,105],[14,104],[-2,45],[-29,70],[-50,13],[-17,22],[3,98],[23,160],[-2,94],[12,71],[40,135],[9,55],[-4,75],[98,190],[35,89],[91,171],[68,156],[27,50],[58,137],[123,334],[52,211],[38,27],[-34,59],[-15,137],[-34,228],[0,65],[-22,102],[-48,72],[-26,20],[-51,6],[-12,21],[11,58],[26,10],[56,-23],[0,-54],[34,-42],[67,-16],[105,1],[107,21],[94,28],[128,82],[41,3],[79,25],[46,-44],[34,39],[-51,22],[-26,39],[-30,16],[-29,56],[3,38],[26,36],[-23,47],[21,58],[44,40],[40,74],[-3,38],[16,43],[63,20],[53,124],[58,61],[78,51],[9,-88],[-29,-7],[-10,-33],[30,-41],[15,-53],[23,-29],[-37,-62],[19,-44],[30,-17],[-18,-111],[34,-130],[-32,-51],[17,-53],[-3,-62],[34,-57],[70,-88],[41,-33],[76,-44],[49,-41],[34,-1],[56,-88],[128,-36],[137,-11],[46,-37],[52,2],[13,-18],[63,-3],[52,18],[48,-6],[99,24],[97,0],[6,-31],[138,2],[41,47],[58,12],[14,-32],[63,1],[84,51],[60,7],[99,62],[86,38],[121,72],[85,75],[8,23],[74,81],[47,29],[37,-2],[35,-53],[27,24],[13,63],[63,85],[144,124],[116,113],[86,95],[60,53],[48,55],[33,-51],[53,-4],[58,-68],[110,4],[39,15],[172,94],[63,67],[57,41],[158,165],[113,154],[115,174],[30,25],[84,162],[30,24],[464,1058],[175,392],[-13,31],[-47,32],[-55,95],[-32,89],[-17,127],[-22,50],[-33,32],[-95,135],[-150,154],[-29,41],[-44,26],[-24,50],[-60,61],[-47,34],[-92,119],[-69,66],[-16,35],[-40,24],[-96,101],[1,23],[-62,56],[-160,11],[-35,-13],[-92,5],[-106,-22],[-49,57],[-105,52],[-35,51],[0,32],[26,68],[7,65],[-17,86],[20,146],[10,24],[112,149],[47,89],[31,73],[-2,38],[-49,33],[2,26],[-66,50],[-24,43],[-49,52],[9,73],[-5,48],[23,80],[3,68],[47,109],[36,127],[10,88],[2,123],[12,60],[47,93],[77,193],[21,76],[-3,84],[-12,54],[-27,60],[-45,3],[-57,38],[-26,39],[-2,70],[14,92],[49,95],[56,64],[27,50],[22,86],[3,133],[57,34],[78,-15],[102,36],[93,113],[21,39],[62,44],[44,48],[38,-1],[98,-51],[94,20],[3,-45],[-24,-77],[13,-72],[41,-32],[7,-34],[82,-77],[38,-45],[48,-19],[56,-41],[124,-28],[123,21],[181,14],[20,-25],[30,40],[150,44],[198,117],[49,4],[36,42],[128,89],[44,8],[27,27],[73,40],[56,79],[37,29],[61,75],[143,67],[21,-6],[70,34],[85,74],[3,60],[-35,7],[-43,31],[103,241],[37,71],[51,122],[60,176],[63,256],[20,96],[-5,41],[-50,37],[-18,76],[17,23],[-10,61],[29,103],[-1,87],[-31,31],[0,77],[-15,34],[23,131],[-11,28],[21,98],[0,37],[23,72],[-9,68],[-22,52],[-25,25],[-28,60],[-47,48],[18,61],[11,87],[-23,58],[14,71],[1,88],[21,70],[34,145],[26,9],[44,-22],[39,-43],[58,-39],[100,-15],[40,-14],[47,29],[48,-47],[94,-48],[119,-140],[18,-38],[54,-34],[27,49],[-3,45],[17,15],[-31,77],[-30,3],[-37,50],[-44,36],[21,83],[0,46],[-32,8],[-36,63],[9,31],[32,19],[191,69],[44,-12],[-6,-29],[-50,-63],[21,-21],[39,8],[60,55],[77,43],[-3,49],[-56,78],[20,41],[83,11],[62,49],[20,44],[79,21],[30,-71],[14,-56],[93,21],[34,-23],[28,60],[56,13],[93,-61],[20,-47],[50,-45],[90,-62],[56,-21],[62,-47],[46,-19],[15,-69],[35,-14],[16,30],[118,7],[52,15],[62,-44],[29,-61],[35,-108],[-1,-136],[-38,-73],[-88,-95],[-52,-115],[40,-70],[98,-110],[43,-80],[-42,-92],[24,-55],[17,94],[28,56],[-36,69],[1,35],[78,-9],[39,48],[-114,-15],[-59,25],[-39,98],[9,45],[63,37],[52,49],[51,-28],[35,-41],[121,-57],[84,3],[102,74],[60,63],[47,3],[24,-51],[6,-44],[44,35],[47,7],[81,-29],[32,-62],[53,-5],[45,-70],[-18,-133],[-22,-70],[-29,-28],[-49,-17],[-3,-45],[85,35],[55,51],[29,85],[57,14],[55,48],[0,66],[121,7],[41,-36],[-24,-34],[-67,-42],[-3,-51],[35,6],[0,44],[38,13],[37,38],[45,4],[85,-51],[73,-13],[44,10],[40,-42],[-14,-55],[19,-141],[-38,-137],[6,-42],[-38,-114],[79,45],[39,66],[8,38],[36,79],[19,86],[-22,38],[-18,71],[10,75],[-10,31],[-85,67],[-102,46],[-78,96],[17,41],[62,32],[32,-21],[47,-88],[24,-20],[83,3],[63,33],[111,-8],[146,-21],[71,-59],[42,-62],[45,11],[53,-27],[107,-17],[73,-52],[-3,-41],[-93,-59],[-42,-89],[26,-41],[98,-39],[58,47],[-8,32],[-44,-28],[-48,4],[-19,35],[19,21],[71,39],[82,103],[6,48],[70,32],[45,41],[8,77],[56,8],[81,30],[51,6],[87,29],[5,21],[-118,-15],[-67,8],[-112,-15],[-81,-56],[-62,-58],[-67,0],[-97,38],[-49,43],[7,15],[131,75],[32,67],[41,26],[88,37],[-62,9],[-111,-72],[-32,-53],[-83,-32],[-77,1],[-63,29],[-59,48],[0,31],[59,59],[61,45],[-82,3],[-18,-37],[-29,25],[-46,1],[-21,25],[-64,-26],[-26,39],[-53,47],[-44,-34],[-97,5],[-55,18],[-14,49],[-30,52],[-59,56],[-41,24],[-8,31],[-47,-34],[-12,-49],[-70,-3],[-74,49],[-64,8],[-58,18],[-47,-71],[-49,-3],[-18,-59],[-42,-40],[-11,45],[-70,87],[0,44],[-24,45],[-55,46],[-11,52],[19,63],[-7,31],[-84,49],[-19,38],[-83,36],[-76,57],[-32,35],[-72,16],[5,60],[50,69],[-6,47],[50,16],[50,-79],[35,-12],[106,11],[173,43],[28,-8],[26,-41],[4,-204],[38,-77],[-16,-102],[27,18],[11,96],[-28,56],[-11,89],[20,82],[93,131],[54,10],[11,27],[59,24],[17,123],[41,7],[39,-36],[37,-77],[53,-32],[59,18],[58,41],[35,6],[28,-52],[13,-51],[30,-38],[87,-38],[0,26],[-87,31],[-32,116],[-41,35],[-30,-1],[-111,-57],[-38,10],[-21,40],[-3,49],[-37,48],[-73,31],[-54,10],[-42,-18],[-89,46],[-49,73],[3,39],[35,29],[-23,38],[-47,-48],[-16,-50],[-94,-76],[-58,-13],[-23,43],[-47,54],[11,27],[-31,73],[35,86],[-2,37],[-45,68],[41,123],[85,180],[-14,26],[41,63],[10,35],[-9,58],[46,72],[6,80],[21,66],[67,62],[-14,24],[21,57],[146,7],[65,-13],[15,18],[-23,42],[7,85],[-7,33],[-65,29],[-18,27],[-41,8],[-47,40],[0,27],[-32,25],[-24,61],[-67,28],[-14,45],[47,104],[55,60],[50,-31],[54,29],[55,12],[53,-10],[36,29],[116,-7],[83,28],[12,15],[-74,52],[-38,105],[-34,50],[-48,26],[-58,3],[-24,30],[-46,-10],[-75,37],[-72,-6],[-16,35],[-38,27],[-34,62],[12,38],[-30,29],[-20,54],[11,22],[71,17],[94,-4],[106,66],[47,10],[12,30],[38,-2],[62,35],[76,79],[5,73],[33,-8],[-6,-38],[32,-39],[47,-19],[79,9],[126,-13],[18,-26],[64,-22],[54,10],[41,-25],[28,-63],[27,-1],[33,-32],[46,-3],[64,-22],[18,-62],[50,-37],[79,-32],[39,-26],[82,-7],[66,3],[141,30],[65,-48],[1,-61],[137,-36],[65,-34],[99,0],[45,-14],[88,29],[31,-14],[51,10],[41,-22],[69,-69],[13,-32],[67,-4],[28,-33],[16,-92],[-16,-31],[-6,-70],[-28,-21],[-16,-46],[-29,-30],[-15,-64],[9,-44],[-20,-17],[2,-79],[-15,-58],[-64,-69],[-37,-53],[-71,-181],[-76,-103],[-81,-72],[-71,-73],[20,-35],[29,28],[47,-5],[32,15],[18,39],[1,47],[25,18],[46,66],[50,89],[23,70],[36,74],[38,48],[39,30],[75,83],[70,-15],[72,62],[38,-22],[11,-54],[-33,-79],[-32,-19],[-20,-39],[8,-87],[62,-71],[23,-45],[-25,-54],[9,-86],[-103,-86],[41,-78],[-27,-48],[51,-83],[-21,-70],[-67,-34],[7,-63],[-8,-45],[-55,-48],[-58,-30],[-60,-46],[-27,-44],[-32,-77],[-44,-28],[-123,3],[5,-35],[107,-23],[84,35],[46,51],[39,73],[36,42],[96,54],[74,69],[56,10],[32,-36],[10,-152],[-61,-164],[-10,-80],[-28,-60],[-54,-49],[65,-6],[27,25],[55,-50],[-6,-58],[-28,-91],[46,6],[41,133],[20,38],[-9,64],[-43,42],[20,63],[48,62],[85,64],[0,79],[-47,121],[-26,41],[-28,73],[19,76],[88,70],[48,20],[18,25],[99,8],[36,-15],[20,-53],[6,-78],[-36,-73],[-24,4],[-3,-102],[59,-44],[6,-76],[28,-65],[47,-15],[80,-7],[-59,49],[4,61],[-36,93],[-14,70],[32,11],[88,-5],[65,4],[79,40],[36,3],[43,-29],[-6,-82],[15,-60],[40,-26],[22,-45],[25,-14],[6,-65],[132,-95],[64,-102],[34,-32],[-9,-36],[20,-27],[-47,-46],[-52,-87],[-42,-44],[-79,-16],[10,-20],[90,7],[43,41],[66,33],[35,-15],[-3,-60],[11,-44],[75,-87],[6,-34],[-76,-77],[-27,-63],[4,-117],[25,24],[-2,86],[15,41],[112,93],[55,-52],[14,-109],[61,-72],[59,-17],[69,-60],[-2,-25],[-38,-55],[22,-8],[66,53],[20,29],[-9,48],[-70,72],[-64,39],[-44,15],[-11,131],[-40,28],[-57,70],[1,48],[-18,42],[28,94],[-18,53],[120,8],[36,9],[85,-34],[70,11],[38,-8],[103,14],[85,-29],[88,-13],[45,-22],[35,-64],[17,-76],[39,-103],[70,-102],[124,12],[11,62],[23,16],[-15,94],[1,53],[-40,23],[-67,125],[-35,20],[-58,70],[-43,40],[-11,52],[-26,14],[-26,60],[-55,56],[-94,52],[-58,14],[-71,50],[-52,13],[-61,-12],[-10,-52],[-129,39],[-26,16],[-73,-9],[-17,20],[-12,80],[-56,141],[-20,32],[39,19],[97,-41],[75,-60],[55,-1],[-113,89],[-99,53],[-38,47],[-23,80],[-16,108],[-23,44],[-38,26],[-46,7],[-30,-17],[-41,7],[-8,28],[-5,185],[-29,28],[52,61],[41,-29],[50,-8],[26,-57],[-3,-65],[76,-62],[30,-15],[70,5],[168,64],[63,34],[30,-42],[-64,-100],[20,-11],[50,92],[70,6],[26,30],[95,63],[40,13],[68,-66],[27,-46],[17,-94],[-34,-88],[1,-25],[85,-57],[11,27],[45,4],[58,-20],[44,-54],[32,26],[90,-51],[-28,59],[30,21],[-17,103],[-60,0],[-69,23],[-3,47],[-31,-6],[-11,35],[19,143],[-1,71],[51,59],[-14,14],[-47,-61],[-35,8],[-24,54],[-42,41],[-40,59],[-15,48],[6,58],[106,130],[-37,26],[-39,-66],[-100,-83],[-35,-7],[-94,11],[-38,-20],[-58,43],[-46,3],[-4,-51],[-38,-41],[-80,-31],[0,-68],[-161,29],[-179,130],[284,102],[1,32],[61,57],[72,22],[78,2],[-11,22],[-191,-12],[-49,29],[-27,77],[15,25],[-43,39],[-3,55],[-30,11],[14,-95],[20,-23],[15,-70],[-53,-33],[-43,12],[-109,68],[-21,21],[-91,36],[-73,38],[25,73],[75,-3],[40,38],[-94,-6],[-77,18],[-52,37],[-11,-85],[46,-39],[-34,-58],[-7,-42],[26,-58],[-11,-93],[15,-34],[-100,-41],[-42,8],[6,73],[-93,67],[-24,31],[-73,-12],[-53,11],[-59,-2],[-24,74],[48,28],[37,60],[56,-26],[42,53],[21,44],[-9,40],[40,100],[11,58],[-43,77],[-53,118],[-70,-27],[-53,-4],[-5,48],[-29,31],[27,35],[63,7],[72,-19],[83,-39],[44,-31],[19,47],[32,16],[49,52],[38,156],[-70,49],[-2,34],[-28,44],[10,17],[55,5],[20,26],[50,16],[21,23],[36,-18],[65,-4],[42,113],[51,66],[38,83],[47,51],[116,111],[70,31],[82,120],[39,12],[32,-32],[96,-35],[31,-32],[31,-3],[162,-60],[-9,-26],[99,19],[85,-3],[57,19],[58,1],[21,-27],[-12,-62],[58,42],[41,-15],[68,25],[26,-14],[62,32],[83,-9],[74,11],[17,23],[47,-4],[129,-101],[64,-1],[97,-32],[55,-54],[41,-19],[120,-30],[45,21],[121,-12],[15,-18],[70,40],[-3,53],[67,58],[40,14],[10,24],[-75,-4],[-124,-28],[-52,30],[-18,44],[37,13],[-61,51],[-19,59],[46,87],[63,19],[147,-40],[93,-42],[-96,96],[-39,3],[-82,42],[-52,36],[-53,10],[-62,-17],[-30,-43],[-41,-33],[-14,-30],[-47,65],[26,121],[5,97],[20,30],[14,76],[63,217],[46,98],[41,193],[15,160],[16,82],[-9,90],[-17,62],[-59,48],[-41,87],[-41,16],[-50,-15],[-37,6],[-51,61],[-44,25],[12,69],[-43,-16],[-20,36],[-27,108],[-41,55],[-14,46],[20,27],[-20,79],[18,118],[51,38],[47,68],[92,57],[56,9],[84,33],[127,82],[82,14],[112,35],[71,-41],[9,-22],[-35,-51],[40,-87],[80,-72],[99,-39],[88,27],[42,65],[68,43],[96,34],[65,7],[48,-17],[225,-7],[33,-45],[-18,-59],[27,-106],[-16,-51],[56,-50],[79,-45],[117,-18],[45,0],[87,20],[53,27],[64,68],[26,60],[32,21],[165,-67],[-7,-124],[58,-80],[91,-93],[91,-63],[103,-39],[94,-81],[70,-112],[46,-2],[127,-78],[-11,-56],[-46,-25],[-74,-56],[-18,-39],[-1,-46],[20,-89],[-27,-57],[-52,-44],[-12,-67],[52,-47],[59,3],[56,27],[155,-12],[50,-33],[-59,-70],[17,-16],[57,63],[4,44],[-21,21],[-47,13],[-147,17],[-141,-10],[-5,42],[44,32],[44,53],[3,49],[-19,104],[31,56],[83,34],[59,7],[-2,25],[153,92],[82,12],[39,-5],[67,56],[-43,58],[-53,12],[-135,-6],[-30,9],[-29,72],[9,53],[42,124],[77,101],[57,48],[57,84],[-3,32],[91,152],[25,124],[-12,35],[-53,39],[-11,72],[10,77],[33,61],[44,31],[12,34],[55,51],[30,98],[89,93],[4,70],[-8,79],[-55,216],[1,29],[49,82],[51,41],[57,62],[74,106],[59,66],[9,38],[41,9],[66,40],[67,-15],[-18,-39],[34,-81],[-61,-60],[-3,-56],[29,-78],[-18,-14],[101,-106],[43,-2],[40,-97],[85,-53],[15,-23],[-16,-40],[-38,-36],[-21,-63],[-18,-143],[10,-22],[89,-75],[-9,-60],[-50,-31],[-30,-61],[-7,-81],[47,-68],[58,-26],[11,-22],[-15,-80],[-23,-54],[-36,-43],[-42,-84],[31,-153],[84,-183],[67,-115],[85,-118],[116,-139],[83,-89],[73,-67],[70,-51],[87,-87],[188,-109],[107,-72],[62,-28],[30,-38],[52,-5],[38,-25],[314,-116],[62,-10],[181,-53],[128,-14],[99,-18],[131,-12],[62,6],[125,1],[93,-9],[307,16],[194,24],[117,22],[101,11],[40,-3],[45,-28],[121,28],[14,-13],[308,-21],[32,-12],[147,-18],[59,5],[73,-10],[185,1],[33,-7],[159,7],[52,-7],[150,-1],[24,-15],[79,1],[39,11],[62,-4],[138,6],[26,21],[92,26],[117,15],[24,-23],[75,38],[202,26],[79,-7],[98,11],[165,30],[86,-1],[97,35],[65,15],[79,30],[38,0],[21,36],[131,55],[5,16],[86,17],[107,37],[174,43],[200,88],[216,144],[50,24],[80,60],[105,66],[86,77],[41,16],[65,7],[43,-7],[122,-2],[49,-33],[24,-41],[99,-53],[6,-38],[-22,-62],[24,-51],[72,-74],[65,-25],[16,-40],[-17,-42],[23,-66],[86,-85],[181,-114],[23,-21],[148,-57],[225,-65],[153,-31],[170,-6],[58,-16],[132,-53],[39,-29],[153,-50],[203,-40],[177,4],[87,-18],[66,-26],[108,-8],[-11,82],[39,83],[114,75],[144,70],[91,36],[38,26],[41,3],[69,36],[105,65],[50,24],[62,43],[64,29],[46,44],[67,41],[71,69],[38,19],[103,98],[69,101],[45,47],[11,31],[44,32],[-4,59],[21,3],[17,50],[32,20],[77,-3],[47,39],[63,-35],[122,36],[191,84],[95,60],[79,41],[32,26],[12,62],[46,40],[17,109],[32,55],[44,28],[30,-13],[18,-48],[67,-12],[44,11],[13,31],[34,15],[31,-43],[82,-7],[6,-56],[27,-48],[-21,-104],[3,-115],[10,-41],[53,-98],[38,-36],[7,-41],[67,-53],[22,-45],[108,1],[4,28],[66,54],[95,32],[56,10],[84,32],[71,13],[86,33],[163,89],[150,13],[68,23],[35,0],[54,-30],[36,-49],[10,-34],[83,-125],[95,-85],[86,-49],[74,-86],[40,-28],[366,181],[-8,156],[8,81],[-13,31],[19,82],[48,97],[142,238],[27,58],[17,67],[29,28],[-6,41],[38,76],[53,39],[151,30],[61,18],[120,16],[180,39],[142,52],[257,120],[138,76],[72,35],[88,56],[65,58],[154,112],[34,-3],[14,41],[-18,108],[33,17],[49,-7],[41,-40],[1,-50],[42,-61],[31,-6],[102,-100],[381,146],[303,99],[-60,98],[-25,84],[2,101],[39,137],[-11,24],[-12,152],[-22,106],[-27,70],[-24,110],[5,46],[23,17],[39,151],[17,81],[40,128],[14,65],[32,191],[43,87],[21,94],[28,89],[6,115],[-10,28],[13,46],[-3,149],[16,45],[-6,31],[28,161],[29,58],[78,37],[74,45],[-15,42],[-89,109],[-24,55],[8,130],[40,63],[-29,33],[-36,73],[3,48],[-50,183],[-60,151],[-53,62],[-35,8],[-38,49],[-64,21],[-39,26],[-83,-8],[-51,9],[-32,-11],[-55,30],[-74,10],[-63,40],[-40,65],[-1,46],[-107,87],[32,92],[37,-1],[59,35],[35,80],[50,12],[-1,32],[110,34],[116,53],[42,10],[61,54],[4,75],[22,48],[65,65],[78,64],[41,49],[98,67],[-140,126],[-51,-44],[-66,-30],[-97,-20],[-42,2],[-102,-22],[-45,-2],[-57,-33],[-86,-2],[-174,31],[-243,64],[-83,6],[-105,20],[-111,38],[-103,106],[-137,265],[-58,42],[-100,29],[-70,6],[-46,33],[4,50],[22,15],[14,108],[-1,80],[-21,164],[9,64],[54,84],[33,8],[74,-23],[37,1],[154,-16],[131,2],[93,16],[78,23],[97,-19],[88,-134],[97,-77],[121,-52],[71,-3],[132,48],[10,166],[-27,5],[-87,67],[-121,106],[-114,73],[-64,47],[-73,38],[-126,40],[-45,35],[-49,96],[21,39],[-51,56],[-25,61],[-33,34],[-28,75],[39,46],[42,14],[46,-11],[51,46],[-29,42],[44,50],[29,73],[40,26],[-10,51],[-62,0],[-79,13],[-75,-3],[-88,37],[-73,62],[-24,40],[-6,78],[58,60],[-1,86],[31,65],[-36,41],[-85,-50],[-32,3],[-78,28],[-111,73],[-74,75],[-20,39],[-24,90],[8,70],[31,46],[122,85],[52,27],[18,32],[115,48],[95,33],[-28,43],[-50,-12],[-100,-4],[-34,-19],[-57,0],[-11,-45],[-139,-85],[-73,-37],[-67,-17],[-50,9],[-120,94],[-92,163],[-79,77],[-51,23],[-82,17],[-205,27],[-52,1],[-55,20],[-16,-18],[-55,10],[-163,-10],[-102,-17],[-95,24],[-123,18],[-79,37],[-114,36],[-115,13],[-90,48],[-103,-24],[-125,-56],[-104,-79],[-68,-7],[-197,-88],[-77,-60],[-60,24],[-61,-9],[-22,19],[-50,-31],[-81,38],[-68,8],[-60,-9],[-92,21],[-20,23],[-103,23],[-54,22],[-50,2],[-49,-25],[-101,19],[-58,-25],[-38,-35],[-63,-12],[-15,-44],[-45,14],[-34,-11],[-101,-65],[-10,-30],[-96,-122],[-32,-18],[-59,-71],[-16,-31],[-38,9],[-51,-28],[-80,-4],[-39,17],[-86,16],[-59,-23],[-62,-75],[-14,-35],[-107,-11],[-22,-24],[-38,-5],[3,-80],[-52,-97],[-92,-60],[-87,-5],[-24,18],[-17,63],[-33,6],[-52,-18],[-57,8],[-23,-24],[14,-46],[63,-28],[13,-39],[-51,-71],[-28,-24],[-14,-70],[-55,5],[-41,79],[-41,23],[-81,-12],[-37,18],[-93,-14],[-90,6],[-59,16],[-170,82],[-33,38],[-55,93],[24,72],[-11,45],[-49,92],[-96,45],[-99,34],[-26,26],[-61,108],[-20,67],[-6,80],[-31,104],[26,51],[40,14],[97,-44],[75,4],[44,54],[43,30],[10,36],[38,42],[6,43],[-65,49],[76,51],[-24,47],[-56,12],[-32,36],[-122,96],[-30,-19],[-114,-4],[-153,-51],[-24,-23],[-89,-31],[-74,1],[-54,16],[-81,0],[-64,17],[-49,42],[-13,36],[47,113],[44,22],[-17,22],[42,54],[-74,56],[-46,-4],[-149,-87],[-67,-22],[-103,-4],[-47,52],[-141,79],[-66,26],[-31,24],[-9,43],[61,28],[207,130],[57,10],[161,-54],[39,2],[56,40],[17,51],[-53,25],[-98,17],[-71,65],[-18,75],[-17,27],[21,34],[52,20],[50,-18],[17,35],[2,52],[-18,65],[-24,23],[-37,-1],[-55,29],[-81,-16],[-46,13],[-30,-79],[-59,-46],[-119,40],[-40,-23],[-29,-54],[-42,-29],[-44,-6],[7,-50],[23,-32],[-34,-14],[-67,27],[-85,88],[12,46],[42,1],[-6,46],[36,46],[15,61],[30,57],[35,15],[55,57],[55,36],[42,-3],[64,36],[-12,49],[-28,31],[-62,11],[-55,28],[-18,-15],[4,-47],[-13,-35],[-93,-21],[-89,17],[-40,-8],[-64,27],[-27,64],[-66,30],[-40,38],[-78,-7],[-35,13],[-54,85],[-33,29],[-51,4],[-48,19],[-13,27],[-36,8],[-28,35],[-61,-1],[-40,27],[-52,10],[-80,-27],[-70,-82],[-14,-48],[-58,-80],[-47,-31],[-57,0],[-80,-29],[-157,-32],[-81,4],[-29,-19],[-113,-22],[-65,14],[-29,-32],[-33,-8],[-137,-6],[-48,-14],[-70,8],[-19,14],[-18,64],[-64,28],[17,34],[0,65],[-36,-4],[-44,97],[44,21],[41,-21],[103,-6],[13,-31],[-36,-15],[-17,-40],[24,-23],[71,-12],[38,39],[21,41],[-63,54],[3,57],[40,66],[148,-62],[28,5],[77,-23],[69,41],[29,57],[0,97],[-20,51],[-107,45],[-56,43],[23,45],[145,30],[55,3],[49,-33],[35,1],[85,-74],[1,-30],[33,-37],[42,-9],[49,10],[104,-26],[50,-49],[27,29],[60,9],[73,74],[11,39],[-66,61],[-17,59],[-46,24],[0,39],[24,49],[-3,28],[-42,23],[-82,25],[-29,22],[-13,58],[-90,133],[-48,21],[-81,98],[-41,29],[-3,72],[-16,35],[47,32],[51,53],[67,-99],[31,-25],[26,-101],[65,-17],[36,-22],[94,41],[29,70],[35,23],[9,42],[96,52],[9,-24],[-37,-74],[-4,-42],[32,-31],[35,15],[30,35],[55,-9],[35,-44],[10,-41],[52,-110],[24,-17],[69,39],[-27,40],[-4,35],[29,35],[-21,26],[9,38],[63,114],[2,33],[-70,51],[-21,-5],[-42,61],[5,45],[-14,32],[5,47],[33,63],[49,-13],[95,0],[91,-57],[32,-37],[45,-28],[5,-51],[-18,-30],[36,-58],[39,12],[69,-22],[-43,-21],[-19,-48],[-27,6],[-17,-49],[32,-62],[61,-12],[25,28],[34,3],[16,-31],[-15,-71],[43,-41],[16,-41],[39,-44],[41,7],[19,-46],[52,-50],[-54,-51],[-19,-45],[8,-62],[23,-37],[35,-15],[32,26],[12,37],[56,3],[88,33],[6,31],[-29,22],[-2,39],[27,6],[77,-38],[47,9],[69,-77],[42,37],[19,60],[-20,126],[90,9],[34,-15],[48,22],[56,47],[54,82],[31,61],[-40,38],[12,21],[-22,59],[-32,33],[-7,31],[-32,31],[-65,13],[-32,32],[17,77],[-5,40],[-34,39],[-47,7],[0,49],[-35,25],[-14,32],[20,27],[42,7],[29,52],[49,-6],[72,-42],[21,-48],[44,-13],[69,28],[64,10],[13,55],[-63,-2],[-23,52],[16,161],[-20,66],[-61,31],[-28,59],[-57,51],[-45,-13],[-29,39],[34,131],[69,-21],[44,-2],[94,22],[17,28],[55,28],[33,-18],[90,-20],[79,-36],[31,6],[13,-35],[-20,-24],[92,-144],[-17,-48],[11,-38],[60,-88],[13,-78],[20,-19],[49,-104],[27,-27],[-1,-37],[36,-24],[37,-115],[27,-34],[63,-26],[47,19],[-17,-58],[49,-27],[42,17],[36,-4],[31,-37],[33,24],[-27,69],[-32,44],[78,39],[3,49],[86,6],[34,46],[-27,27],[10,38],[54,-17],[36,-32],[-117,-156],[24,-51],[52,-28],[48,28],[48,-7],[0,-60],[-46,-48],[-2,-94],[50,-65],[37,-28],[-48,-32],[-3,-41],[34,-47],[61,-55],[78,-16],[63,-1],[48,37],[3,58],[41,44],[-19,26],[86,41],[9,55],[-7,36],[68,-10],[-17,-34],[-7,-67],[10,-38],[-21,-31],[-1,-52],[41,-71],[-49,-42],[-5,-52],[-38,-34],[-22,-94],[0,-66],[-66,-24],[-61,-52],[-1,-96],[32,-12],[3,-30],[48,-26],[58,13],[35,41],[62,31],[37,-68],[-11,-21],[11,-51],[-39,-110],[-50,-18],[-27,8],[-47,-36],[-28,-89],[-34,-31],[-14,-69],[31,-36],[54,-10],[26,-32],[7,-46],[-93,-105],[1,-38],[73,-35],[50,-6],[37,-119],[44,-39],[60,-27],[23,-33],[42,40],[0,45],[-26,25],[-5,49],[22,56],[10,63],[-20,86],[20,84],[66,55],[18,95],[56,41],[26,-12],[27,-56],[-25,-69],[10,-58],[19,-35],[69,-51],[131,-40],[-21,-43],[-2,-42],[-62,-59],[-6,-92],[-27,-74],[4,-62],[-19,-89],[30,-40],[72,15],[-2,-53],[-19,-82],[19,-42],[-101,-60],[-11,-56],[32,-25],[47,20],[42,-3],[28,23],[27,-15],[-1,-37],[-23,-68],[-46,-28],[62,-49],[8,-40],[45,-55],[84,-21],[28,-31],[6,-38],[-51,-37],[7,-48],[27,-32],[57,-3],[16,-16],[57,29],[24,29],[15,71],[-38,74],[2,31],[-52,59],[20,25],[35,-7],[50,-60],[24,-42],[69,-40],[61,-14],[28,-43],[2,-39],[34,-23],[54,12],[34,33],[20,168],[-33,49],[-67,4],[-12,46],[19,123],[-38,44],[-49,-17],[-56,-1],[-23,21],[-70,199],[35,55],[16,47],[42,34],[5,35],[48,15],[43,-21],[47,-76],[39,-14],[52,-41],[95,-45],[62,-53],[36,-5],[40,22],[86,64],[-18,61],[8,104],[70,88],[3,53],[-23,47],[-36,27],[-12,42],[-49,29],[5,57],[-11,34],[-74,29],[-39,47],[-43,0],[-57,99],[-91,17],[-88,69],[-47,-1],[-74,-41],[-80,-143],[-62,-76],[-66,-8],[17,76],[22,36],[108,103],[105,85],[23,34],[-17,36],[38,69],[-8,57],[-44,36],[45,52],[45,120],[-32,55],[-34,20],[-36,89],[11,64],[-26,48],[-93,23],[105,48],[69,86],[34,93],[26,36],[-28,43],[2,77],[-45,97],[-29,27],[-45,-2],[-42,15],[-23,40],[-89,79],[-24,41],[-64,75],[-32,16],[-89,2],[12,59],[-1,83],[23,78],[-2,49],[-21,36],[-48,18],[-46,50],[-38,-16],[-71,33],[-33,-17],[-28,30],[21,77],[9,110],[-4,64],[-45,33],[3,35],[-33,20],[-31,64],[78,-26],[112,10],[44,-44],[110,-41],[66,-4],[60,21],[70,9],[78,-1],[55,-34],[11,-35],[30,-25],[6,-45],[39,-55],[-41,-54],[26,-73],[-4,-24],[33,-112],[26,-30],[93,-70],[42,-109],[51,-47],[78,-24],[102,28],[19,-18],[-6,-46],[31,-83],[74,-44],[49,1],[31,22],[59,-23],[-25,-81],[19,-31],[-13,-50],[-38,-56],[26,-80],[70,-38],[27,17],[15,-90],[32,-62],[43,-3],[-6,-62],[37,-69],[-1,-41],[23,-17],[2,-81],[26,-50],[50,-59],[32,-23],[77,-8],[61,-48],[43,-60],[32,37],[-27,54],[39,11],[36,37],[-27,87],[-16,21],[-68,42],[10,62],[-30,24],[43,23],[26,43],[-17,106],[-32,39],[-64,8],[4,37],[-21,57],[-28,28],[-38,-3],[-43,65],[1,29],[45,82],[34,25],[45,62],[-10,57],[-63,21],[-17,30],[8,36],[-40,155],[40,15],[45,-6],[88,50],[56,11],[58,32],[11,37],[77,-15],[6,-37],[56,-18],[44,8],[32,-40],[52,-12],[51,12],[59,34],[81,75],[-8,36],[-49,22],[18,56],[27,-6],[86,35],[54,37],[42,49],[41,75],[3,99],[-20,34],[18,73],[-84,49],[15,51],[30,-28],[93,-18],[-28,-97],[12,-80],[37,-43],[106,-66],[65,-88],[-22,-51],[33,-87],[-15,-20],[20,-74],[11,-130],[32,-69],[48,-58],[-5,-77],[26,-31],[71,-44],[68,-19],[67,-90],[-27,-70],[-2,-44],[15,-40],[-4,-110],[-26,-45],[12,-152],[-3,-54],[-35,-69],[-3,-63],[-36,-77],[42,-16],[28,-65],[-14,-37],[16,-45],[-67,-58],[24,-53],[-40,-29],[-14,-37],[8,-57],[49,-22],[41,32],[5,26],[63,61],[25,-45],[-26,-58],[6,-21],[87,-20],[87,12],[43,54],[21,47],[-2,66],[26,81],[-25,75],[7,51],[27,48],[40,9],[50,-71],[19,-10],[47,19],[46,46],[20,49],[-20,90],[5,67],[-66,109],[-35,29],[1,38],[71,88],[0,27],[32,49],[87,75],[34,13],[59,61],[45,-41],[84,2],[12,-30],[57,-9],[29,-84],[48,-24],[-5,-27],[77,-56],[52,-80],[7,-49],[33,-37],[41,-21],[36,-52],[10,-68],[25,-39],[62,-22],[83,1],[6,-44],[73,-49],[86,-1],[73,-48],[-24,-58],[-14,-92],[-79,17],[-26,-48],[14,-28],[-58,-39],[-15,-36],[-35,-26],[5,-45],[43,-24],[56,10],[32,24],[49,58],[68,-39],[43,-36],[21,-38],[-93,-68],[2,-43],[23,-22],[50,3],[52,-26],[-54,-50],[-64,11],[-24,-7],[-31,-51],[6,-95],[31,-13],[77,12],[33,-29],[10,-76],[27,-19],[36,-68],[106,30],[77,37],[41,-13],[116,-7],[39,-18],[58,-101],[13,-76],[55,-121],[59,-67],[37,-19],[76,-9],[77,-123],[19,-9],[40,-73],[68,-83],[193,-136],[103,-26],[78,7],[57,-11],[53,-42],[61,-72],[9,-49],[32,-29],[9,-42],[48,-113],[20,-71],[-26,-162],[1,-119],[18,-112],[55,-136],[106,-168],[28,-29],[78,-114],[50,-57],[109,-71],[115,-37],[102,-4],[60,52],[71,4],[11,-16],[116,-67],[104,-37],[86,-5],[132,33],[79,43],[18,47],[91,86],[42,80],[33,36],[-6,41],[51,39],[63,13],[107,51],[47,67],[-22,37],[103,68],[58,57],[0,65],[46,60],[-6,42],[29,48],[-24,39],[29,15],[17,38],[32,-11],[131,36],[51,-2],[84,34],[88,88],[18,31],[50,42],[79,117],[18,92],[-44,32],[11,58],[-14,26],[162,53],[71,33],[14,30],[42,8],[56,28],[13,-45],[87,-122],[-16,-70],[32,-43],[85,-43],[15,15],[100,-17],[27,-61],[41,-33],[22,-41],[32,-22],[58,-6],[53,8],[59,33],[96,99],[15,68],[-47,71],[-10,71],[32,44],[29,74],[3,63],[54,50],[-85,133],[-51,13],[-71,32],[-11,35],[-1,72],[-26,60],[-34,30],[-57,30],[-11,41],[-27,36],[-85,25],[-49,40],[-64,-1],[-5,36],[33,31],[10,38],[41,56],[55,5],[66,-39],[76,-24],[54,21],[36,-49],[64,-45],[96,18],[35,28],[38,4],[84,61],[50,-53],[56,-29],[-8,-24],[24,-86],[77,-190],[22,-38],[79,-46],[50,21],[37,-71],[7,-84],[32,-90],[44,-44],[-5,-27],[30,-61],[32,-1],[28,-64],[27,-16],[68,-162],[71,-76],[43,20],[66,-16],[45,-48],[139,-40],[34,23],[26,-31],[49,-17],[14,-30],[51,-27],[26,-32],[46,-143],[27,-24],[17,-70],[34,-40],[8,-45],[28,-31],[0,-28],[64,-99],[19,-10],[45,-73],[55,-117],[66,-88],[77,-121],[48,-34],[32,-5],[35,-40],[80,-58],[43,8],[64,-13],[69,-41],[39,-81],[-15,-67],[-20,-23],[-4,-45],[-20,-21],[2,-41],[-32,-18],[-19,-39],[2,-64],[24,-77],[47,-111],[83,-149],[46,-69],[100,-134],[29,-27],[-15,-60],[53,-103],[61,-67],[4,-62],[55,-131],[-21,-65],[33,-74],[83,-107],[101,-95],[61,-84],[65,-59],[-2,-85],[18,-54],[98,-129],[81,-78],[-25,-37],[11,-32],[69,-94],[99,-92],[73,-45],[106,-54],[110,-45],[237,-69],[161,-26],[107,-5],[70,-29],[87,-22],[147,-2],[121,4],[171,42],[58,38],[43,13],[9,25],[105,36],[67,38],[20,56],[57,25],[33,30],[34,75],[45,-20],[66,10],[119,31],[202,82],[107,23],[59,-1],[60,-23],[73,-77],[30,-81],[18,-148],[-25,10],[-92,-10],[-26,-32],[-26,-68],[-77,18],[-58,4],[-61,22],[-124,-19],[-7,-35],[-65,-57],[-9,-45],[-38,-50],[3,-76],[28,-76],[16,-106],[29,-22],[43,-83],[64,-43],[67,13],[56,29],[40,7],[105,-19],[47,28],[29,-13],[35,31],[31,0],[27,-56],[-9,-39],[46,-61],[41,-8],[50,18],[71,-7],[4,18],[78,77],[-12,52],[-59,77],[10,47],[95,-2],[61,22],[62,53],[22,38],[5,60],[52,29],[98,100],[23,-1],[87,-71],[46,3],[31,-54],[-52,-24],[-24,-41],[11,-75],[41,-79],[-140,16],[-27,-13],[-40,14],[-6,-81],[11,-55],[67,-50],[42,-77],[28,-24],[46,0],[42,25],[88,-2],[86,13],[113,36],[77,-43],[64,-14],[26,-38],[-13,-87],[-22,-23],[37,-48],[62,-50],[23,-56],[56,-1],[19,25],[62,42],[33,11],[35,47],[74,31],[2,60],[28,50],[74,21],[62,-32],[36,-4],[117,14],[111,65],[26,38],[38,3],[64,44],[20,41],[74,59],[100,22],[30,-20],[35,-54],[6,-48],[-41,-127],[-19,-14],[-31,-84],[-25,-4],[-25,-46],[49,-107],[25,-3],[-40,-90],[8,-60],[-87,-68],[-16,-66],[33,-111],[31,-24],[-25,-48],[18,-98],[-102,-111],[-4,-51],[-23,-53],[-77,-33],[23,-70],[-11,-50],[18,-41],[31,-18],[72,41],[41,36],[67,122],[-12,66],[17,41],[54,43],[23,58],[8,99],[61,79],[-5,67],[103,-14],[39,8],[35,35],[-13,38],[36,33],[15,46],[34,37],[27,51],[77,15],[78,-16],[117,-6],[89,-18],[117,7],[71,-16],[27,-46],[3,-35],[-37,-55],[2,-27],[-43,-93],[-36,-26],[74,-84],[92,-51],[37,64],[96,-5],[30,48],[44,-35],[51,8],[3,40],[25,37],[85,69],[91,-11],[93,18],[141,77],[-10,66],[-21,31],[-65,32],[90,40],[94,79],[63,89],[50,53],[-40,78],[-35,-2],[-77,35],[-38,4],[50,55],[43,18],[41,-43],[77,-40],[140,-34],[139,0],[99,8],[138,-15],[178,2],[82,12],[46,32],[99,47],[116,74],[95,47],[92,64],[54,56],[25,41],[-2,34],[-30,45],[15,42],[-3,65],[73,59],[36,41],[51,22],[46,39],[11,35],[44,-9],[45,-34],[81,-21],[96,-5],[99,14],[88,33],[49,36],[62,14],[33,-43],[42,-140],[46,-69],[44,-47],[93,-67],[84,-29],[112,-12],[91,18],[100,-6],[70,-29],[126,22],[51,59],[130,60],[14,24],[47,-21],[17,-67],[34,-80],[48,-86],[34,-36],[62,-17],[52,9],[38,-37],[-57,-70],[-44,49],[-71,28],[-43,3],[-122,-76],[-34,-50],[-47,-29],[-44,-65],[-14,-86],[-30,-36],[-16,-134],[-27,-33],[-54,-27],[-37,-1],[-22,-36],[-111,26],[-41,44],[-153,26],[-60,-7],[-122,-50],[-86,-46],[-12,-32],[-84,-87],[-73,-138],[-19,-11],[-76,-8],[-39,-39],[-14,-43],[20,-63],[32,-2],[52,-87],[7,-62],[28,-52],[0,-35],[39,-104],[32,-56],[51,-44],[48,22],[42,-13],[57,29],[66,-10],[59,-95],[89,-104],[92,-98],[-26,-40],[10,-53],[30,-36],[60,-23],[34,12],[34,39],[46,12],[52,-21],[6,-54],[45,52],[63,36],[47,-29],[79,17],[12,-56],[-15,-49],[9,-52],[23,-10],[51,38],[59,18],[67,-30],[45,5],[47,53],[66,32],[67,11],[147,42],[25,29],[204,78],[68,22],[72,38],[48,41],[44,55],[-20,11],[24,64],[72,51],[67,88],[-2,38],[30,52],[57,9],[36,23],[91,4],[69,13],[27,42],[68,27],[93,-6],[51,-54],[59,-41],[77,-10],[39,5],[109,-89],[14,-103],[-42,-39],[-4,-80],[23,-59],[26,-35],[65,-42],[56,-15],[38,-57],[1,-66],[-82,-52],[-34,-66],[16,-62],[21,-34],[7,-116],[48,-34],[15,28],[56,50],[74,53],[23,-12],[96,-15],[48,40],[44,22],[10,37],[-2,75],[25,28],[37,7],[23,53],[36,-25],[102,27],[26,21],[4,57],[-36,55],[41,19],[67,-18],[46,-31],[22,-32],[33,-150],[-10,-67],[73,-54],[11,-33],[37,-37],[17,-40],[43,-38],[22,-44],[93,-84],[139,-135],[50,-27],[54,16],[-1,-55],[-29,-6],[-54,-73],[8,-70],[-28,-1],[-195,49],[-15,-114],[-16,-60],[4,-37],[57,-103],[52,2],[55,-26],[9,-41],[49,-36],[70,-30],[27,7],[24,68],[64,36],[11,-46],[-13,-52],[-34,-55],[3,-62],[36,-28],[-17,-33],[22,-40],[48,-44],[8,-29],[98,-69],[-33,-30],[-14,-70],[-27,-14],[-31,-63],[0,-33],[-65,-72],[-31,-114],[8,-63],[-11,-75],[-52,-59],[-57,-96],[-30,-88],[-68,-122],[-11,-52],[14,-43],[68,-104],[48,-108],[42,-68],[88,-82],[43,17],[-68,75],[-13,36],[10,101],[41,72],[54,45],[27,43],[55,174],[14,93],[-9,111],[14,18],[140,100],[58,122],[55,16],[2,26],[92,50],[14,43],[70,60],[14,57],[95,-31],[57,10],[35,-8],[60,20],[14,24],[40,-13],[40,62],[-20,25],[16,95],[-14,50],[14,46],[-13,21],[-25,94],[-25,44],[22,82],[-33,71],[-23,7],[12,80],[39,-30],[80,-27],[49,1],[102,25],[91,14],[140,36],[125,-130],[41,-83],[59,-71],[69,-67],[104,-83],[107,-69],[83,-36],[19,-43],[80,-61],[134,-88],[95,-40],[72,-13],[25,-40],[26,19],[98,-43],[233,-25],[43,-27],[41,1],[62,-94],[185,-63],[67,-15],[131,-7],[152,-15],[53,8],[125,-2],[91,22],[69,3],[48,-38],[10,-53],[62,-4],[31,16],[67,-18],[70,15],[37,-14],[79,2],[101,27],[137,8],[159,22],[88,26],[162,36],[155,45],[154,52],[83,12],[82,-4],[295,61],[68,34],[261,176],[67,35],[37,31],[86,49],[176,124],[78,96],[57,81],[43,81],[11,40],[105,142],[110,194],[16,56],[51,-38],[108,-21],[102,6],[124,56],[28,29],[95,-14],[59,-1],[107,13],[64,30],[25,50],[-8,21],[31,39],[145,-29],[55,-51],[102,-38],[21,-65],[-74,-56],[-14,-35],[15,-69],[34,-19],[3,-48],[-18,-34],[5,-38],[-34,-67],[-29,-10],[-4,-40],[18,-24],[-2,-58],[77,-56],[60,23],[64,-31],[-5,-37],[27,-46],[1,-30],[62,-57],[11,-68],[29,-112],[110,-201],[148,2],[39,-12],[100,-68],[53,-19],[78,-4],[34,14],[66,-4],[75,-61],[7,-42],[6,-180],[-33,-52],[-15,-53],[6,-95],[-6,-52],[19,-163],[-3,-43],[22,-34],[40,-25],[119,-178],[102,5],[145,-27],[132,-20],[32,-16],[98,-102],[44,-38],[104,-59],[55,-6],[158,61],[101,56],[136,-9],[55,-26],[52,-5],[169,-101],[132,-54],[116,-89],[9,-58],[53,-20],[34,-54],[47,-111],[41,-113],[57,-114],[68,-118],[36,-50],[81,-77],[102,-78],[94,-53],[156,-126],[107,-108],[57,-72],[32,-59],[35,-39],[40,-5],[35,26],[32,-1],[40,40],[77,14],[96,-10],[49,5],[53,77],[43,-8],[35,44],[35,12],[72,0],[20,22],[103,13],[75,-5],[76,85],[56,5],[100,-35],[7,-21],[46,-10],[40,43],[40,23],[52,-35],[8,-40],[35,-43],[46,-23],[57,-8],[7,-56],[48,-108],[29,-52],[45,5],[84,-32],[33,-51],[52,-48],[98,-66],[99,-44],[20,-19],[1,-55],[76,-9],[93,-48],[18,-18],[80,19],[-5,73],[-31,45],[-63,44],[-14,39],[8,36],[-47,41],[-83,121],[-17,-2],[-173,88],[-55,51],[47,31],[1,66],[-42,31],[-14,38],[-48,37],[-34,-3],[-34,24],[13,30],[-48,29],[-37,-18],[-51,-6],[-55,44],[34,63],[87,-22],[68,9],[37,-10],[14,-32],[66,-12],[35,21],[47,-16],[44,21],[59,-65],[119,1],[11,-26],[89,8],[124,43],[132,17],[47,-5],[55,30],[61,-1],[77,38],[85,9],[76,-14],[41,3],[40,-48],[101,-191],[77,-107],[10,-30],[85,-34],[198,-24],[51,15],[43,-11],[178,79],[45,-4],[78,24],[102,51],[59,45],[46,71],[30,86],[-79,1],[-46,-41],[-51,-28],[-45,-5],[-68,-51],[-158,-30],[-63,5],[-61,19],[-55,42],[-61,31],[-41,35],[-61,22],[-91,50],[-87,88],[0,27],[-74,89],[-23,53],[-50,-10],[-40,15],[-73,-22],[-93,13],[-45,29],[-39,51],[-34,72],[-41,30],[-53,7],[-109,-17],[-76,54],[48,53],[44,9],[77,34],[170,11],[28,-7],[123,0],[120,29],[51,34],[25,68],[85,45],[39,54],[61,-9],[29,-21],[142,36],[76,58],[30,52],[61,80],[41,31],[0,46],[-38,29],[-92,21],[-48,40],[34,60],[-16,90],[132,49],[55,57],[101,47],[123,21],[73,5],[123,45],[63,52],[39,61],[-1,30],[-32,28],[37,24],[75,80],[56,25],[79,-32],[19,-68],[55,-20],[98,9],[93,43],[25,37],[-1,52],[60,1],[133,-16],[49,11],[25,-15],[48,0],[-38,-59],[-51,-45],[-49,-23],[-41,-61],[-14,-52],[46,-67],[70,-75],[27,-17],[73,-8],[58,14],[79,6],[86,-16],[171,5],[136,31],[83,29],[28,40],[60,21],[52,34],[88,33],[29,37],[96,41],[149,98],[62,67],[16,31],[-12,34],[79,127],[13,57],[111,-35],[39,8],[35,-13],[58,0],[14,-44],[-11,-25],[21,-87],[31,-62],[50,-34],[-10,-43],[86,-60],[116,-45],[74,-46],[48,-10],[76,61],[85,35],[12,24],[111,60],[72,25],[29,31],[38,14],[76,79],[104,65],[271,112],[109,96],[77,148],[59,42],[135,33],[61,6],[98,25],[83,-8],[41,11],[60,63],[37,57],[156,18],[52,17],[43,31],[93,46],[10,23],[51,22],[39,39],[62,-6],[35,-16],[67,8],[61,21],[95,-4],[142,60],[44,14],[40,39],[180,105],[48,12],[163,76],[142,55],[78,22],[60,6],[83,-4],[55,20],[69,0],[196,75],[64,10],[116,50],[122,1],[97,41],[75,-23],[62,30],[52,48],[97,57],[89,43],[72,-31],[-18,-60],[-280,-206],[-22,-50],[-57,-37],[-35,-9],[-73,-48],[-71,14],[29,88],[-55,34],[-42,-25],[-7,-28],[-76,-18],[-92,-7],[-70,15],[-63,-35],[-24,16],[-74,2],[-58,-32],[-64,-82],[11,-78],[54,-8],[19,-46],[-68,-51],[-54,-4],[-34,-20],[-42,-68],[-35,-34],[-6,-33],[-69,-10],[-41,-21],[-11,-26],[-65,-36],[-13,-73],[-68,-57],[-59,6],[-18,-30],[-102,-25],[-24,-37],[-58,-37],[-77,-94],[-3,-21],[-83,-140],[-50,-55],[-30,-80],[32,-51],[-118,-13],[-46,-26],[-24,-55],[-7,-73],[-82,-2],[-22,25],[-68,-22],[-26,-45],[11,-50],[-18,-38],[-50,12],[-124,-39],[-34,-38],[-1,-33],[-30,-54],[-71,-63],[-14,-45],[-45,-64],[-57,-34],[-68,-10],[-65,-40],[-24,-55],[-39,-48],[-76,-61],[-81,-57],[-43,9],[-81,-5],[-47,-81],[-61,-150],[-6,-40],[2,-121],[-7,-78],[-19,-42],[25,-37],[5,-120],[46,-82],[29,-69],[37,-48],[25,-60],[43,-67],[43,-47],[103,-135],[71,-62],[45,-53],[79,-58],[55,-25],[104,-25],[78,-45],[53,-68],[16,-52],[93,-139],[9,-64],[-105,-157],[-51,-62],[-38,-78],[43,-18],[125,109],[56,41],[54,55],[84,108],[145,306],[91,35],[94,75],[79,-1],[28,-13],[23,-38],[-39,-93],[6,-60],[33,0],[89,123],[29,111],[-8,51],[29,37],[-3,55],[-30,113],[-2,60],[15,43],[77,71],[40,11],[48,44],[27,-19],[63,50],[14,35],[49,29],[-9,50],[20,60],[87,-46],[84,19],[20,43],[-13,61],[19,41],[34,6],[30,47],[62,-29],[47,-44],[64,12],[17,27],[-10,47],[14,29],[59,-40],[52,-14],[93,53],[19,103],[-15,41],[15,27],[39,-4],[42,-60],[22,-6],[67,46],[17,29],[12,88],[-48,30],[24,48],[136,30],[33,37],[41,5],[-7,-58],[-20,-7],[-6,-52],[25,-24],[-45,-34],[-13,-64],[70,-33],[-40,-72],[49,-13],[40,-26],[17,-32],[1,-79],[40,-20],[43,52],[-9,36],[9,64],[53,53],[25,71],[-8,48],[51,29],[62,54],[9,88],[77,45],[78,-37],[1,-50],[28,-92],[69,3],[70,52],[13,45],[-24,30],[-15,67],[47,51],[2,-51],[64,-26],[19,-46],[48,5],[40,40],[12,-33],[59,10],[55,-14],[56,68],[-1,76],[-15,35],[85,-12],[34,11],[83,55],[29,63],[115,38],[55,38],[68,64],[42,3],[17,32],[-12,28],[4,65],[-41,37],[23,43],[40,15],[-12,46],[-52,24],[-20,36],[91,114],[26,-35],[47,-1],[1,56],[13,32],[92,-11],[30,5],[44,41],[79,1],[35,15],[35,45],[1,37],[77,-2],[17,68],[42,-21],[-58,-85],[48,-41],[-60,-16],[-14,-77],[-28,-39],[-62,-31],[-48,16],[-27,-68],[-29,-36],[-16,-56],[-38,-21],[-3,-127],[-22,-19],[-82,-149],[-130,-67],[-62,-109],[-84,-69],[-7,-63],[-92,-55],[-36,-105],[-43,-69],[8,-28],[-15,-95],[-42,-138],[-115,27],[-39,30],[-34,-3],[-33,-27],[-13,-41],[-31,-24],[9,-39],[34,-39],[-33,-41],[-39,22],[-65,-2],[-46,-32],[-20,-47],[-38,-32],[-27,-49],[-76,-95],[-27,-61],[10,-117],[24,-61],[62,-56],[143,-47],[94,-53],[32,-27],[6,-55],[-21,-21],[-7,-75],[112,-125],[35,-29],[77,-19],[40,32],[41,-21],[51,17],[26,48],[79,-47],[69,7],[92,41],[20,57],[28,29],[22,98],[18,47],[19,98],[44,45],[-4,62],[42,-35],[92,-42],[50,-1],[128,34],[69,55],[34,14],[72,-4],[52,-83],[46,-23],[51,0],[-2,-83],[-48,-92],[-15,-78],[-30,-29],[1,-85],[-60,-40],[-57,63],[-39,14],[-64,-25],[-22,-32],[-30,-7],[-17,-66],[-1,-86],[-27,-27],[-28,-71],[21,-43],[-6,-29],[-98,41],[-14,33],[-53,29],[-62,4],[-31,-22],[-34,-73],[21,-52],[29,-34],[43,-18],[69,-61],[-6,-31],[37,-58],[-7,-52],[-48,-12],[-65,-66],[-98,-163],[-31,-79],[-8,-87],[-27,-43],[-36,0],[-33,-90],[-59,11],[-61,-4],[-125,-121],[-44,-94],[22,-143],[-4,-26],[-37,-38],[-56,-150],[6,-35],[-13,-65],[43,-20],[27,41],[42,175],[40,39],[109,-7],[101,-58],[50,-14],[64,-1],[55,28],[91,28],[21,-29],[-37,-110],[-29,-17],[-36,-59],[14,-65],[-17,-50],[-51,-42],[-33,-12],[-44,-135],[-19,-42],[1,-50],[24,-13],[87,-144],[62,1],[44,-11],[55,-36],[15,-38],[-25,-132],[0,-102],[-24,-74],[4,-54],[25,-44],[48,21],[21,82],[67,64],[53,78],[32,9],[44,-12],[-44,-102],[52,-20],[21,43],[100,128],[3,67],[14,27],[-20,26],[11,98],[53,86],[48,44],[23,40],[83,74],[-2,43],[32,20],[76,-57],[54,-3],[23,-36],[-45,-86],[2,-33],[33,-63],[63,-60],[64,-14],[94,-5],[51,8],[88,31],[30,29],[20,161],[33,9],[25,-42],[70,-73],[69,-3],[71,29],[68,-3],[64,38],[46,64],[106,15],[20,22],[82,-57],[50,-81],[8,-86],[-10,-43],[5,-77],[64,-11],[42,9],[28,-46],[67,-12],[51,5],[40,21],[18,-24],[70,24],[19,-30],[75,-5],[92,17],[45,16],[21,-11],[46,40],[47,3],[42,20],[60,-10],[26,-60],[-5,-26],[-46,-42],[-53,-71],[40,-18],[99,86],[38,59],[29,133],[43,40],[87,63],[79,48],[45,8],[20,33],[140,90],[56,29],[119,95],[106,102],[49,31],[40,52],[70,57],[46,61],[41,30],[38,78],[46,66],[12,96],[-69,55],[-32,5],[19,48],[-16,61],[19,37],[71,47],[22,54],[53,66],[33,11],[29,52],[60,47],[12,41],[40,63],[36,94],[19,74],[4,87],[-44,38],[-55,22],[-23,65],[40,20],[32,42],[41,1],[53,-22],[70,29],[31,46],[28,74],[64,68],[5,68],[19,92],[-27,42],[-85,22],[-29,35],[5,61],[45,31],[47,13],[172,21],[155,58],[50,27],[-12,42],[-54,-25],[-93,-28],[-45,11],[-41,98],[-5,72],[-23,91],[-28,71],[-71,142],[-44,38],[-38,17],[-39,44],[-35,18],[-84,17],[-93,4],[-50,-17],[-29,-51],[-55,-40],[-58,9],[-8,20],[-92,29],[-142,21],[-67,-8],[-66,-39],[-19,15],[-45,-29],[-32,24],[-42,4],[-73,-28],[-168,-17],[-173,-39],[-27,21],[-102,-16],[-38,1],[-6,154],[-82,118],[-33,58],[-37,35],[-48,1],[-15,18],[-70,-27],[-53,-41],[-27,-40],[-128,-49],[-23,-2],[-136,54],[-58,8],[-53,-6],[-19,38],[43,28],[-48,32],[12,102],[68,22],[22,59],[-28,49],[-78,6],[-9,33],[58,40],[10,21],[52,4],[35,-23],[62,-21],[15,14],[80,-6],[51,-31],[35,19],[10,51],[32,36],[54,-9],[91,68],[27,-29],[37,-3],[15,23],[-18,56],[11,23],[-13,56],[-70,42],[28,87],[54,14],[93,-29],[79,4],[-20,47],[50,150],[50,17],[76,-2],[59,59],[12,52],[3,92],[67,69],[23,64],[49,51],[11,37],[109,127],[2,38],[-33,40],[97,49],[70,44],[177,57],[48,40],[51,8],[53,34],[53,-28],[3,-38],[35,-24],[40,35],[71,21],[65,3],[44,16],[27,-53],[48,17],[2,-84],[71,3],[65,27],[4,34],[-22,20],[11,63],[85,30],[17,24],[2,56],[-13,46],[-47,14],[6,30],[91,0],[35,11],[44,65],[-27,39],[45,5],[77,-64],[58,-1],[13,35],[-19,52],[19,28],[-13,36],[-53,30],[27,36],[29,0],[14,-34],[85,-73],[53,56],[-2,38],[36,38],[-23,76],[50,17],[-65,52],[45,21],[29,40],[50,43],[48,71],[49,36],[16,73],[36,26],[55,16],[104,150],[14,40],[99,7],[45,-8],[10,-67],[46,-57],[11,-37],[66,36],[10,19],[-21,48],[42,-4],[41,65],[50,22],[25,74],[-1,63],[-77,11],[27,48],[86,18],[43,-4],[64,-25],[25,-49],[49,-46],[77,-29],[60,28],[72,-22],[65,2],[22,-22],[92,6],[39,26],[129,29],[42,24],[38,62],[-11,35],[43,4],[43,-45],[85,35],[46,74],[-29,32],[-13,45],[12,48],[36,17],[32,41],[94,7],[62,18],[43,-6],[3,-46],[37,-25],[89,23],[37,39],[50,11],[55,68],[60,27],[26,38],[21,71],[-13,31],[-64,18],[-38,47],[-30,4],[-66,90],[5,53],[28,16],[-13,35],[29,29],[42,-16],[46,-69],[15,-66],[-14,-54],[15,-33],[80,-60],[83,-39],[7,-13],[-4,-125],[-31,-39],[-84,-55],[-27,-8],[-62,-75],[-39,-12],[-71,-49],[-29,-58],[-44,-35],[-111,-51],[-58,-2],[-75,-54],[-104,-31],[-126,-14],[-90,-30],[-29,-29],[-64,-4],[-26,-17],[-75,-22],[-151,-18],[-35,6],[-104,-9],[-44,-40],[-17,-83],[13,-102],[-12,-36],[2,-56],[24,-74],[30,-55],[-5,-33],[-60,15],[-35,48],[-27,75],[19,21],[-16,42],[-53,28],[-55,-4],[-43,-23],[-38,-42],[-6,-52],[21,-93],[-12,-35],[33,-15],[46,-73],[36,10],[78,-8],[55,75],[33,-75],[34,-28],[7,-63],[23,-36],[79,-69],[67,-12],[38,-37],[-48,-67],[17,-24],[46,-8],[31,30],[67,-7],[6,45],[-35,81],[13,72],[3,73],[51,45],[42,17],[20,56],[-50,21],[61,70],[40,15],[26,45],[66,20],[20,-16],[50,13],[39,-12],[43,-47],[39,11],[15,-30],[20,-140],[53,-211],[46,-129],[35,-70],[39,-27],[34,-98],[0,-40],[66,-185],[114,-212],[45,-53],[65,-38],[65,11],[52,-14],[87,39],[7,-64],[22,-52],[-29,-46],[-32,-128],[-33,-1],[16,-91],[31,-67],[-9,-27],[25,-66],[-14,-31],[-52,-21],[-21,-49],[13,-82],[-30,-27],[-17,-42],[24,-106],[70,-143],[10,-40],[37,-63],[50,-62],[16,-37],[49,-63],[8,-51],[22,-32],[13,-145],[89,-98],[64,-43],[172,-138],[185,-91],[29,2],[71,-49],[5,-65],[-22,-27],[32,-126],[-27,-138],[28,-74],[104,-87],[24,26],[47,-25],[23,-35],[9,-49],[52,-17],[35,68],[41,1],[63,-30],[67,-7],[107,64],[50,-16],[24,-47],[-2,-32],[29,-32],[115,-35],[65,26],[7,36],[33,24],[-9,33],[58,76],[22,75],[56,-97],[70,-12],[72,14],[18,24],[48,-5],[60,67],[5,46],[43,21],[14,74],[68,108],[51,31],[49,7],[27,40],[-6,23],[-44,33],[14,66],[-111,6],[-31,-8],[-13,40],[-46,54],[28,81],[-15,58],[-175,-41],[-26,-25],[-18,-63],[-45,7],[41,55],[4,68],[-31,34],[-81,12],[-72,81],[-11,64],[-65,34],[-38,-12],[-6,42],[-31,33],[-35,-11],[-47,48],[-68,-7],[-17,-22],[-149,-46],[-34,-66],[-19,15],[24,84],[32,64],[-17,26],[41,49],[153,-41],[99,-16],[111,2],[161,45],[47,41],[21,35],[-28,42],[13,31],[78,-3],[126,20],[69,40],[39,47],[105,-19],[143,14],[118,37],[41,34],[61,-72],[20,-89],[2,-105],[10,-43],[34,-49],[61,6],[29,-55],[45,-34],[16,-41],[69,-85],[89,-87],[82,-43],[64,18],[34,23],[29,-19],[141,-39],[56,51],[44,-3],[78,-29],[16,7],[165,-83],[46,-4],[28,-31],[12,-75],[62,-55],[25,-116],[41,-80],[65,-36],[57,20],[83,-7],[7,-98],[22,-20],[1,-40],[-27,-65],[-2,-70],[-13,-23],[5,-59],[49,-67],[45,-18],[65,13],[42,73],[104,-14],[48,-34],[-7,-121],[3,-59],[32,-58],[-7,-64],[33,-14],[11,-118],[81,-109],[-37,-27],[-19,-40],[17,-43],[-15,-44],[-44,20],[-10,-65],[-29,-5],[-8,-41],[-68,14],[-38,-12],[-49,8],[-26,-37],[0,-63],[-64,-85],[-137,-83],[-12,-14],[-90,-7],[-69,-27],[-67,-8],[-51,-46],[-29,-64],[0,-63],[69,134],[37,17],[213,13],[62,-17],[83,-4],[39,67],[-1,44],[60,120],[44,18],[-7,41],[38,38],[47,-77],[34,0],[51,-51],[75,-45],[74,-22],[36,22],[98,-15],[62,66],[98,40],[5,38],[-29,64],[194,-11],[10,-39],[-34,-16],[-71,-95],[-8,-42],[-72,-19],[-45,-72],[-7,-63],[25,-49],[-143,-15],[-41,48],[-48,14],[-118,-42],[-125,-90],[-71,3],[-59,-22],[-20,-28],[-41,-4],[-68,-67],[-45,-4],[-81,-77],[-67,-89],[-32,-85],[-5,-67],[-89,-35],[-45,-43],[-128,-72],[-172,-166],[-179,-194],[-186,-234],[-27,-23],[-77,-104],[-107,-125],[-105,-156],[-7,-51],[-63,-8],[-36,-45],[-59,-44],[-26,6],[-45,-28],[-77,-74],[-62,-79],[-46,-74],[-25,-74],[-3,-39],[24,-97],[-5,-62],[-45,5],[-24,67],[14,63],[-38,56],[-36,13],[-2,68],[-31,45],[0,53],[109,97],[72,101],[36,112],[-13,60],[20,22],[48,-11],[116,-5],[58,36],[21,45],[2,153],[-6,66],[-22,43],[-11,70],[30,57],[-1,42],[-36,77],[-95,37],[-87,-22],[-128,-94],[-48,-23],[-31,-41],[-28,-7],[-10,-42],[-159,-80],[-41,-6],[-28,-44],[-54,-31],[-35,7],[-30,-16],[-29,32],[-83,-67],[28,-27],[-76,-104],[4,-27],[41,-48],[11,-70],[54,-32],[53,-5],[7,-48],[37,7],[24,-27],[-6,-56],[47,-44],[-38,-12],[-58,-68],[-52,45],[-43,-27],[-15,-65],[78,-46],[-2,-39],[84,5],[16,31],[45,-5],[51,19],[5,-32],[-41,-8],[-46,-90],[-29,-75],[-11,-82],[-63,-62],[-7,-34],[-43,-20],[-22,34],[21,42],[-12,39],[-46,9],[-71,-8],[-20,-56],[-35,-17],[-9,-73],[-29,-16],[-130,45],[-88,-23],[-35,-35],[-17,-45],[10,-118],[0,-72],[-41,-35],[-49,2],[-39,23],[-59,57],[-42,9],[-66,-20],[-30,-51],[9,-50],[42,-32],[56,-23],[14,22],[49,2],[30,34],[103,-3],[59,51],[25,97],[-27,47],[9,73],[70,23],[85,-20],[79,-30],[42,6],[38,25],[28,76],[30,1],[54,-80],[79,-15],[55,29],[18,28],[28,105],[-16,47],[49,17],[30,31],[60,-73],[41,-11],[-12,-98],[17,-29],[93,-59],[-2,-70],[-83,-2],[-30,48],[-80,-3],[-64,-21],[-66,-34],[-116,-78],[-86,-72],[-119,-113],[-60,-73],[-66,-69],[-89,-138],[-69,-126],[-54,-161],[-64,-106],[-21,-105],[-24,-51],[-14,-68],[40,-48],[-17,-97],[14,-107],[47,-52],[39,3],[26,-57],[38,-4],[40,-35],[49,-73],[-48,9],[-18,-49],[1,-39],[-43,-14],[-131,16],[10,63],[-67,19],[-74,-17],[-82,-46],[-31,-37],[-128,7],[-26,16],[-32,97],[-75,18],[-36,-8],[-32,32],[-65,2],[-52,-18],[-102,-65],[-86,-75],[-74,-83],[-65,-121],[-30,-90],[-12,-62],[17,-38],[4,-62],[41,-49],[51,-27],[67,1],[80,-55],[-12,-117],[42,-67],[27,-18],[-3,-36],[-58,-50],[-80,-174],[-43,-140],[-29,-149],[23,-70],[3,-47],[25,-60],[70,-71],[29,-56],[-81,43],[-16,36],[-115,57],[-36,34],[-74,-17],[-22,32],[-56,21],[-25,35],[-38,21],[-25,78],[2,53],[-35,121],[27,61],[-18,61],[42,28],[7,59],[-14,34],[0,88],[18,32],[-44,49],[-33,9],[-44,-27],[-126,67],[-46,110],[-95,25],[-43,24],[-7,72],[-22,64],[-61,3],[-109,-32],[-56,-25],[-39,-32],[16,-43],[-83,-82],[11,-61],[36,-51],[-29,-73],[-8,-47],[28,-46],[39,-14],[29,-43],[-11,-66],[36,-60],[-39,-47],[-17,-47],[7,-31],[81,-47],[-53,-9],[-46,20],[-107,-6],[-38,-31],[-98,59],[-15,100],[-40,68],[-33,10],[-54,67],[-38,12],[-40,-9],[-34,80],[-47,38],[-11,31],[-54,47],[-72,-17],[-100,-56],[-9,-49],[-60,-62],[41,-70],[-3,-83],[53,-13],[53,-56],[110,0],[44,-18],[-7,-103],[33,-51],[-13,-31],[-66,17],[-47,-38],[-31,-84],[-7,-109],[23,-83],[37,-58],[85,-59],[57,-14],[54,-31],[107,4],[41,-87],[2,-94],[12,-34],[53,-27],[36,-55],[29,-20],[51,24],[68,-14],[71,-74],[79,-11],[88,30],[41,36],[13,36],[41,-7],[23,-45],[-63,-56],[-25,-47],[-11,-56],[-42,-27],[-13,-49],[-1,-122],[39,-125],[37,-40],[68,-25],[40,4],[21,25],[8,49],[63,-31],[24,-32],[40,-16],[52,6],[28,-65],[89,3],[49,-40],[72,-8],[10,-32],[63,-17],[27,12],[44,-32],[4,-28],[33,-36],[34,19],[62,-2],[15,-44],[61,-69],[40,-20],[56,-70],[59,11],[81,-10],[31,-106],[16,-113],[22,-51],[-3,-53],[12,-64],[79,-137],[56,-20],[37,24],[33,-15],[60,-77],[69,-49],[-60,-35],[-54,-54],[-17,-55],[-41,-18],[-83,38],[-73,-56],[-21,24],[-49,0],[-62,-23],[23,50],[4,122],[20,22],[-41,70],[-58,26],[32,63],[-36,60],[-11,84],[17,31],[-3,41],[-45,51],[-45,22],[-66,6],[-42,-14],[-32,-55],[-45,8],[-79,-32],[-53,-67],[-3,-49],[20,-81],[-103,-37],[-111,-78],[-42,-87],[34,-56],[43,16],[25,-35],[-32,-17],[-9,-70],[-46,-12],[-45,41],[-46,25],[-37,2],[-45,-20],[-40,-48],[8,107],[-12,64],[54,30],[24,51],[-55,99],[-71,18],[-28,35],[-81,7],[8,36],[33,23],[54,6],[23,-24],[52,27],[7,32],[-35,65],[-44,59],[6,60],[-40,13],[-50,-9],[-42,-37],[-48,-12],[-25,-31],[-46,17],[-36,-33],[9,-40],[39,-10],[19,-31],[-75,-11],[-70,-38],[22,-49],[-10,-71],[-37,22],[8,35],[-39,20],[-35,-18],[-24,51],[-7,66],[-39,21],[-51,-13],[-134,-76],[-54,9],[-43,-72],[-75,-54],[-66,37],[-32,32],[-49,15],[-50,48],[-31,64],[-98,-8],[-38,52],[-55,-7],[-88,-65],[-28,-69],[25,-93],[57,-5],[63,-36],[70,-20],[36,41],[77,-34],[42,-30],[-12,-58],[76,68],[62,5],[92,42],[150,-32],[14,-29],[-12,-73],[8,-108],[25,-41],[40,-22],[67,30],[25,-43],[27,5],[50,-43],[73,-11],[39,44],[9,-61],[-38,-46],[-27,-84],[-2,-104],[18,-97],[27,-44],[52,-49],[56,-18],[52,9],[14,28],[52,-20],[74,-2],[57,-22],[52,19],[30,-30],[-89,-140],[-76,-128],[-40,-45],[-67,-133],[-16,-96],[-29,-13],[-41,-91],[-45,-149],[-12,-135],[-29,-118],[-56,-82],[34,-98],[-98,32],[-37,-1],[-36,37],[12,68],[-32,33],[-81,22],[-125,-29],[-117,-102],[-44,-61],[-74,-84],[-55,-108],[14,-87],[-12,-73],[29,-49],[-30,-17],[-57,-136],[-28,-119],[5,-60],[-17,-52],[41,-118],[16,-19],[-10,-112],[-57,-83],[-38,-82],[-45,-18],[-15,-33],[-57,-12],[-55,-39],[-31,53],[-52,28],[-35,4],[25,126],[40,5],[37,106],[-3,73],[-35,36],[-68,11],[-12,45],[-51,5],[-28,-12],[-44,-54],[24,-62],[-6,-41],[-41,-25],[-86,13],[-151,-44],[-134,-55],[-66,-41],[-68,-76],[-17,-36],[-57,-80],[-41,-93],[-6,-39],[-47,-48],[-67,-134],[-10,-38],[-36,-16],[-14,-76],[-32,-35],[-28,2],[-43,-58],[-35,-10],[-40,-63],[-23,-73],[-63,-65],[-66,-55],[-48,-73],[-31,-24],[-35,25],[-68,0],[-37,-23],[-19,24],[24,30],[3,85],[-15,44],[-39,29],[-84,22],[7,52],[-48,55],[8,61],[93,5],[25,15],[63,70],[45,91],[14,45],[6,78],[-30,99],[-36,54],[-76,35],[8,90],[36,-11],[65,12],[101,44],[101,-4],[13,-53],[84,-50],[64,8],[109,42],[85,72],[61,72],[55,98],[16,73],[-13,52],[-58,39],[-17,43],[2,40],[-36,102],[-24,25],[-49,14],[-55,33],[-39,37],[19,129],[33,51],[-8,76],[-17,52],[20,37],[-6,53],[-45,53],[-5,23],[-56,46],[-22,66],[-46,43],[41,54],[149,39],[12,61],[-46,70],[-35,14],[-44,-4],[15,68],[-11,35],[-73,56],[122,66],[56,73],[-10,46],[-44,44],[-25,46],[-8,43],[30,34],[71,149],[11,75],[-37,119],[-40,72],[-22,21],[-98,37],[-49,27],[-76,-6],[-39,19],[-24,36],[-44,24],[-47,6],[-30,41],[-25,-65],[-73,-86],[-177,-149],[-60,-91],[13,-40],[-20,-36],[6,-72],[-21,-125],[-54,-23],[-19,-26],[-58,-6],[-51,-114],[44,-32],[45,-5],[97,27],[56,-14],[89,-80],[43,-66],[-20,-117],[-39,-22],[-81,-90],[-50,-84],[42,-97],[5,-34],[63,-38],[11,-28],[-53,-40],[-26,-46],[-81,24],[-61,-24],[-40,-38],[-64,13],[-114,-4],[-29,60],[31,55],[-18,50],[-80,-35],[-67,-5],[-39,19],[-21,32],[-36,14],[-88,-15],[-19,14],[1,151],[-13,16],[49,160],[-43,81],[-25,12],[-31,-61],[-4,-92],[-66,-18],[-25,-55],[15,-47],[-8,-44],[-102,4],[-78,46],[-49,70],[-42,17],[-36,-14],[-32,-37],[14,-62],[57,-45],[-38,-46],[-73,-27],[-14,-24],[96,1],[49,12],[83,-22],[48,-79],[6,-85],[42,-34],[60,19],[57,-48],[-91,-32],[-36,-57],[-29,-102],[46,-87],[6,-86],[39,-42],[44,-69],[-15,-60],[-27,7],[-59,103],[-53,19],[-72,-22],[-65,52],[-81,-35],[-40,-51],[-9,-94],[-41,-132],[37,-89],[-29,-19],[-106,-111],[-33,-50],[-64,-9],[-140,40],[-59,94],[-42,47],[-51,8],[-62,-26],[-93,-87],[-22,-43],[-15,-71],[37,-42],[52,-116],[81,-75],[95,-46],[61,-43],[-19,-60],[-36,-24],[-45,-2],[-83,121],[-39,19],[-46,-4],[-67,17],[-48,55],[-29,73],[-9,63],[9,38],[-14,44],[6,35],[-22,60],[-61,63],[-6,60],[16,106],[16,55],[-27,44],[-49,32],[-68,21],[-38,69],[57,41],[19,32],[-6,38],[-32,53],[41,2],[52,24],[34,34],[43,68],[6,29],[-22,80],[2,86],[23,75],[20,113],[10,94],[-23,149],[-41,63],[-69,89],[-60,-14],[-61,-27],[-108,-76],[-46,-96],[-16,-51],[-44,-30],[-30,11],[-64,-17],[-91,-67],[-70,-102],[-4,-63],[35,-32],[51,-10],[46,-46],[-33,-56],[-43,-29],[-52,-19],[-46,-45],[-50,-69],[-35,-103],[-54,-73],[-59,-38],[-25,-60],[4,-86],[38,-21],[17,-63],[29,-6],[14,-52],[-13,-57],[-38,-34],[-151,71],[-37,32],[-75,11],[-37,-16],[-65,-66],[-50,-85],[-14,-48],[28,-84],[39,-61],[69,-32],[35,-85],[-68,-61],[-32,-66],[-25,-87],[-3,-71],[25,-50],[-23,-64],[-1,-56],[14,-37],[-37,-36],[-56,-79],[-35,-13],[-60,101],[0,45],[-38,13],[21,47],[43,42],[0,47],[-38,59],[12,47],[-44,84],[7,75],[-9,48],[-43,41],[-12,83],[2,43],[-33,26],[16,70],[-91,84],[-20,58],[0,39],[-28,82],[-41,75],[-26,23],[-62,26],[-69,3],[-15,19],[-44,-17],[-52,-44],[-93,-52],[-52,-14],[-73,-68],[-50,-67],[-13,-47],[14,-39],[-42,-41],[28,-44],[2,-31],[-23,-41],[-25,-116],[-35,-52],[13,-41],[-82,-70],[15,-27],[-13,-66],[22,-17],[-10,-86],[18,-26],[-7,-48],[-33,-1],[-34,48],[8,55],[-33,22],[-33,106],[-3,46],[-21,73],[-84,188],[-43,-41],[-56,-1],[-25,-22],[-78,-33],[-184,-132],[-94,-139],[-33,-81],[2,-61],[52,-38],[-50,-60],[-9,-28],[-45,-20],[-24,-38],[-33,-4],[-49,-29],[-51,-47],[-53,-74],[-60,-141],[-46,-153],[-23,-141],[-4,-66],[8,-71],[15,-28],[74,-36],[60,-59],[35,5],[68,-25],[33,10],[33,-70],[91,-39],[68,10],[64,25],[-2,-81],[28,-99],[36,-54],[-53,-34],[-33,-72],[36,-93],[61,-79],[64,5],[180,33],[90,37],[177,19],[53,-2],[-25,-75],[24,-63],[-13,-26],[1,-60],[-63,-85],[-19,-43],[5,-60],[-17,-39],[-66,-34],[-56,1],[-24,89],[-6,55],[-20,16],[-79,11],[-41,-9],[-67,-33],[-58,-55],[-28,-61],[0,-40],[77,-51],[33,-53],[-55,-74],[-4,-37],[-42,-2],[-76,27],[-59,61],[-35,81],[-1,56],[-35,40],[4,32],[-85,37],[-42,-6],[-48,34],[-29,44],[-4,89],[-35,45],[-73,13],[-78,-6],[-126,-55],[-93,-48],[-45,-33],[-41,-65],[1,-44],[-26,-42],[-4,-110],[18,-77],[50,-38],[18,-59],[-28,-58],[23,-45],[-53,-24],[-22,-26],[-2,-48],[35,-58],[24,-72],[-34,-61],[-2,-94],[-26,-106],[-34,-68],[26,-53],[65,-29],[41,-66],[-17,-20],[35,-52],[-16,-36],[0,-50],[21,-23],[-11,-133],[11,-33],[34,-26],[-38,-26],[-76,-13],[-77,-45],[-54,27],[-32,1],[-43,-21],[-71,-1],[19,-43],[-61,-29],[48,-80],[14,-44],[-41,-83],[-32,-6],[-6,-32],[70,-67],[21,-58],[-3,-135],[52,-54],[87,-13],[56,-47],[70,2],[41,-34],[12,-81],[68,-153],[-19,-110],[7,-57],[25,-68],[111,-135],[65,-17],[73,2],[61,28],[86,81],[42,17],[27,30],[44,-96],[36,-55],[104,-68],[-23,-30],[-12,-57],[-62,-14],[-81,58],[-89,-20],[-159,-104],[-116,-102],[-33,-58],[2,-78],[19,-72],[36,-50],[19,-48],[76,-112],[55,-36],[61,-63],[142,-64],[54,-49],[132,-17],[117,-1],[161,11],[161,24],[43,23],[134,48],[112,81],[89,130],[44,53],[-4,91],[29,22],[35,-12],[19,-45],[59,-5],[101,45],[58,58],[24,43],[-4,78],[-15,34],[7,55],[23,13],[65,-40],[104,31],[98,84],[14,40],[-8,34],[-61,53],[28,77],[8,50],[-15,46],[-42,27],[-28,41],[26,25],[69,-39],[94,-13],[58,24],[22,32],[-3,35],[41,40],[39,12],[42,-46],[47,-22],[122,-26],[73,-55],[68,-12],[58,26],[-11,-62],[-17,-11],[-56,-118],[-52,18],[-93,-35],[-88,-60],[-55,-58],[-32,-74],[12,-77],[27,-30],[-26,-27],[-85,-45],[-34,-28],[-42,-80],[-56,-48],[-36,-54],[-7,-46],[16,-18],[11,-92],[28,-54],[-29,-45],[-14,-51],[7,-85],[-24,-23],[-76,-3],[-100,-51],[-55,-62],[-31,-68],[14,-51],[-24,-104],[9,-33],[-72,-108],[11,-12],[-31,-64],[17,-77],[51,-116],[22,-118],[20,-37],[18,-71],[-14,-89],[-44,-60],[-39,-33],[-31,-50],[-107,-72],[-60,-83],[-37,-76],[-8,-62],[9,-58],[29,-59],[6,-41],[-49,-80],[8,-76],[-29,-54],[9,-38],[-106,-93],[-39,-28],[-33,-42],[-75,-64],[-40,-70],[-44,-121],[1,-40],[-97,-104],[-9,-45],[18,-47],[-45,-58],[-49,-17],[-18,-22],[-47,24],[-51,-17],[-7,-38],[-155,-135],[-78,-85],[-69,-55],[-19,-36],[-55,-66],[-29,-59],[-15,-67],[12,-69],[71,-99],[-24,-67],[28,-83],[-9,-107],[1,-71],[-19,-110],[-46,-102],[8,-99],[-34,-59],[-33,-155],[-72,-133],[-36,-52],[-78,-69],[9,-28],[-26,-70],[4,-73],[44,1],[11,-23],[-29,-54],[9,-15],[-37,-87],[-9,-66],[-25,-102],[-5,-91],[-30,-96],[-15,-78],[18,-55],[-78,-117],[22,-41],[49,-28],[35,-4],[102,-45],[63,-60],[35,-57],[17,-54],[-12,-19],[-58,-23],[-6,46],[-40,21],[-15,82],[-49,27],[-112,-15],[-102,-60],[-102,-41],[-107,-73],[-60,-53],[-70,-32],[-165,-124],[-37,-35],[-38,-69],[-90,-48],[-95,-81],[-35,-10],[-52,23],[-82,3],[-71,-16],[-114,-38],[-71,-39],[-90,-88],[-47,-104],[-35,-20],[-58,-120],[-38,-33],[-66,-18],[-123,-169],[-137,-56],[-136,-33],[-71,-2],[-39,63],[-81,63],[-64,34],[-38,-34],[84,-32],[70,-73],[23,-41],[72,-63],[69,-71],[-95,-123],[-14,-35],[-67,-107],[-46,-85],[-10,-45],[9,-52],[-20,-63],[-59,-56],[-54,-92],[-37,-38],[-33,-68],[-77,-66],[-22,-34],[4,-44],[-85,-93],[-48,-79],[-17,-72],[-22,-39],[-43,-35],[-28,-44],[-59,-54],[-2,-37],[32,-29],[-1,-86],[34,-48],[-10,-50],[-20,-22],[10,-33],[-39,-53],[-24,-4],[-35,45],[-28,3],[-43,54],[-56,11],[-81,-16],[-54,-30],[-72,-9],[-53,13],[-43,28],[-31,-25],[12,-37],[-19,-42],[-28,6],[-43,42],[-41,10],[-34,-44],[17,-29],[-58,-76],[-80,-73],[-6,-64],[-21,-39],[-51,-30],[8,-39],[-52,-42],[20,-147],[-67,-52],[-5,-50],[-43,-103],[-35,-58],[19,-113],[-16,-44],[2,-64],[-101,-60],[-83,14],[-27,-13],[-63,-61],[-60,-94],[0,-38],[52,-41],[9,-70],[-59,-79],[-63,21],[-23,42],[-84,-64],[-90,-113],[-66,-114],[-28,-29],[-17,-63],[-43,-87],[-59,-178],[-25,-46],[3,-36],[-38,-154],[-20,-127],[-6,-115],[-40,-35],[5,-69],[34,-14],[46,-94],[31,-30],[39,-8],[43,18],[78,-31],[20,-131],[-47,-57],[-49,-8],[-19,19],[-63,15],[-36,31],[-75,-8],[-33,-35],[-12,-80],[-46,-15],[-67,-4],[-98,-83],[-3,-73],[-66,10],[-49,55],[-62,44],[-90,-6],[-188,-103],[-85,-68],[-58,-58],[-60,-79],[-64,-39],[-57,7],[-6,-51],[20,-45],[-55,-24],[24,-25],[-44,-51],[-15,-58],[-94,-139],[-129,-124],[-92,-33],[-49,-9],[-33,19],[-42,108],[-27,50],[-80,58],[-149,-85],[22,-74],[43,-259],[41,-135],[49,-128],[24,-226],[-10,-83],[18,-53],[-5,-48],[-23,-77],[28,-18],[26,-89],[40,-91],[57,-106],[9,-54],[23,-29],[58,-116],[6,-137],[-37,-18],[-9,-49],[51,-68],[30,-13],[51,-109],[35,-43],[35,-62],[45,-59],[66,-124],[-11,-97],[-14,-24],[22,-32],[60,-28],[85,-130],[46,-111],[112,-193],[56,-67],[92,-129],[46,-79],[73,-42],[57,-6],[54,-20],[107,-70],[106,-91],[31,-6],[143,-131],[29,-35],[61,-43],[26,-45],[27,-8],[84,-109],[32,1],[38,34],[149,-73],[263,-157],[80,-68],[41,-16],[20,-63],[23,-22],[42,5],[135,-39],[250,-52],[91,19],[92,44],[49,-2],[62,32],[68,5],[106,-43],[55,-37],[53,-15],[89,-59],[58,-50],[42,-70],[-6,-77],[60,-46],[72,8],[132,-46],[68,-49],[105,-88],[28,-51],[-27,-8],[11,-44],[76,-62],[81,-15],[33,-51],[-6,-39],[84,-87],[131,17],[43,-2],[16,23],[57,-4],[80,-36],[147,-109],[9,-32],[164,-80],[131,-77],[73,-58],[89,-47],[123,-76],[180,-84],[55,-38],[43,-13],[136,-62],[66,-41],[160,-71],[126,-68],[185,-136],[129,-116],[11,-28],[110,-111],[51,-36],[43,-71],[43,-44],[31,-71],[36,-32],[20,-40],[74,-63],[19,-42],[53,-34],[18,-35],[60,-44],[75,-39],[54,-49],[35,10],[63,-52],[37,2],[57,-45],[167,-83],[94,-91],[81,-31],[21,-66],[92,-22],[83,-32],[148,-82],[41,-13],[45,-34],[74,-24],[77,-53],[111,-63],[148,-33],[8,-39],[29,-16],[30,26],[27,-10],[3,-49],[35,-58],[147,-84],[90,-88],[47,-15],[111,-67],[77,-26],[106,-68],[112,-42],[59,4],[80,-28],[34,-30],[102,-46],[39,-6],[29,-29],[74,-38],[108,-122],[99,-66],[68,-23],[83,-84],[111,-22],[101,-1],[34,41],[58,-9],[129,8],[73,-7],[91,-47],[-51,-38],[14,-39],[73,-4],[33,-14],[130,-86],[85,-17],[109,-72],[-1,-89],[40,-44],[-48,-48],[0,-60],[33,-179],[94,-252],[29,-102],[39,-101],[71,-120],[57,-61],[1,-127],[13,-127],[36,-99],[41,-137],[49,-111],[29,-42],[10,-61],[52,-36],[95,-163],[25,-22],[-1,-33],[75,-40],[54,-50],[118,-73],[51,-17],[61,-48],[47,-156],[-17,-86],[29,-24],[29,51],[-2,35],[26,21],[76,-38],[30,24],[45,-61],[15,-47],[40,-26],[64,2],[82,-30],[60,-9],[55,28],[68,13],[129,-35],[160,-92],[42,-54],[130,-6],[72,24],[71,-6],[145,-82],[27,-36],[16,-60],[34,-17],[76,-68],[108,-42],[78,-39],[68,-23],[135,-121],[63,-32],[61,-78],[56,-54],[39,-64],[55,-21],[215,-218],[44,-36],[3,-35],[55,-27],[55,-63],[94,-73],[70,-36],[65,-63],[106,-69],[46,3],[50,35],[23,-41],[-87,-99],[37,-25],[91,-9],[42,-25],[27,20],[39,-4],[-15,-67],[75,13],[9,61],[58,1],[-109,104],[-13,73],[14,13],[101,4],[85,47],[65,1],[75,-25],[48,51],[122,68],[56,5],[59,78],[94,7],[14,35],[83,0],[37,54],[91,55],[116,197],[0,48],[36,64],[24,17],[65,-48],[48,7],[44,-14],[29,17],[26,-26],[63,-14],[39,13],[23,35],[-1,40],[18,27],[10,73],[30,-33],[48,-16],[3,-63],[34,-16],[6,-34],[-17,-60],[30,-45],[59,-23],[54,4],[21,45],[65,-12],[66,-54],[17,-57],[-6,-27],[24,-33],[35,-3],[28,27],[31,-24],[40,13],[103,-4],[28,-21],[-34,-71],[-25,-118],[-65,-104],[-17,-77],[-66,-77],[-47,-70],[-26,-57],[-48,-32],[-14,-42],[-61,-67],[9,-34],[-42,-13],[-32,-35],[-34,-60],[-13,-77],[-26,-89],[-25,-17],[-81,9],[-90,44],[-104,-5],[-71,14],[-69,52],[-53,27],[-32,-26],[56,-39],[-8,-46],[-27,-40],[34,-23],[51,17],[72,-8],[-9,-35],[-35,-5],[-10,-48],[-97,-14],[-15,-47],[111,-6],[71,22],[49,-3],[109,-46],[38,-38],[48,-68],[23,-55],[-54,-31],[-1,-70],[30,-5],[69,-76],[72,-54],[62,-21],[38,-52],[-26,-67],[109,-43],[32,-35],[8,-50],[-49,-30],[10,-35],[71,0],[80,-56],[11,-23],[0,-74],[18,-28],[-38,-19],[4,-50],[34,-47],[-6,-46],[-50,-42],[-21,-37],[9,-35],[-34,-16],[-71,-10],[-46,-26],[-16,-35],[-40,-16],[-35,-39],[41,-36],[-52,-46],[47,-34],[6,-70],[16,-36],[40,-8],[11,-74],[25,-56],[60,-81],[44,-5],[69,-35],[37,-3],[66,25],[89,2],[21,27],[86,61],[159,207],[65,55],[61,79],[59,26],[77,97],[53,-7],[24,-55],[5,-60],[-33,-94],[-29,-35],[-45,-21],[-39,-44],[22,-23],[131,93],[97,26],[48,51],[82,-72],[13,41],[192,64],[63,6],[75,-9],[60,10],[114,-96],[68,-21],[68,4],[35,17],[123,5],[36,-51],[-22,-29],[-66,-28],[4,-23],[76,17],[52,28],[73,-3],[21,-13],[5,-65],[25,-42],[107,-17],[123,24],[23,-48],[59,14],[38,-52],[73,28],[51,-2],[26,-33],[-33,-35],[40,-14],[59,3],[46,-35],[103,13],[80,21],[67,-38],[18,-24],[36,6],[17,48],[58,10],[69,-32],[-13,56],[-71,17],[-111,48],[-51,6],[-72,31],[-73,53],[-15,32],[-43,33],[-55,161],[17,46],[226,168],[113,64],[44,9],[40,-31],[13,57],[104,42],[53,0],[52,-28],[102,19],[-9,44],[-34,41],[-11,87],[28,65],[51,52],[75,21],[51,-34],[12,-44],[-38,-46],[49,-12],[40,-29],[21,-47],[-3,-29],[-35,-19],[57,-70],[80,-18],[40,-36],[11,89],[60,-9],[41,-41],[62,-96],[64,-50],[67,-35],[46,-61],[88,-101],[161,-166],[51,-67],[29,35],[48,-21],[46,-52],[117,-103],[150,-75],[78,-67],[57,-17],[116,-62],[135,-43],[43,-21],[22,27],[102,-4],[49,-18],[172,-78],[68,-24],[109,-58],[108,-29],[90,-48],[120,-92],[137,-83],[160,-114],[146,-64],[105,-24],[183,-83],[-26,33],[6,25],[60,-16],[114,-17],[128,-39],[50,-32],[54,-77],[52,-45],[64,-72],[-11,-84],[99,-156],[153,-182],[82,-81],[170,-150],[42,-48],[-3,-46],[-60,70],[-33,-6],[74,-98],[30,-30],[97,-64],[69,-55],[123,-72],[89,-44],[89,-36],[50,-8],[47,-39],[42,-3],[27,-43],[46,-22],[49,-40],[80,-44],[25,-26],[-2,-35],[30,-18],[12,80],[28,-19],[22,-63],[42,-12],[-53,90],[-57,35],[-79,28],[-121,81],[152,-40],[31,-16],[149,-52],[34,-31],[34,-3],[210,-145],[64,-84],[115,2],[-26,39],[51,16],[79,8],[64,-12],[71,-25],[63,-11],[132,-56],[44,10],[215,-94],[63,-39],[119,-59],[16,-29],[93,-22],[107,-39],[35,35],[54,12],[143,-23],[97,-37],[110,-22],[55,-49],[101,-1],[55,21],[46,-13],[12,23],[-109,19],[33,24],[40,4],[96,-47],[144,-17],[71,-18],[34,-31],[33,4],[56,-25],[226,-72],[45,-19],[166,-92],[58,-79],[53,-19],[29,26],[-65,15],[-17,45],[84,-41],[73,-50],[41,4],[218,-84],[178,-116],[181,-74],[171,-30],[84,-7],[39,-32],[171,-17],[52,-19],[19,17],[55,-13],[56,-27],[40,-42],[90,-155],[1,-108],[17,-76],[85,-38],[27,-4],[126,-134],[82,-78],[49,-56],[83,-124],[50,-143],[44,-92],[100,-161],[49,-51],[145,-133],[55,-75],[80,-129],[-10,-27],[156,-125],[52,-51],[115,-154],[23,-39],[1,-42],[34,-34],[65,-130],[112,-149],[75,-110],[106,-108],[114,-93],[92,-89],[85,-50],[236,-167],[65,-59],[132,-96],[94,-50],[100,-88],[-12,-29],[34,-22],[78,-114],[58,-74],[219,-202],[165,-85],[184,-167]],[[313658,421113],[-78,13],[-79,41],[54,42],[108,-49],[39,-30],[-44,-17]],[[314045,421860],[-86,44],[30,30],[89,-26],[-33,-48]],[[314058,422004],[18,56],[74,-32],[-25,-20],[-67,-4]],[[298725,409822],[26,32],[6,97],[56,28],[30,35],[-1,30],[33,57],[90,69],[62,82],[45,125],[-1,77],[-84,29],[-13,21],[56,29],[5,22],[110,61],[45,-57],[119,-59],[72,-4],[56,10],[40,-9],[-61,-101],[76,-39],[144,-29],[155,23],[150,72],[49,57],[-14,38],[89,59],[36,39],[51,90],[6,44],[-15,33],[-52,42],[133,33],[23,11],[109,-27],[32,-22],[83,-32],[79,5],[72,26],[36,29],[89,29],[81,-50],[5,-21],[59,-22],[46,10],[52,-7],[21,29],[88,50],[104,76],[104,85],[13,26],[-5,52],[36,16],[22,-19],[117,42],[66,-14],[74,42],[82,71],[84,83],[121,106],[33,40],[78,70],[56,62],[39,62],[68,55],[26,34],[70,47],[16,42],[4,130],[32,86],[46,-10],[56,-55],[45,-11],[10,-30],[76,10],[146,88],[82,93],[47,87],[37,91],[26,96],[54,108],[42,-21],[34,11],[-20,114],[-21,55],[-49,9],[-108,3],[-64,76],[-40,23],[1,63],[-28,75],[17,73],[57,15],[36,66],[44,58],[45,18],[33,-18],[1,-29],[108,-51],[73,16],[57,40],[77,14],[29,-11],[-18,-49],[50,-86],[134,-43],[65,0],[40,-45],[50,-79],[-22,-63],[12,-50],[50,-73],[-2,-63],[42,-28],[-32,-41],[-31,0],[-57,-42],[-72,1],[-54,-31],[-62,-116],[-62,-17],[-40,-51],[-24,-94],[8,-119],[-27,-22],[-28,-88],[-29,-30],[-75,-30],[-57,-8],[-184,-117],[-38,-31],[-98,-49],[-31,-39],[-63,-52],[-41,-57],[-41,-92],[-69,-47],[-31,-64],[-63,-55],[-38,-124],[-30,-42],[-47,-113],[-35,-59],[-93,-96],[-48,-81],[-80,-80],[-75,-50],[-48,-76],[-57,-69],[-38,-10],[-134,-101],[-78,-38],[-91,-4],[-16,20],[-94,35],[-65,10],[-124,-11],[-88,-43],[-44,-70],[-36,-139],[-6,-56],[15,-68],[-35,-18],[-67,2],[-39,-10],[-82,0],[-76,-14],[-94,14],[-65,-3],[-137,-55],[-160,-4],[-132,-29],[-51,-36],[-122,1],[-159,-76],[-66,12],[-43,-7],[-93,-53],[-42,-43],[-29,-51],[-80,-30],[-57,7],[-104,-21],[-58,-64],[-65,-40],[-24,-39],[-33,-102],[3,-40],[-32,-28],[-61,27],[-57,-3],[-35,-42],[-26,-9],[-63,-122],[-73,-38],[-20,18],[-7,58],[3,115],[-35,7],[-15,40],[-70,14],[-20,40],[46,57],[-3,36],[61,76],[26,53],[-6,60],[-22,23],[34,86],[-28,19],[0,43]],[[310703,411956],[7,97],[-34,9],[25,76],[-8,89],[56,29],[37,0],[61,110],[-34,78],[23,82],[-33,47],[61,27],[44,-47],[47,-11],[67,44],[5,51],[43,25],[30,-34],[-32,-109],[2,-65],[-60,-15],[-20,-29],[9,-51],[103,-3],[-64,-117],[-55,-46],[-28,-40],[-63,-48],[-50,-64],[-20,-64],[4,-36],[46,-65],[12,-39],[-12,-59],[14,-67],[23,-42],[-43,-40],[37,-45],[17,-66],[-5,-45],[-34,-27],[-12,-65],[-22,-45],[-51,-43],[-57,-13],[-39,-33],[-76,-9],[0,49],[50,23],[-41,27],[5,30],[-31,28],[9,52],[-42,24],[28,31],[9,61],[21,20],[76,-10],[-29,44],[-6,35],[-35,4],[-27,53],[-31,24],[57,64],[75,28],[35,-17],[22,18],[-25,40],[-39,13],[-18,46],[16,31]],[[317337,380802],[10,63],[21,19],[70,-13],[23,-59],[-90,17],[-34,-27]],[[316768,388826],[-9,24],[65,46],[103,5],[45,-24],[56,19],[12,59],[58,33],[39,-12],[43,42],[29,-30],[-61,-58],[-42,-130],[-39,-20],[-66,-3],[-19,-49],[-27,45],[-26,6],[-54,-27],[-85,2],[-46,-27],[-21,40],[45,59]],[[307585,389513],[-14,30],[4,62],[23,25],[51,-10],[0,-40],[59,-40],[37,0],[-1,-42],[21,-19],[1,-50],[20,-32],[-26,-53],[-143,-45],[-76,29],[-59,1],[-35,121],[-42,51],[19,11],[77,-5],[43,-39],[70,-22],[-29,67]],[[312185,387748],[-35,-75],[-35,-14],[-58,9],[-5,67],[68,21],[65,-8]],[[313538,388903],[57,-42],[-38,-113],[-50,-29],[-27,6],[-12,45],[27,53],[-15,50],[12,34],[46,-4]],[[313140,388626],[26,-29],[-36,-77],[-33,-32],[-55,10],[9,23],[-38,29],[11,72],[116,4]],[[314413,388153],[-7,-55],[-64,33],[-102,-46],[-41,32],[13,89],[32,14],[20,-41],[50,9],[13,-21],[56,22],[30,-36]],[[239140,408790],[57,-31],[43,-12],[49,-37],[100,-62],[56,-76],[38,-69],[-5,-26],[-107,-66],[-56,-43],[-72,45],[-42,-11],[-56,-49],[-42,-24],[-167,-3],[-118,47],[-74,13],[-67,25],[-44,34],[-58,23],[-7,32],[130,63],[43,32],[89,100],[11,26],[117,52],[44,-8],[124,-44],[-63,65],[77,4]],[[239594,409792],[-58,8],[-29,24],[134,-8],[41,26],[66,3],[77,35],[216,53],[36,20],[135,39],[43,-34],[49,-74],[18,-70],[-32,-30],[-114,-5],[-12,-27],[-86,-47],[-68,-9],[-97,4],[-126,25],[-193,67]],[[239440,409075],[-80,19],[31,57],[58,16],[89,50],[89,15],[152,80],[53,11],[228,-31],[66,2],[56,-10],[24,-48],[0,-59],[-51,-80],[-85,-40],[-41,3],[-97,-29],[-128,-11],[-69,13],[-62,-10],[-53,32],[-88,9],[-63,-3],[-29,14]],[[256167,408796],[32,43],[-37,57],[17,41],[32,15],[104,-28],[94,11],[81,-4],[80,36],[29,42],[66,41],[44,12],[55,-8],[23,-17],[80,2],[78,-16],[79,-3],[41,-22],[74,-76],[39,-57],[23,-52],[7,-171],[15,-41],[38,-44],[-18,-26],[53,-37],[0,-48],[-58,-110],[-30,-32],[-19,-49],[-35,-37],[-141,-42],[-81,10],[-91,23],[-73,47],[-74,73],[-63,27],[-32,36],[-36,11],[4,53],[-51,22],[-17,53],[-65,22],[-76,44],[-86,98],[-7,64],[-18,17],[-80,20]],[[243184,408748],[42,-58],[22,-95],[-47,-39],[-76,-5],[-33,19],[-20,43],[4,38],[59,79],[49,18]],[[256428,407981],[29,-47],[24,-176],[-26,-37],[6,-100],[-9,-15],[-79,-43],[-82,61],[-16,77],[-2,79],[19,91],[30,36],[29,60],[77,14]],[[290115,409572],[-12,46],[37,89],[119,-7],[108,20],[112,49],[61,18],[47,-8],[127,24],[82,-52],[33,-55],[90,-75],[151,-77],[104,-7],[9,-24],[-43,-52],[-72,-28],[-66,4],[-109,-73],[-71,-36],[-14,-40],[8,-58],[-11,-70],[-42,-10],[-63,38],[-86,2],[-32,-10],[-59,18],[-16,79],[-34,88],[-66,62],[-94,33],[-103,63],[-55,13],[-40,36]],[[289331,409839],[88,-66],[44,-16],[18,-25],[45,-14],[11,-58],[-35,-61],[-25,20],[-46,-24],[-54,-83],[-38,-11],[-60,16],[-158,83],[-66,28],[-26,90],[34,95],[17,5],[59,73],[47,13],[71,-24],[74,-41]],[[292045,410599],[-43,84],[-27,9],[-56,96],[24,59],[28,24],[24,49],[7,111],[43,22],[55,-1],[51,-34],[79,3],[109,63],[58,15],[13,-20],[69,-37],[73,-13],[107,18],[72,-61],[64,-12],[107,-7],[20,-21],[-52,-80],[-62,-60],[-102,-51],[-65,-6],[-79,6],[-58,22],[-76,-38],[-60,-75],[-134,-21],[-72,13],[-117,-57]],[[311315,412623],[14,92],[-12,44],[51,-3],[129,56],[23,43],[36,27],[5,43],[-35,46],[26,60],[-13,46],[55,2],[10,-94],[32,-28],[79,2],[-40,-109],[38,-24],[30,29],[64,1],[69,-21],[13,32],[-42,110],[37,15],[31,-37],[29,-61],[47,-29],[69,10],[-35,37],[-21,67],[54,-10],[14,24],[-14,41],[-32,24],[-33,-8],[-31,31],[119,-5],[17,-32],[65,-22],[83,11],[24,39],[-32,29],[25,35],[-55,55],[56,30],[15,40],[58,16],[23,21],[127,-7],[45,-74],[55,10],[15,74],[-31,33],[44,47],[104,12],[37,-44],[2,-26],[-52,-52],[-63,-38],[-26,-43],[-84,-25],[-115,-45],[-49,-45],[-49,-20],[-62,-73],[-40,-74],[7,-37],[45,-34],[5,-39],[-57,-39],[-74,-32],[-140,-45],[-109,17],[-93,-22],[-66,10],[-34,-17],[-153,-49],[-82,-32],[-91,-23],[-77,-55],[-40,4],[68,75],[-12,33]],[[309422,415634],[-78,165],[10,57],[-24,34],[-2,92],[72,-43],[-5,-28],[38,-40],[53,-18],[69,15],[-31,54],[6,50],[48,63],[34,20],[-19,79],[93,0],[13,21],[103,24],[29,-36],[57,10],[19,58],[21,12],[59,-4],[88,79],[-11,53],[58,47],[73,82],[-5,43],[26,44],[28,-46],[55,-10],[93,21],[44,42],[-7,43],[-30,28],[35,38],[50,18],[39,39],[-6,47],[34,17],[53,4],[46,48],[55,15],[26,21],[30,-28],[-28,-96],[7,-104],[-44,-27],[4,-27],[-32,-54],[-63,-57],[-15,-29],[30,-18],[43,-88],[-50,-76],[-36,-19],[-22,-71],[-20,-14],[-73,24],[-5,-40],[19,-40],[-8,-58],[-91,-69],[-33,-3],[-72,29],[-89,-37],[-46,0],[-28,-40],[69,-53],[7,-37],[-65,-9],[-67,45],[-85,6],[-82,-57],[-31,-7],[-4,-100],[-106,15],[-30,-19],[-44,-2],[-33,-59],[-79,-30],[-50,0],[-66,-41],[-21,32]],[[306368,409427],[8,40],[-21,33],[-42,3],[-23,-19],[-50,-5],[-37,73],[50,68],[-1,39],[25,10],[34,-29],[83,-15],[30,22],[17,-74],[-18,-32],[13,-33],[43,-21],[86,-18],[43,6],[18,25],[48,22],[2,42],[82,16],[28,73],[-1,58],[-18,49],[56,-10],[70,-33],[34,-69],[27,-18],[29,18],[64,-7],[-33,52],[-13,48],[-30,38],[64,20],[30,54],[-32,51],[-28,12],[-2,72],[32,-5],[-5,-44],[80,-21],[82,73],[26,-18],[26,-74],[-10,-27],[-82,-70],[-25,-67],[45,-65],[81,-63],[107,-52],[20,-20],[47,27],[21,40],[11,55],[89,25],[78,-4],[55,25],[35,74],[43,27],[64,3],[55,34],[18,24],[-16,51],[55,26],[28,-15],[5,-40],[106,74],[27,38],[-12,45],[48,47],[6,41],[-34,34],[23,24],[39,2],[26,30],[37,114],[43,-2],[5,-28],[45,-20],[56,5],[98,63],[25,-34],[39,-2],[45,41],[53,-34],[-21,-40],[-73,-56],[9,-52],[-19,-45],[10,-25],[41,12],[14,54],[43,1],[18,-68],[26,-16],[-7,-78],[-39,-62],[-2,-32],[-67,-78],[-87,-27],[-41,-41],[-96,-57],[-54,10],[-35,-59],[-72,-34],[-28,-27],[-9,-58],[-64,9],[-84,-19],[-72,-44],[-89,-14],[-24,-18],[-133,-23],[-101,-94],[-76,-33],[-78,-15],[-35,-39],[-39,-7],[-76,24],[-56,-10],[-34,-51],[-59,14],[-31,-16],[-13,-36],[49,-58],[-49,-95],[-30,-14],[-29,34],[-35,-3],[-22,-33],[-55,7],[-59,-10],[-93,43],[-100,94],[-44,10],[-31,-15],[-59,6],[-73,-15],[-12,-23],[-81,-9],[-79,-34],[-92,-18],[-12,39],[12,44],[-48,22],[-9,27],[-60,8],[-29,68],[18,89],[41,-12],[-1,-49],[23,-20],[68,7],[7,55],[59,-52],[27,-51],[51,-8],[46,11],[75,42],[-42,35],[-11,31],[-34,19],[22,35],[-61,19],[30,26]],[[308728,410213],[-46,11],[48,50],[13,-43],[-15,-18]],[[317123,380337],[-10,35],[74,-9],[30,-64],[-28,-9],[-66,47]],[[312844,388384],[-25,41],[-7,43],[18,60],[32,38],[67,49],[35,-20],[-33,-54],[38,-20],[15,-70],[-25,-24],[-115,-43]],[[312724,388421],[-18,43],[23,32],[74,-10],[-79,-65]],[[316481,388459],[-39,26],[-23,-51],[-36,-34],[18,-20],[-13,-49],[-38,-15],[-21,32],[-103,-10],[-17,30],[102,55],[45,47],[11,42],[51,19],[31,33],[44,23],[38,-16],[22,-71],[-41,-45],[-31,4]],[[309721,387995],[1,-40],[45,-49],[-6,-57],[-47,-3],[-139,51],[10,36],[-22,95],[-39,68],[7,26],[69,-16],[58,-49],[20,-1],[43,-61]],[[309513,387741],[-11,7],[-19,105],[47,-39],[-1,-60],[-16,-13]],[[307517,391367],[-51,15],[7,37],[46,-4],[27,-28],[-29,-20]],[[308728,389441],[-31,4],[10,48],[32,0],[35,-41],[-46,-11]],[[306476,407748],[18,-23],[-33,-52],[19,-49],[33,-38],[2,-34],[42,-21],[-66,-52],[-78,-8],[-85,16],[-49,-12],[-75,5],[-59,-50],[-79,2],[-83,-10],[-37,6],[-66,122],[20,58],[23,14],[39,85],[43,15],[44,-11],[22,32],[-12,29],[9,45],[30,12],[59,-39],[7,-45],[39,-42],[31,6],[41,65],[34,29],[47,11],[7,-33],[33,-28],[44,32],[36,-37]],[[306601,407667],[-56,6],[-9,41],[47,1],[18,-48]],[[309923,411799],[7,-35],[65,-57],[-10,-16],[39,-59],[49,-8],[28,46],[-11,21],[41,44],[4,-65],[31,-59],[49,-62],[-19,-98],[3,-75],[-57,-17],[-57,20],[-41,-6],[-66,-32],[-80,37],[-70,-27],[25,-69],[-43,-32],[-45,-11],[-75,22],[-46,-33],[-79,-27],[-48,-3],[-48,19],[-124,26],[9,31],[76,-3],[41,-23],[50,14],[28,57],[39,-4],[38,21],[15,48],[118,39],[17,44],[4,53],[-51,26],[-4,26],[56,17],[40,32],[79,-54],[19,8],[5,80],[-25,41],[12,55],[-16,29],[-47,3],[-18,39],[81,22],[12,-45]],[[315032,408472],[-21,62],[4,115],[38,33],[22,73],[-1,37],[-55,57],[28,34],[60,45],[59,8],[27,55],[30,3],[67,33],[36,-8],[47,48],[-9,-134],[9,-66],[-12,-84],[9,-90],[-19,-44],[-5,-204],[23,-77],[48,-39],[10,-70],[-19,-29],[-41,-12],[-50,14],[-53,-42],[-26,-3],[-22,41],[-72,49],[-37,15],[-55,3],[17,94],[-37,83]],[[316776,379617],[-1,48],[35,52],[52,-30],[-14,-26],[-72,-44]],[[305905,391316],[-6,55],[44,18],[25,-39],[-19,-31],[-44,-3]],[[308049,389381],[20,69],[71,-12],[-12,-42],[-29,-23],[-50,8]],[[314405,362898],[58,17],[20,46],[32,14],[60,-10],[97,0],[59,-27],[44,-47],[39,-13],[64,22],[73,3],[26,17],[44,-45],[60,-4],[48,-19],[31,-65],[44,3],[60,-54],[54,15],[46,-9],[66,-41],[-14,-83],[57,-82],[-40,-4],[5,-34],[58,-19],[-29,-57],[26,-44],[-114,-17],[-69,-70],[-24,-57],[-44,-29],[-102,40],[-47,-8],[-10,35],[42,107],[-48,31],[-87,-34],[-48,36],[-100,-81],[-26,-52],[-27,-86],[28,-43],[51,-25],[57,15],[52,36],[58,-10],[-23,-36],[6,-60],[22,-35],[60,10],[21,-25],[-17,-72],[14,-46],[-74,-50],[-101,-19],[0,-32],[-36,-32],[-9,-33],[-40,-13],[-74,-56],[-25,-48],[-34,15],[-38,-19],[-45,45],[-46,-1],[-18,-39],[-73,13],[-34,-47],[-69,-4],[-52,-17],[-7,-70],[-54,-12],[-17,-42],[-90,-2],[-68,107],[-9,54],[6,149],[78,77],[41,67],[20,67],[-1,89],[17,0],[44,-64],[76,13],[31,46],[-43,47],[-14,43],[-60,33],[-48,3],[-40,-27],[-35,32],[-29,3],[3,42],[37,-7],[38,33],[4,82],[-19,31],[20,62],[-35,69],[22,30],[63,40],[-11,89],[-66,67],[28,42],[16,67],[-51,44],[11,29],[60,31],[40,-31],[97,0]],[[317370,362825],[-51,40],[11,29],[45,-35],[-5,-34]],[[315259,361617],[30,39],[3,35],[-71,37],[-46,-60],[-2,-33],[-46,-18],[-57,47],[26,77],[-41,30],[-6,62],[66,42],[91,-8],[78,36],[42,-12],[117,-71],[-19,-32],[-66,42],[-65,-16],[-23,-57],[54,-69],[-2,-37],[-63,-34]],[[313038,363417],[30,29],[18,78],[43,49],[34,12],[43,-27],[68,11],[83,-30],[38,-44],[83,-16],[16,-47],[-5,-49],[-19,-22],[-60,-9],[-46,35],[-75,-8],[-34,-16],[-134,60],[-83,-6]],[[316008,363367],[-14,30],[17,28],[-28,38],[-24,-42],[-66,-2],[-2,-43],[59,-22],[40,-44],[38,-5],[26,-26],[32,70],[54,-22],[-12,-61],[-40,-39],[-2,-40],[19,-58],[38,-29],[-8,-60],[-69,35],[-80,-38],[-37,-51],[-80,2],[-37,-28],[-68,-4],[-12,-37],[-92,-27],[-25,35],[10,40],[-33,22],[-23,50],[-29,15],[-9,55],[129,0],[48,27],[14,46],[-36,23],[-44,-1],[-40,73],[-63,-6],[-48,7],[-26,-17],[-34,16],[48,47],[82,4],[47,41],[-1,52],[-25,29],[-34,2],[-58,-22],[-37,7],[-3,43],[22,45],[83,84],[97,53],[71,13],[35,26],[18,54],[-42,136],[-70,81],[-30,-8],[-40,16],[-5,71],[44,107],[-45,87],[23,35],[43,18],[83,13],[82,43],[34,38],[18,65],[-41,17],[-19,44],[37,60],[17,55],[76,60],[-19,-107],[49,-17],[42,13],[12,43],[62,53],[52,-3],[-15,-51],[-4,-58],[-18,-31],[-3,-86],[-28,-2],[-22,-71],[7,-53],[24,-42],[23,0],[26,-60],[-28,-26],[31,-80],[-3,-48],[28,-18],[9,-44],[38,-61],[-6,-66],[26,-84],[32,-59],[54,-46],[100,-21],[9,-51],[-37,-44],[-35,0],[-57,-54],[-51,-13],[-18,69],[-36,3],[-6,-67],[-37,-31],[17,-41],[-65,-23],[-106,-49]],[[317020,361739],[-32,42],[-45,-45],[-17,12],[42,63],[-26,59],[-42,12],[-17,-20],[-46,10],[-9,22],[21,46],[43,-1],[19,29],[-20,50],[-32,20],[50,42],[-13,28],[-43,19],[-17,28],[54,29],[-44,31],[54,62],[-9,75],[-29,22],[-68,-6],[-21,-16],[-49,1],[-17,37],[-86,17],[9,35],[86,-7],[26,-23],[109,13],[56,-12],[14,50],[90,56],[-10,28],[-70,12],[-6,14],[67,43],[6,90],[-33,13],[-38,-16],[-17,32],[36,22],[72,-14],[29,24],[-9,28],[37,22],[12,52],[45,30],[8,35],[30,43],[53,-25],[24,12],[57,-16],[14,-31],[-43,-35],[41,-51],[-29,-49],[49,-25],[-37,-22],[14,-36],[49,13],[26,-38],[34,3],[80,-54],[-34,-60],[19,-24],[57,-1],[38,35],[-4,45],[47,50],[14,71],[-41,7],[-63,-33],[-37,38],[-22,-2],[-35,41],[-8,143],[-24,50],[6,35],[-17,45],[49,10],[6,-27],[59,14],[106,63],[60,52],[26,56],[-3,64],[-20,93],[-55,47],[29,57],[-12,42],[-48,61],[13,40],[-33,42],[22,31],[91,-16],[40,-31],[-19,-34],[42,-27],[26,19],[9,46],[29,8],[146,-106],[-18,-56],[27,-47],[77,-51],[-37,-13],[-10,-40],[12,-39],[80,-80],[4,-59],[28,-48],[-22,-38],[19,-33],[84,-49],[80,-26],[133,-9],[81,70],[-30,86],[89,19],[34,-57],[-61,-20],[-6,-70],[-34,-29],[40,-158],[34,-10],[57,13],[62,31],[40,-21],[-6,-29],[58,-23],[-37,-22],[-37,-54],[23,-29],[45,-6],[-8,-90],[8,-37],[-22,-70],[-26,-39],[18,-91],[4,-55],[46,-64],[16,-60],[13,-127],[-43,-26],[14,-57],[-7,-35],[-35,-45],[-14,-124],[12,-59],[-15,-46],[37,2],[-14,-59],[11,-65],[-42,-11],[-7,-48],[41,-53],[66,-1],[16,-25],[63,-48],[94,0],[53,-51],[50,-13],[-8,-65],[-37,-48],[0,-62],[-20,-31],[0,-56],[-25,-52],[-12,-121],[-15,-50],[-36,-19],[-55,-55],[-30,-13],[-50,-70],[-8,-59],[-55,-17],[-36,-54],[-52,-28],[-6,-62],[37,-75],[-13,-16],[-118,48],[-46,48],[-42,5],[-49,-35],[-28,47],[-45,-9],[-33,19],[-53,1],[-48,29],[4,56],[41,45],[19,96],[-10,73],[-47,100],[-35,26],[-14,64],[-60,32],[-91,-28],[-62,-65],[-48,-26],[-57,43],[-60,31],[-50,53],[-74,42],[-45,-20],[-32,33],[45,39],[1,25],[-34,47],[-43,38],[12,41],[-49,89],[28,20],[3,99],[-17,25],[-57,8],[-66,-50],[-15,47],[28,48],[40,29],[-16,48],[-57,18],[-69,-34],[-31,10],[13,43],[41,23],[36,-4],[49,24],[8,44],[-22,21],[-45,-12],[-9,41],[36,19],[17,54],[43,48],[7,49],[-30,95],[-29,29],[-53,-19],[-26,-49],[-43,-29],[-9,-70],[-60,-67],[-25,21],[14,38],[-35,30],[12,64],[-12,89],[-17,25],[-63,-5],[-8,-39],[-69,-45],[-10,-26],[34,-31],[-28,-29],[31,-24],[-15,-61],[75,-60],[-6,-44],[-39,24],[-41,-3]],[[270007,414685],[14,-56],[65,-59],[10,-56],[48,-22],[10,-44],[55,-17],[13,-56],[-31,-39],[-20,-57],[-51,-70],[-61,36],[-94,-52],[-13,-28],[-60,-33],[-31,6],[-69,-28],[-38,67],[0,54],[-53,26],[-56,69],[32,57],[39,96],[18,83],[-3,48],[-40,63],[-25,21],[-100,40],[-10,96],[18,41],[184,63],[95,40],[92,47],[186,118],[69,78],[67,112],[39,32],[69,-19],[131,9],[49,-15],[89,-3],[59,-21],[71,-52],[45,-23],[77,6],[11,24],[85,-38],[30,2],[44,40],[95,-75],[44,-159],[42,-37],[19,-61],[-10,-67],[-16,-11],[-129,46],[-60,-7],[-137,24],[-16,14],[-98,-11],[-9,-47],[-73,-62],[-46,-11],[-22,-22],[-51,10],[-52,-7],[-50,-109],[0,-70],[-56,-2],[-13,59],[4,44],[-20,50],[-26,26],[6,41],[-46,9],[-39,-48],[-67,-27],[-65,-48],[-139,14],[-29,-42]],[[270082,416522],[-24,73],[23,13],[67,6],[77,-28],[77,0],[22,15],[59,-21],[90,-6],[75,21],[60,55],[87,27],[51,28],[82,21],[53,46],[-3,23],[32,47],[96,16],[20,33],[39,27],[52,-29],[64,-84],[64,-158],[21,-139],[48,-64],[83,-41],[14,-32],[9,-102],[-22,-68],[-37,8],[-35,31],[-106,-17],[-46,38],[-51,-12],[-63,9],[-59,-18],[-75,16],[-29,-6],[-41,60],[-39,24],[-49,11],[-51,41],[-43,-5],[-99,-39],[-55,-39],[-19,-27],[-50,-111],[-34,-56],[-59,-12],[-35,10],[-50,-8],[-66,-46],[-39,-55],[-72,-78],[-67,-46],[-22,-25],[-41,33],[62,110],[36,41],[47,30],[68,104],[17,55],[20,143],[-25,73],[-53,56],[-56,28]],[[304859,408069],[-15,67],[34,59],[-22,22],[20,78],[-17,43],[20,79],[3,66],[-17,159],[-20,8],[26,89],[46,46],[59,11],[22,-38],[60,-47],[28,-37],[-95,-54],[27,-22],[4,-97],[17,-16],[4,-144],[-15,-39],[-48,-36],[-49,-62],[6,-39],[-15,-73],[18,-16],[-31,-42],[22,-19],[-40,-78],[-35,28],[10,36],[-20,25],[13,43]],[[303795,411232],[-17,25],[28,41],[0,58],[14,55],[-22,44],[-62,66],[-1,30],[112,40],[46,59],[48,45],[83,12],[81,51],[56,59],[37,20],[66,83],[20,44],[80,-35],[37,2],[5,-32],[-66,-5],[-70,-24],[-65,-81],[-22,-49],[-4,-65],[-29,-20],[-30,-66],[-35,-37],[-48,20],[-31,-17],[15,-59],[-8,-38],[-38,-62],[-32,-78],[-47,-62],[-55,-26],[-46,2]],[[303696,413245],[22,36],[4,51],[122,-19],[35,13],[40,45],[-37,54],[32,36],[104,-3],[52,-16],[16,-26],[96,46],[32,-58],[5,-40],[-17,-35],[-39,0],[-69,-42],[-16,-29],[-2,-83],[-38,-13],[-40,-63],[-39,-22],[-80,-25],[-48,26],[-93,-55],[-22,20],[4,102],[-28,51],[4,49]],[[288835,409687],[-1,-23],[42,-70],[52,-48],[93,-58],[57,-53],[-4,-45],[-152,47],[-80,16],[-82,42],[-30,6],[-88,69],[-19,36],[-6,55],[11,73],[101,82],[22,-32],[69,-27],[15,-70]],[[317063,379599],[-54,33],[68,33],[-14,-66]],[[315551,363930],[23,-51],[21,-83],[-5,-52],[-60,-47],[-106,-3],[-44,9],[-63,29],[-103,-32],[-56,31],[-55,-10],[-35,18],[-30,86],[-33,25],[-48,-28],[-11,-38],[-41,15],[-33,-19],[-26,-42],[-29,-9],[-105,55],[99,41],[66,69],[34,99],[57,24],[89,-27],[69,-9],[33,61],[110,-25],[48,6],[86,-12],[62,26],[32,39],[32,-19],[13,-43],[-11,-43],[-30,-4],[-35,-51],[-37,-13],[20,-35],[57,60],[45,2]],[[312649,364078],[-30,-31],[-47,-7],[-10,-29],[-82,-12],[-3,-43],[-44,-107],[13,-48],[-71,-58],[-16,-96],[11,-34],[35,-29],[26,-121],[-22,-28],[-4,-58],[27,-47],[-25,-70],[6,-35],[45,-47],[-89,3],[-24,-16],[-30,-63],[5,-81],[-10,-58],[-25,-47],[-86,-19],[-40,12],[-111,-4],[-19,-41],[-75,50],[-72,14],[-71,50],[-38,8],[-62,-35],[-54,-58],[-6,-50],[-33,-36],[-46,13],[-103,-9],[-45,-12],[-139,20],[-33,24],[-65,87],[-30,14],[-96,-9],[-35,14],[9,39],[46,27],[36,39],[129,107],[32,48],[-24,63],[2,162],[-36,33],[-4,46],[-25,22],[-30,68],[15,28],[91,58],[60,55],[39,64],[19,69],[8,102],[-51,117],[-16,16],[-86,29],[18,91],[86,18],[96,47],[14,25],[-28,55],[65,7],[92,-34],[75,-4],[142,11],[126,23],[101,36],[49,86],[-34,56],[22,47],[50,14],[25,33],[57,-39],[89,-35],[40,1],[107,-38],[48,-35],[68,-12],[46,-73],[2,-83],[15,-68],[-10,-39],[13,-26],[2,-78],[33,-49]],[[311222,364407],[-26,25],[62,99],[-11,-89],[-25,-35]],[[260314,420278],[19,30],[11,110],[62,31],[17,36],[38,25],[82,15],[23,14],[61,-9],[58,-38],[41,-3],[-8,-72],[-57,-3],[-31,-44],[-80,-32],[-99,-152],[-64,51],[-109,-71],[-50,24],[-4,20],[90,68]],[[255684,415257],[-46,77],[11,91],[36,41],[22,77],[8,78],[29,19],[111,-61],[35,-35],[96,-62],[29,-76],[-10,-34],[-64,-79],[-14,-31],[8,-75],[-61,-19],[-59,45],[-32,2],[-50,30],[-49,12]],[[264799,421904],[3,130],[-16,37],[-43,49],[-7,31],[-97,82],[0,116],[143,-132],[49,-15],[43,-31],[62,-13],[46,-36],[50,-14],[91,-82],[-52,-52],[-43,-122],[-42,-68],[-30,13],[-80,-23],[-34,7],[-43,123]],[[306546,413905],[5,-26],[-25,-47],[8,-25],[-78,-40],[-3,-45],[-36,-6],[-31,-47],[-14,-46],[-30,-9],[-110,-65],[-44,57],[-2,80],[-34,51],[54,91],[61,0],[93,84],[-10,51],[17,20],[3,65],[-51,48],[39,14],[20,-22],[42,0],[20,-35],[44,-21],[58,-63],[4,-64]],[[310264,411108],[-8,22],[71,39],[54,79],[125,49],[38,41],[20,-35],[-14,-41],[14,-69],[-13,-75],[-57,-51],[-50,5],[-57,-30],[-104,-14],[-50,20],[31,60]],[[305092,406097],[-14,25],[45,80],[-7,61],[28,59],[34,-13],[118,30],[43,4],[22,52],[64,37],[14,-26],[-55,-100],[-16,-40],[-35,-23],[-29,13],[-61,-25],[-23,-55],[5,-116],[-48,-70],[-43,-3],[-2,52],[-40,58]],[[291198,408768],[-24,0],[-3,46],[-38,102],[-75,125],[-42,27],[-24,44],[27,36],[62,-7],[71,-30],[82,-24],[60,-58],[24,-37],[4,-45],[-9,-98],[14,-60],[-92,-32],[-37,11]],[[290573,408963],[-20,84],[18,36],[107,-13],[61,-54],[37,-109],[-2,-66],[-37,-80],[-67,24],[-29,35],[-68,143]],[[310007,386065],[-110,88],[-10,64],[12,125],[20,29],[74,56],[61,69],[26,54],[65,-3],[95,10],[56,-55],[76,-12],[19,-37],[-34,-19],[-43,6],[-4,-84],[27,-15],[52,29],[40,7],[-6,66],[46,14],[49,42],[39,-18],[35,-57],[14,-56],[-6,-46],[18,-14],[245,20],[102,-21],[56,-49],[78,21],[55,33],[81,31],[40,3],[81,53],[70,76],[19,74],[-28,82],[12,65],[-14,30],[-7,92],[20,70],[30,31],[50,27],[46,-3],[94,-31],[15,-19],[-32,-80],[-28,-109],[-6,-64],[22,-69],[30,-28],[85,-36],[85,-11],[51,54],[84,19],[15,18],[67,10],[42,38],[5,27],[-31,34],[-6,44],[45,42],[60,-9],[25,-27],[-8,-53],[24,-42],[74,-1],[167,26],[15,25],[-16,43],[-61,24],[-36,70],[-5,48],[13,34],[82,24],[74,4],[39,-9],[111,-47],[84,-14],[103,13],[35,55],[46,21],[8,26],[-29,31],[-88,20],[39,65],[-4,68],[-51,34],[-69,0],[-65,16],[-56,34],[-58,-39],[-21,20],[55,50],[55,30],[25,94],[-3,77],[-52,49],[-34,84],[-82,45],[-83,-2],[-123,53],[-37,52],[-23,55],[34,12],[45,56],[27,120],[-7,75],[-26,37],[-63,14],[-63,-5],[-54,-25],[-33,8],[43,88],[80,21],[37,29],[46,-9],[50,17],[16,29],[56,-53],[46,-2],[48,26],[28,-19],[32,18],[12,58],[70,-5],[-4,-83],[15,-35],[47,1],[10,-25],[62,-12],[54,26],[13,-52],[-48,-30],[-37,-65],[-49,5],[-32,-24],[-21,-46],[35,-56],[30,-73],[27,-35],[89,-30],[38,18],[3,34],[-29,25],[18,30],[54,33],[31,75],[94,20],[88,29],[81,-55],[18,1],[61,118],[45,-62],[46,2],[44,23],[30,76],[12,118],[-13,25],[36,45],[77,50],[23,45],[3,48],[18,38],[-26,39],[31,38],[6,32],[44,41],[28,-43],[-57,-33],[7,-36],[44,-37],[110,16],[29,39],[75,-29],[-6,-38],[54,-26],[49,20],[1,52],[47,41],[25,81],[41,-15],[-12,-44],[33,-36],[15,-58],[-49,-44],[6,-57],[35,-31],[-23,-71],[31,-103],[-44,-66],[23,-35],[-59,-48],[-4,-44],[-39,-34],[-30,-65],[-12,-52],[21,-49],[-84,-5],[-87,26],[-35,-25],[-43,-82],[-58,-25],[-50,-44],[-39,32],[-37,4],[-62,-58],[-22,-84],[19,-93],[66,-47],[0,-63],[26,-143],[13,-29],[86,-113],[95,-38],[39,17],[5,30],[63,15],[12,-32],[62,-4],[89,74],[59,2],[23,19],[47,-19],[13,-29],[-37,-79],[-52,-4],[-16,36],[-82,-34],[-17,-37],[18,-27],[-41,-39],[-46,-24],[-26,-49],[-4,-44],[21,-47],[44,-42],[-13,-88],[20,-40],[66,-60],[79,-29],[-2,-42],[-25,-77],[-55,-33],[-15,-38],[29,-91],[41,-29],[68,-11],[22,10],[46,64],[66,14],[50,44],[101,19],[33,-39],[120,-78],[112,-15],[39,-44],[73,-24],[158,-11],[18,-43],[68,-47],[97,-11],[36,4],[115,34],[114,47],[76,56],[69,75],[74,204],[8,48],[-1,86],[-30,65],[-75,79],[-62,2],[-104,-37],[-66,-33],[-79,-56],[-74,-70],[-11,-42],[-59,-99],[-20,18],[9,38],[61,65],[17,64],[40,60],[50,97],[79,68],[38,15],[126,90],[56,62],[25,44],[3,83],[-24,51],[24,53],[5,52],[-9,92],[-29,69],[46,54],[55,-52],[84,-24],[44,-24],[132,-33],[31,10],[56,-25],[101,11],[22,-12],[51,35],[59,1],[73,-77],[94,-44],[52,-11],[51,-59],[34,-102],[22,-38],[14,-81],[-5,-48],[46,-41],[1,-37],[51,-29],[39,-95],[-14,-37],[-56,18],[-93,-12],[-85,-76],[-67,-72],[-64,-84],[-154,-223],[-57,-111],[-56,-123],[-93,-153],[-66,-144],[-65,-121],[-11,-86],[25,-42],[-2,-64],[-26,-35],[-72,-27],[-99,69],[-41,-3],[-67,-27],[-79,32],[-84,-16],[-37,5],[-53,51],[-59,2],[-118,-67],[-37,-4],[-63,-30],[-67,-57],[-160,-228],[-48,-93],[-57,-128],[-29,-83],[-77,-317],[-8,-47],[1,-219],[26,-85],[42,-83],[34,-45],[33,-2],[72,-72],[39,-12],[47,8],[46,31],[21,40],[83,-30],[16,38],[59,-35],[48,18],[45,-78],[-21,-35],[-9,-110],[-133,-61],[-31,40],[-39,18],[-46,-8],[-45,-34],[-41,-63],[17,-97],[-40,-24],[-34,-51],[-48,35],[58,62],[-34,63],[-59,29],[-83,2],[-67,-45],[24,-57],[-33,-80],[-45,28],[-59,-42],[-24,-50],[-20,-70],[6,-80],[48,-15],[22,-97],[-16,-49],[-36,23],[-44,-14],[-88,75],[-24,32],[47,57],[-5,29],[-45,62],[-63,12],[-72,-18],[-82,-32],[-11,-35],[48,-37],[-1,-49],[-39,-16],[-26,-31],[-27,-62],[-31,-25],[-17,-65],[11,-58],[76,-10],[5,-69],[-89,71],[-40,-17],[11,-82],[-43,-10],[-54,24],[-45,-62],[-14,-65],[0,-80],[37,-151],[21,-61],[42,-40],[36,7],[40,-26],[15,-68],[2,-55],[-25,-31],[-58,-26],[-35,-96],[83,-138],[122,-104],[36,-45],[85,-50],[41,-3],[49,34],[60,26],[163,-6],[61,-34],[37,-36],[4,-35],[31,-18],[87,35],[61,-14],[96,23],[49,-1],[36,57],[-8,43],[-47,6],[-35,28],[-13,77],[-69,5],[-69,82],[39,25],[40,-16],[61,30],[19,42],[-36,42],[-14,40],[25,38],[9,46],[-51,42],[-9,36],[71,0],[17,-44],[67,-52],[65,20],[37,-15],[28,12],[15,37],[54,-36],[-11,-49],[14,-31],[97,-101],[27,-12],[91,-3],[27,-47],[75,-65],[61,-33],[63,-17],[9,-23],[70,-38],[35,-49],[42,-126],[75,-81],[-20,-34],[21,-31],[57,-29],[73,-13],[220,25],[112,42],[89,64],[24,75],[21,26],[60,116],[5,36],[146,141],[26,65],[-2,42],[-37,51],[-37,0],[-15,59],[11,43],[41,49],[-1,69],[-49,27],[46,30],[80,-52],[28,7],[54,-40],[49,-1],[-10,-42],[-55,-16],[-62,-38],[-7,-65],[41,-72],[59,-39],[46,-5],[20,41],[44,15],[71,-3],[32,48],[79,-49],[33,0],[75,-48],[64,-8],[-13,-40],[-62,-112],[16,-40],[-8,-36],[-39,-74],[-28,-75],[-61,-5],[-11,57],[-76,23],[-66,-66],[-23,-60],[-13,-76],[7,-53],[30,-62],[100,-2],[22,-29],[58,-33],[-62,-81],[0,-22],[50,-32],[40,-8],[-35,-51],[16,-78],[22,-46],[55,-19],[-17,-36],[-54,5],[-57,-39],[-74,-84],[-17,-59],[75,-63],[-16,-38],[6,-51],[35,-53],[91,-24],[11,-20],[55,-16],[21,-20],[-46,-26],[-65,49],[-63,17],[-25,23],[-43,-27],[-93,-19],[-19,-34],[8,-71],[54,-55],[40,-11],[36,10],[43,-24],[42,15],[17,-40],[-54,-28],[-12,-39],[-53,74],[-37,8],[-26,-28],[-49,8],[1,26],[-33,32],[-78,-3],[-27,23],[-82,18],[-34,22],[-20,53],[-69,-5],[-30,-12],[-77,-69],[-36,-63],[9,-46],[59,-41],[-28,-60],[-72,27],[6,43],[-33,3],[2,-46],[-55,-28],[-34,14],[-4,47],[-23,36],[-60,8],[-45,-37],[-57,34],[30,36],[-9,50],[-42,23],[-29,37],[11,26],[-42,35],[-84,8],[7,43],[-41,25],[-39,-3],[-105,-45],[-37,-42],[11,-61],[-32,-53],[-40,8],[-3,49],[-46,6],[-16,34],[-62,29],[14,35],[-22,49],[-65,-15],[2,-50],[-49,24],[-21,41],[-28,-7],[-56,-62],[-9,-62],[44,-22],[64,-53],[-51,-11],[-68,15],[-51,43],[-45,1],[-5,26],[53,-1],[22,61],[40,43],[-1,64],[-27,41],[-55,33],[-139,41],[-42,-12],[-4,37],[-38,30],[-85,19],[-135,-36],[-25,20],[-62,-6],[-65,-31],[-39,27],[9,37],[-58,12],[-64,-9],[-49,-31],[-17,23],[-45,13],[-55,-5],[-120,-45],[-129,-66],[-32,-26],[-121,-53],[-12,-29],[-62,17],[-53,0],[-44,-17],[-82,-54],[-67,-66],[-36,-79],[38,-44],[-18,-40],[-75,9],[-44,56],[-24,68],[-71,5],[-104,-49],[-45,-46],[-55,-20],[-6,38],[-43,59],[0,34],[-71,23],[-64,-9],[-62,103],[4,46],[32,47],[-25,33],[-76,38],[-89,11],[-80,1],[-51,-10],[-31,11],[-91,10],[-73,-15],[-51,0],[6,36],[-96,25],[-79,-10],[-56,15],[-66,-25],[-103,27],[-51,49],[-86,24],[-135,-18],[-12,30],[-51,19],[-69,69],[-12,95],[-73,50],[-43,7],[-134,-5],[-37,-38],[-35,19],[-130,-31],[-36,4],[-56,45],[-106,69],[-106,7],[-208,134],[-25,132],[-37,51],[-68,59],[-60,29],[-49,10],[-210,3],[-109,-42],[-69,-7],[-67,-18],[-97,-14],[-84,-47],[-56,-17],[-70,-43],[-70,-32],[-95,-31],[-139,-59],[-119,-94],[-160,-116],[-38,-38],[-73,-54],[-20,20],[-8,134],[13,63],[-14,54],[11,31],[-31,51],[15,37],[115,60],[65,22],[66,60],[87,34],[127,62],[154,64],[71,39],[124,35],[51,32],[111,49],[105,75],[47,45],[30,8],[71,63],[39,77],[-16,148],[68,99],[67,56],[29,37],[52,3],[17,29],[38,5],[41,58],[4,105],[-37,50],[-27,79],[-39,68],[-66,63],[-14,51],[4,83],[17,42],[-16,67],[-85,91],[-36,56],[-31,116],[34,48],[-42,47],[44,3],[17,24],[-20,70],[-5,60],[-20,57],[3,47],[-16,32],[-24,139],[-2,79],[8,112],[27,58],[-20,61],[-77,125],[-35,68],[43,138],[92,137],[32,61],[25,95],[-3,45],[41,67],[20,86],[-4,101],[64,109],[20,56],[39,175],[-14,128],[-22,76],[-58,108],[-84,106],[-51,40],[-23,62]],[[314933,363319],[23,46],[-28,22],[-50,11],[-77,-15],[-42,15],[10,27],[58,54],[48,99],[69,44],[59,-4],[107,-41],[123,-25],[26,-21],[53,-71],[-13,-30],[-48,-20],[-27,16],[-56,-26],[-23,-44],[-26,32],[-63,-16],[-20,-45],[-91,-24],[-12,16]],[[317023,361438],[-37,-43],[35,-51],[-6,-57],[23,-13],[-12,-50],[-63,60],[-16,49],[-37,15],[43,66],[48,29],[22,-5]],[[265294,424104],[50,25],[127,-13],[-54,-37],[-66,-9],[-47,-21],[-50,12],[15,41],[25,2]],[[263651,421069],[62,13],[35,-13],[42,12],[5,-62],[-7,-75],[5,-74],[49,-120],[-20,-29],[-36,58],[-59,18],[-32,27],[-51,2],[-22,27],[-98,-26],[-57,-38],[-81,-38],[-42,-32],[-39,-7],[-29,18],[-20,128],[-30,56],[-86,45],[-52,-4],[-49,35],[3,43],[36,58],[44,22],[50,-56],[117,-34],[49,-1],[51,27],[73,19],[50,27],[55,11],[50,-32],[34,-5]],[[253194,415021],[46,67],[27,5],[19,62],[37,56],[8,51],[1,91],[-14,50],[-30,45],[-55,18],[44,43],[48,91],[40,32],[42,3],[44,-15],[64,-51],[14,-78],[-11,-23],[6,-55],[35,-119],[29,-52],[112,-126],[4,-62],[-27,-34],[-42,-6],[-13,-74],[-33,-56],[-47,-49],[-64,-27],[-116,30],[-79,8],[-73,35],[-17,42],[-17,89],[18,9]],[[257704,414831],[-63,76],[62,24],[93,-35],[45,6],[-43,-95],[-52,2],[-42,22]],[[261366,419093],[-18,27],[-74,51],[-49,8],[22,65],[24,9],[104,-24],[29,-74],[-38,-62]],[[280926,410552],[-8,33],[22,20],[73,16],[25,-8],[10,-85],[-62,-59],[-60,10],[-43,-6],[13,41],[30,38]],[[256103,415976],[5,54],[24,49],[30,22],[-8,50],[20,75],[25,-15],[17,-79],[-33,-126],[7,-68],[-41,-8],[-46,46]],[[305476,412962],[19,39],[44,46],[20,53],[0,57],[-46,41],[123,61],[57,-16],[40,5],[104,91],[36,-47],[-6,-46],[-72,-21],[-25,-38],[-53,0],[-32,-66],[-3,-34],[-74,-62],[-38,-81],[-45,-13],[-49,31]],[[305907,415649],[-9,54],[57,98],[19,68],[33,15],[92,5],[21,-8],[-19,-67],[-5,-63],[-35,-39],[-15,-47],[-29,-19],[-3,-38],[-80,-18],[-3,47],[-24,12]],[[293319,413879],[-26,62],[2,53],[-12,55],[60,12],[46,-14],[22,-85],[34,-59],[86,-28],[15,-38],[-33,-76],[-75,11],[-18,25],[-62,21],[-39,61]],[[313211,412143],[12,37],[49,26],[60,11],[41,25],[41,4],[39,35],[69,-5],[22,-15],[-57,-61],[-69,-31],[-56,-47],[-45,-24],[-79,-13],[-110,1],[-101,-22],[79,70],[105,9]],[[315313,414290],[8,38],[39,6],[11,48],[84,12],[21,31],[42,-3],[5,-40],[35,-54],[-24,-67],[-82,-16],[-17,-36],[-60,-27],[-28,26],[-100,9],[-25,-15],[-27,28],[52,36],[66,24]],[[313572,388921],[-15,57],[81,26],[-2,26],[50,20],[51,45],[33,-23],[-35,-50],[-57,-20],[1,-28],[61,-9],[-35,-53],[47,-4],[12,-24],[-42,-20],[-48,50],[-48,22],[-54,-15]],[[313992,363361],[4,-30],[-50,1],[7,47],[39,-18]],[[316138,361959],[0,54],[73,-16],[-73,-38]],[[317115,364742],[-83,14],[71,46],[23,-33],[-11,-27]],[[313128,363674],[27,60],[46,-37],[-31,-50],[-42,27]],[[314075,362812],[36,59],[20,-9],[-7,-98],[-43,24],[-6,24]],[[316452,363289],[-26,20],[88,69],[3,-46],[-65,-43]],[[313975,361402],[-20,57],[34,22],[62,-73],[-31,-28],[-45,22]],[[262613,422983],[-17,36],[8,62],[-13,23],[19,63],[-2,42],[-78,47],[8,68],[33,26],[27,-5],[-6,-53],[67,-16],[24,27],[17,-82],[-33,-55],[-19,-125],[8,-34],[-43,-24]],[[262666,422896],[-27,0],[-20,-32],[2,-74],[-13,-71],[1,-58],[-61,-55],[-50,11],[8,76],[56,109],[35,20],[25,70],[44,4]],[[251045,416743],[7,56],[60,19],[50,-21],[70,-50],[23,-46],[-21,-74],[-36,-19],[-76,27],[-39,34],[-38,74]],[[262007,417903],[9,43],[-15,55],[-42,16],[6,63],[37,21],[26,-13],[178,-132],[37,-37],[77,-13],[-26,-34],[-53,-40],[-55,23],[-39,35],[-58,11],[-43,-24],[-39,26]],[[263001,422140],[-23,9],[17,97],[37,74],[31,18],[66,13],[132,-29],[42,-27],[-44,-28],[-42,-68],[-19,-68],[-51,36],[-29,6],[-71,-28],[-46,-5]],[[280383,408543],[-60,63],[-36,63],[4,27],[102,144],[80,30],[50,9],[19,-24],[17,-87],[-21,-56],[-36,-46],[-76,-63],[-43,-60]],[[261292,416750],[-20,57],[40,-1],[7,-29],[-27,-27]],[[307210,414930],[7,-42],[-18,-21],[13,-60],[55,-41],[15,-55],[-18,-56],[-20,-15],[-35,48],[-42,-1],[-7,34],[-50,49],[-24,6],[-39,92],[7,56],[-6,72],[51,-4],[48,-32],[31,36],[45,-46],[-13,-20]],[[314246,422826],[73,15],[62,-53],[64,-3],[42,39],[-18,59],[19,24],[51,-12],[29,-48],[-69,-57],[-4,-57],[-39,-51],[-83,-27],[-32,8],[-51,49],[14,50],[-58,64]],[[305136,412741],[-13,-49],[-32,-14],[-28,-53],[13,-46],[-64,-77],[-42,-13],[-81,-60],[57,106],[22,83],[45,88],[-7,48],[35,51],[29,4],[66,-68]],[[305535,415114],[1,111],[-39,40],[20,80],[76,31],[44,31],[43,-4],[17,-46],[-15,-63],[-31,-64],[-11,-60],[-19,-31],[-53,-35],[-33,10]],[[305782,393178],[-32,-39],[-35,-67],[-29,-83],[-40,42],[-37,7],[-26,119],[-54,84],[111,-18],[57,29],[57,-6],[28,-68]],[[290240,409228],[-13,70],[28,25],[88,-19],[49,-45],[27,-67],[-43,-56],[-52,26],[-84,66]],[[259405,420930],[-21,-104],[21,-84],[63,-99],[82,-42],[68,11],[46,36],[-22,56],[99,7],[45,-16],[27,-26],[52,-16],[64,25],[47,-12],[-6,-35],[69,-106],[-55,-36],[-28,18],[-106,6],[-46,-33],[-83,-110],[-33,-62],[-11,-113],[8,-55],[23,-58],[41,-45],[68,-5],[34,-103],[33,-29],[-21,-46],[-10,-57],[39,-271],[14,-215],[-3,-95],[-48,12],[-76,-20],[-21,-50],[-1,-56],[-49,-47],[-62,-13],[-34,-104],[5,-42],[-77,-253],[12,-167],[-24,-111],[-23,-39],[-53,22],[21,35],[8,91],[-22,76],[-54,65],[-31,21],[-92,17],[-45,-1],[-45,21],[-5,49],[-44,37],[-15,52],[-29,12],[-51,102],[-2,37],[-43,148],[-35,18],[-4,33],[16,84],[-40,55],[-16,60],[6,122],[-44,62],[29,85],[-62,105],[-33,21],[-80,4],[-15,21],[2,53],[-47,81],[-37,22],[-53,67],[-19,6],[-21,54],[-28,28],[-17,50],[-58,68],[-43,4],[-71,84],[10,46],[-44,105],[-25,8],[-21,42],[-11,63],[-64,112],[-41,4],[-25,69],[-31,8],[-37,89],[-26,21],[-73,-5],[-21,73],[79,55],[93,-7],[24,-72],[33,-12],[93,18],[83,49],[104,125],[48,88],[-3,58],[-40,28],[-45,4],[-9,35],[63,102],[-6,69],[20,76],[-3,29],[39,105],[6,65],[-34,84],[-30,27],[-32,-1],[-47,-39],[-21,11],[-36,65],[-57,39],[-20,1],[-39,-43],[-54,14],[-41,105],[-21,12],[-31,78],[-48,49],[-43,-3],[-40,93],[13,86],[-7,34],[-27,25],[-54,20],[-4,85],[49,19],[75,-46],[56,-60],[38,-17],[67,-93],[28,-17],[72,-4],[50,-71],[35,-23],[75,-13],[133,61],[84,-6],[33,16],[29,52],[24,71],[18,8],[65,-28],[17,31],[46,-19],[63,-2],[75,34],[87,59],[52,65],[41,65],[1,79],[-25,31],[-2,58],[32,64],[-20,60],[-29,19],[3,45],[-27,34],[5,44],[40,31],[50,69],[19,42],[-11,40],[65,71],[60,0],[61,-15],[107,7],[106,57],[39,-71],[-3,-24],[-52,-13],[-17,-30],[-18,-105],[-28,-14],[-21,37],[-33,-18],[-33,-52],[-11,-70],[-28,-94],[3,-87],[41,-152],[39,-55],[-7,-48],[10,-105],[-9,-119],[28,-113],[37,-88],[84,-107],[22,-50],[-16,-152],[14,-88],[27,-81],[43,-45],[-20,-135],[18,-59],[34,-47],[37,-23],[39,9],[32,-51],[-41,-42],[-11,-54],[-39,-23],[-35,-58],[-43,-21],[-64,14],[-26,31],[-61,14],[-63,-77],[-40,-111]],[[317397,363461],[-16,22],[39,43],[40,-2],[8,-31],[-20,-58],[-39,-14],[-12,40]],[[318621,360171],[59,27],[-50,-127],[-40,17],[13,28],[-16,52],[34,3]],[[253795,415636],[-18,-101],[-32,23],[-3,55],[53,23]],[[269085,414300],[4,105],[41,-33],[45,14],[-17,-74],[-73,-12]],[[253959,415335],[-15,51],[4,50],[33,32],[24,-13],[10,-50],[26,-51],[-36,-27],[-46,8]],[[300409,372464],[-35,31],[41,63],[50,20],[29,47],[57,1],[25,46],[98,96],[46,-16],[49,22],[44,108],[10,172],[-19,25],[-59,19],[-41,-12],[-37,31],[5,47],[84,13],[43,91],[89,118],[41,4],[20,-30],[98,3],[29,12],[97,-12],[52,-73],[43,-44],[61,-26],[60,-117],[44,-136],[1,-78],[12,-25],[-7,-156],[-15,-46],[12,-51],[-43,-79],[-35,6],[-111,58],[-39,-3],[-92,-36],[-57,1],[-74,83],[-66,-17],[-87,-87],[-69,-25],[-66,-62],[-3,-37],[-43,-36],[-58,10],[-26,70],[-54,25],[-52,-28],[-52,10]],[[301606,369941],[-19,20],[29,70],[109,46],[8,-41],[-35,-48],[-60,-46],[-32,-1]],[[308762,410498],[8,53],[49,26],[63,-8],[7,21],[-32,32],[-9,70],[38,17],[22,-30],[2,-52],[24,-100],[-21,-45],[-33,-10],[-103,-1],[-15,27]],[[308765,410443],[5,-56],[-36,-24],[-32,10],[-7,54],[-37,52],[25,12],[82,-48]],[[305232,414628],[-10,35],[33,24],[25,55],[70,43],[16,-46],[30,-23],[-44,-72],[-20,-84],[-53,16],[-47,52]],[[304156,392815],[-4,-48],[25,-40],[6,-76],[-37,33],[-43,78],[-38,11],[-62,51],[-9,39],[3,68],[92,-26],[50,-46],[17,-44]],[[309429,392962],[-48,79],[40,4],[25,25],[114,-31],[-7,-35],[-74,-47],[-50,5]],[[304871,407757],[-17,-13],[-8,-67],[-33,-128],[-8,-55],[-33,11],[31,158],[31,103],[11,79],[27,-20],[-1,-68]],[[312738,398811],[-37,-22],[-9,67],[-20,44],[30,42],[48,24],[26,-44],[-8,-30],[57,-44],[-87,-37]],[[312045,411681],[-17,12],[-3,52],[50,26],[81,-35],[-8,-39],[-55,0],[-48,-16]],[[304763,403788],[20,127],[30,36],[30,-27],[-33,-89],[-47,-47]],[[306736,405231],[38,14],[35,-18],[-15,-30],[-35,4],[-23,30]],[[314109,398526],[-52,33],[13,26],[66,22],[4,-68],[-31,-13]],[[313354,398701],[-46,40],[10,21],[74,-7],[57,-77],[-95,23]],[[306372,390321],[8,31],[66,47],[15,43],[28,21],[-22,86],[-29,22],[-50,66],[-69,18],[-28,-36],[-70,-31],[16,58],[-29,76],[28,28],[4,50],[-28,34],[-51,26],[-35,69],[7,54],[102,95],[40,67],[21,97],[-14,77],[-89,93],[48,157],[51,-5],[37,32],[42,70],[-19,56],[-49,49],[-28,53],[-3,81],[-16,101],[-29,24],[-48,15],[-3,36],[34,58],[-27,96],[-53,45],[-80,33],[-90,51],[-91,11],[-85,-37],[-92,25],[-27,29],[37,27],[19,43],[38,9],[155,-58],[32,9],[40,49],[40,-7],[50,-123],[29,-20],[39,3],[34,-26],[48,-13],[69,-52],[20,-96],[47,-46],[57,-23],[61,43],[16,-8],[-4,-69],[10,-96],[33,-89],[94,-134],[19,-37],[99,-38],[70,-1],[14,-29],[58,-36],[-46,-14],[-30,-72],[30,-62],[136,-105],[67,-60],[93,-47],[69,42],[14,-56],[-28,-90],[-60,-96],[-51,-29],[-40,-3],[-22,32],[-76,39],[-15,33],[-108,-13],[-68,-37],[-40,-45],[-11,-40],[3,-93],[-23,-42],[-30,8],[-1,35],[-70,48],[-18,24],[-70,20],[11,58],[-14,25],[-58,12],[-41,-22],[-23,-38],[9,-75],[22,-14],[-12,-79],[81,-124],[65,0],[43,12],[85,-74],[-4,-75],[16,-28],[36,-5],[12,-27],[-13,-75],[-19,-31],[10,-62],[-51,6],[-39,-13],[1,52],[-77,3],[-57,-69],[4,-59],[-23,-84],[5,-54],[-31,-59],[22,-149],[36,-35],[-15,-24],[-97,-41],[-44,23],[3,23],[-48,39],[27,75],[-24,35],[-35,3],[-20,29],[-60,30],[32,74],[56,48],[35,-19],[56,38],[17,38],[-1,82]],[[238739,408064],[-1,28],[63,55],[26,-3],[15,-38],[-42,-10],[-61,-32]],[[238512,407922],[-30,13],[-2,68],[63,27],[25,-25],[-3,-35],[-53,-48]],[[305529,391032],[-2,28],[-49,4],[26,55],[36,-10],[33,39],[-30,48],[-16,76],[9,46],[57,26],[2,-36],[41,-66],[89,-11],[48,-24],[38,10],[33,-16],[15,-40],[64,-27],[18,-58],[-38,-33],[-3,-51],[-35,-7],[-47,19],[-53,-11],[-24,-26],[-69,3],[-43,-13],[-51,23],[-31,-53],[-18,105]],[[236752,402957],[27,5],[71,-39],[2,-58],[-55,-78],[-72,-23],[-21,44],[13,50],[37,45],[-26,33],[24,21]],[[237906,401793],[-27,25],[-57,96],[-13,55],[6,35],[33,25],[61,-93],[15,-72],[-18,-71]],[[313691,407296],[-3,28],[65,14],[23,-11],[54,17],[31,36],[44,-171],[-34,-38],[-14,-52],[-87,-80],[-44,-9],[-13,56],[-29,20],[35,51],[64,7],[15,25],[1,54],[-71,28],[-37,25]],[[233686,412885],[-16,-78],[-116,-160],[-39,-109],[-11,-75],[-57,-105],[-47,-71],[-68,-48],[-85,-1],[-97,18],[-99,-18],[-56,33],[-85,66],[-44,17],[-28,89],[-54,-59],[-19,-52],[-119,-10],[-78,14],[-108,-24],[-56,-27],[-59,-7],[-160,-41],[-101,-42],[-68,-5],[-86,15],[-70,31],[-127,45],[-57,11],[-110,50],[-94,22],[-110,42],[-65,4],[-50,-41],[-47,-1],[-110,52],[-63,51],[-95,45],[-128,24],[-81,-1],[-65,9],[-21,16],[-121,10],[-74,36],[-65,47],[-94,80],[-31,17],[-115,37],[-76,44],[-71,24],[-171,28],[-107,8],[-97,23],[-113,46],[-57,-2],[-203,-92],[-94,-7],[-42,-23],[-60,-4],[-129,-47],[-138,-30],[-78,-39],[-83,-3],[-72,-15],[-144,-45],[-44,-26],[-104,-22],[-47,-31],[-118,-25],[-71,-39],[-143,-4],[-80,-22],[-146,-30],[-126,-44],[-73,-38],[-112,-22],[-40,-21],[-196,-48],[-30,-21],[-128,-12],[-38,-16],[-74,12],[-75,31],[-69,40],[-73,2],[-85,-28],[-33,-33],[-61,10],[-58,40],[-67,9],[-57,27],[-88,0],[-42,-15],[-50,8],[-38,-19],[0,-35],[-43,-8],[-58,58],[-50,32],[-39,74],[-96,60],[-58,105],[-36,6],[28,63],[-26,91],[8,28],[-50,57],[3,72],[58,76],[32,24],[11,53],[36,22],[25,61],[71,-28],[54,35],[56,-51],[50,-25],[37,3],[20,-55],[42,-12],[120,39],[45,-35],[34,11],[-25,68],[-100,44],[-20,24],[-6,48],[43,64],[74,219],[-7,36],[19,128],[-8,69],[-1,170],[-28,142],[31,42],[12,77],[30,92],[23,17],[38,-24],[87,20],[25,-23],[38,-1],[44,-66],[47,-52],[125,-67],[36,-42],[43,-74],[76,-74],[63,-11],[32,-32],[125,-9],[73,9],[16,-14],[87,-1],[32,-30],[71,25],[40,70],[61,51],[56,70],[45,20],[12,38],[87,75],[97,117],[46,66],[21,50],[62,95],[68,67],[88,-51],[37,-39],[30,-55],[17,-72],[-21,-96],[-31,-69],[-60,-58],[-30,-60],[5,-96],[55,-42],[44,-16],[114,-17],[30,-19],[-49,-93],[-25,-27],[-49,-15],[-38,-44],[-1,-26],[70,-11],[60,-57],[73,-36],[24,-35],[46,-105],[47,-41],[-16,97],[13,97],[-74,23],[-50,56],[-73,10],[5,57],[54,31],[31,59],[7,48],[-10,48],[-49,58],[-76,10],[-64,-13],[-55,38],[37,39],[39,67],[63,162],[31,25],[36,-5],[70,-67],[14,-86],[52,19],[58,-44],[12,-39],[68,-14],[30,-63],[53,-67],[75,-31],[54,-67],[38,-23],[81,5],[-7,40],[32,8],[62,54],[73,13],[51,-9],[26,-38],[50,-108],[48,-134],[29,-52],[38,24],[-17,50],[0,104],[-47,70],[-7,28],[7,89],[-41,29],[-110,-9],[-55,46],[-36,2],[-33,-27],[-76,-39],[-71,-24],[-26,8],[-68,74],[-15,60],[-29,72],[-78,40],[6,55],[59,-25],[78,-6],[37,30],[24,44],[31,120],[-46,-35],[-21,-81],[-48,-46],[-22,15],[-16,54],[-30,27],[-58,18],[-27,23],[-70,11],[-29,44],[-8,110],[-78,109],[-164,51],[-40,-2],[-44,-49],[-41,-9],[-45,8],[-116,-19],[-38,2],[-25,46],[48,224],[35,84],[-1,47],[22,83],[26,160],[5,100],[-17,69],[-36,87],[-36,38],[-101,-19],[-15,54],[-34,36],[-58,36],[-48,59],[53,78],[16,84],[30,27],[30,53],[53,-5],[34,16],[23,64],[6,56],[22,12],[8,94],[-8,53],[41,3],[36,23],[82,-2],[142,43],[38,32],[45,77],[13,1],[42,-84],[26,-83],[-4,-88],[12,-31],[57,-10],[124,-61],[128,-24],[12,-28],[21,-112],[48,-100],[17,-76],[34,-21],[35,69],[-6,79],[70,46],[-67,6],[-52,31],[-64,112],[8,39],[-16,23],[-61,1],[-83,21],[-130,64],[-21,27],[38,118],[-1,71],[-20,41],[-70,56],[-41,7],[-52,-18],[-40,-37],[-38,-78],[-71,-51],[-119,-6],[-59,30],[-41,132],[-69,113],[-66,66],[-70,25],[-39,-17],[-61,10],[-30,-19],[-24,-45],[-69,18],[-93,-54],[-36,23],[-36,-10],[-22,37],[-18,70],[17,40],[-10,24],[123,64],[49,45],[64,34],[44,43],[28,61],[1,35],[27,52],[31,90],[28,130],[19,36],[47,31],[26,64],[30,-2],[17,-31],[45,5],[88,29],[46,29],[56,55],[28,-18],[41,9],[59,32],[17,27],[54,-5],[45,18],[64,75],[51,119],[102,349],[33,48],[29,-14],[-70,-216],[-6,-98],[18,-47],[32,-39],[61,-33],[61,12],[-84,55],[-15,55],[11,41],[69,112],[9,45],[-7,49],[-30,102],[-27,43],[6,37],[-14,60],[31,48],[14,44],[45,27],[123,35],[56,-22],[61,20],[106,-5],[34,-29],[75,26],[52,34],[77,14],[61,-16],[-1,29],[29,23],[186,83],[128,90],[102,57],[57,-11],[36,-58],[9,-44],[73,-81],[46,-73],[-1,-109],[19,-26],[4,-71],[34,-64],[31,-96],[-10,-21],[30,-72],[-4,-66],[32,-17],[91,-152],[11,-43],[116,-93],[39,-5],[21,-74],[38,-48],[-15,-46],[53,-3],[42,21],[29,-27],[57,-87],[-25,-80],[25,-66],[-7,-55],[47,-59],[-6,-61],[-52,-22],[-18,-25],[-13,-77],[-37,-70],[2,-48],[-22,-68],[-47,27],[-83,-65],[-67,-115],[40,-95],[5,-51],[-35,-33],[-24,-65],[-5,-50],[37,-29],[58,-87],[-2,-61],[77,-46],[17,-26],[92,-84],[33,-46],[8,-42],[38,2],[35,-25],[69,-26],[13,-64],[46,-11],[47,36],[72,5],[57,-26],[69,-76],[91,-64],[35,-35],[78,-100],[47,37],[73,-45],[57,-46],[24,-41],[-11,-122],[-23,-91],[-5,-47],[15,-70],[0,-64],[-14,-81],[-20,-29],[3,-91],[18,-55],[40,-19],[7,-72],[-22,-115],[-2,-49],[31,-65],[8,-45],[36,-68],[-9,-73],[164,-43],[49,4],[92,-44],[107,-75],[176,-97],[33,-60],[66,-10],[92,-26],[81,-11],[89,44],[59,-5],[58,19],[84,-32],[38,-44],[38,-93],[25,-37],[73,-36],[68,-9],[26,-18],[74,39],[38,-11],[63,-84],[-8,-87],[6,-54],[58,-69],[87,-41],[135,-29],[42,3],[46,37],[115,-111],[106,-75],[91,-83],[-4,-72],[-47,-84],[-34,-109],[-27,-21]],[[233933,412400],[19,40],[47,-10],[42,-77],[-61,-27],[-74,-18],[-36,6],[2,87],[48,23],[13,-24]],[[230755,418205],[-102,27],[-4,-43],[-89,-14],[-70,20],[-11,22],[16,45],[0,51],[-24,47],[0,34],[-41,45],[3,40],[56,6],[58,103],[-3,50],[11,74],[45,108],[71,9],[30,-9],[47,13],[2,40],[-45,38],[6,26],[41,29],[-36,44],[-38,17],[-20,59],[-86,88],[-36,77],[-28,22],[7,47],[-35,54],[-53,27],[-73,60],[-67,36],[-60,3],[-67,89],[-20,51],[-7,76],[32,120],[11,144],[28,79],[15,207],[13,60],[8,89],[14,47],[6,186],[-4,66],[16,27],[70,20],[138,-31],[37,4],[46,46],[78,1],[90,-85],[29,-14],[64,-66],[37,-49],[56,-52],[105,-74],[126,-139],[44,-30],[63,-63],[68,-109],[47,-52],[98,-142],[50,-52],[62,-88],[80,-76],[59,-72],[59,-59],[64,-45],[71,-67],[148,-86],[112,-57],[93,-38],[87,-21],[87,5],[65,15],[57,27],[-16,47],[42,54],[3,47],[32,38],[31,5],[45,-42],[108,-42],[128,-118],[63,-33],[83,-31],[87,-13],[35,-22],[14,-35],[85,-102],[-42,-52],[11,-116],[28,-111],[-54,-8],[-45,-29],[-59,-113],[-29,-3],[-39,-44],[8,-56],[-22,-8],[-76,18],[-85,-4],[-68,9],[-26,-16],[-27,-58],[31,-43],[-100,-60],[-5,-38],[-43,-66],[0,-113],[20,-125],[16,-62],[46,-73],[109,-94],[75,9],[23,-22],[50,-11],[15,-30],[54,18],[12,38],[28,17],[100,32],[35,36],[5,44],[33,23],[88,-20],[112,-2],[125,68],[9,43],[56,29],[64,16],[46,34],[30,70],[-31,60],[28,65],[-2,32],[118,96],[35,54],[5,35],[44,72],[10,-45],[75,-28],[-13,-102],[-39,-29],[2,-49],[21,-53],[-37,-7],[-4,-58],[52,-92],[-53,-5],[-21,-17],[-11,-45],[16,-53],[46,-99],[1,-52],[-41,-98],[63,-61],[35,-80],[52,-43],[92,-61],[-6,-31],[75,-76],[0,-39],[26,-51],[1,-72],[86,-79],[44,-14],[45,6],[72,70],[-20,-176],[-29,-39],[-34,-22],[-11,-56],[8,-34],[84,-97],[66,-91],[31,-29],[28,-70],[64,-11],[47,81],[-17,41],[-7,101],[63,32],[40,-13],[111,-61],[48,-20],[67,-11],[125,0],[59,-36],[-5,-135],[72,-88],[73,-4],[130,-82],[42,-41],[63,-24],[141,-19],[91,-85],[105,-125],[53,21],[-9,68],[-19,43],[-37,17],[-45,89],[-30,40],[-59,24],[-61,54],[-12,62],[-39,5],[-29,22],[-87,45],[-132,21],[-58,22],[-16,24],[7,154],[65,23],[6,43],[-97,55],[-55,-1],[-40,19],[-30,36],[11,90],[-18,59],[-44,41],[-72,29],[-66,-18],[-28,28],[-26,104],[-49,79],[-27,11],[-66,59],[-68,21],[-50,-36],[-56,29],[-35,-30],[-40,23],[-83,-49],[-44,63],[-5,125],[-24,24],[65,64],[19,49],[-19,33],[1,51],[62,61],[-8,34],[97,34],[115,-13],[62,6],[54,18],[45,-1],[54,34],[126,20],[100,24],[124,16],[64,30],[43,103],[104,1],[95,-10],[58,13],[54,-3],[63,17],[42,-9],[63,11],[143,12],[191,40],[110,46],[98,11],[33,19],[8,36],[154,83],[26,29],[5,52],[76,37],[62,63],[46,31],[44,8],[30,36],[-2,40],[31,65],[82,57],[22,24],[59,7],[81,-22],[44,0],[113,-41],[52,18],[36,-57],[93,-43],[65,-16],[109,-51],[44,-9],[134,-63],[248,-83],[77,-4],[37,-13],[-12,-57],[19,-43],[46,-42],[8,-65],[93,-35],[86,-20],[204,-16],[50,-49],[13,-42],[104,4],[157,134],[38,45],[45,82],[17,66],[-23,69],[-103,94],[-22,31],[20,68],[-24,39],[85,37],[73,13],[19,16],[75,2],[55,17],[70,74],[51,37],[128,17],[9,-38],[55,-2],[59,16],[-6,44],[-39,21],[74,59],[94,46],[114,97],[35,56],[15,88],[23,80],[-64,36],[39,59],[34,-2],[109,57],[62,-3],[36,-16],[107,-5],[67,35],[44,48],[24,-45],[44,-32],[48,-11],[23,-35],[81,-59],[12,-28],[1,-81],[-23,-21],[-7,-53],[20,-26],[84,-60],[7,-78],[-26,-103],[-29,-36],[-14,-113],[19,-41],[59,-55],[36,-21],[45,3],[-6,-83],[42,11],[12,-29],[85,-77],[43,41],[31,120],[68,99],[37,27],[73,-6],[29,-43],[-2,-39],[-29,-108],[-12,-98],[4,-104],[27,-30],[55,42],[-11,37],[0,74],[33,91],[5,35],[42,40],[33,56],[-27,81],[-60,47],[-42,3],[-61,30],[-58,2],[-68,-13],[-50,-37],[-34,36],[-1,75],[103,80],[59,87],[-30,38],[-5,47],[-25,19],[14,68],[-25,21],[26,46],[11,51],[-26,79],[5,30],[72,64],[9,51],[30,53],[-41,45],[20,44],[58,51],[59,-8],[12,35],[37,-2],[7,37],[46,14],[74,7],[90,-29],[35,10],[40,33],[86,44],[23,46],[19,90],[-1,115],[21,87],[108,31],[40,-11],[19,-35],[90,-55],[34,25],[4,62],[50,14],[24,-21],[20,-98],[33,1],[15,40],[47,29],[22,-92],[63,-31],[27,19],[32,-22],[-32,-80],[9,-19],[73,-55],[48,-17],[45,-43],[81,-151],[-10,-49],[-80,-32],[-40,-74],[-46,-60],[-38,-28],[-8,-100],[-11,-42],[-36,-58],[32,-51],[65,-44],[75,-27],[130,-1],[72,25],[13,73],[38,24],[9,68],[-15,39],[24,34],[72,24],[80,36],[29,24],[43,2],[82,-14],[42,-27],[38,-6],[27,-82],[29,-25],[58,0],[69,-19],[32,-26],[6,-85],[-14,-34],[-32,-18],[-15,-119],[22,-56],[65,-64],[51,-71],[59,36],[136,12],[60,53],[7,69],[28,56],[-40,46],[-29,80],[-26,35],[4,60],[59,67],[125,38],[16,-17],[69,-2],[170,-65],[34,-32],[63,-23],[9,-55],[38,-26],[6,-51],[-10,-53],[33,-66],[-6,-35],[-62,-58],[-46,7],[-51,-23],[-7,-115],[44,-88],[64,-39],[73,-6],[50,-15],[20,-51],[27,19],[31,-53],[107,-63],[34,-57],[-8,-42],[-38,-40],[-41,-15],[-38,-39],[5,-70],[27,-48],[30,-83],[67,-90],[87,-70],[11,-30],[-25,-43],[-69,-10],[-4,-88],[55,-94],[40,-25],[35,-41],[111,-41],[45,81],[28,22],[15,46],[89,52],[52,-4],[52,-29],[62,-107],[33,-31],[31,30],[53,25],[74,-33],[70,-64],[-3,-59],[54,-40],[31,-77],[48,-35],[-14,-45],[5,-62],[-56,-19],[46,-76],[-2,-56],[-16,-30],[35,-73],[4,-67],[69,-44],[-24,-91],[-46,-49],[-48,-21],[-37,-33],[-21,-45],[6,-42],[-42,-36],[-29,14],[-94,6],[-40,17],[-46,99],[-89,1],[-63,-21],[-38,-30],[-46,-63],[-70,-68],[-53,-102],[-51,-29],[-21,10],[-67,-50],[-80,-106],[-19,-63],[-38,-84],[-27,-14],[4,-35],[-20,-68],[3,-92],[-54,-156],[-14,-80],[18,-170],[47,-13],[66,-66],[-1,-85],[-29,-39],[-45,-18],[-43,6],[-3,-44],[31,-63],[41,-18],[91,20],[34,-20],[13,-42],[6,-87],[12,-56],[-17,-70],[-85,-56],[-72,25],[-34,-29],[-65,4],[-34,-12],[-77,11],[-31,60],[-97,1],[-36,-13],[-45,-40],[-126,29],[-38,91],[-89,107],[-55,23],[-21,26],[-31,-6],[-100,7],[-28,-12],[-74,18],[-62,60],[-30,-17],[19,-88],[-63,-78],[-50,-28],[-4,-48],[15,-25],[-20,-63],[-52,-88],[-39,-94],[-90,-193],[-86,-130],[-55,-66],[-61,-53],[1,-50],[-35,-93],[-44,-90],[-46,-71],[-98,-106],[-172,-143],[-45,-19],[-28,-63],[-118,-127],[-46,-18],[-8,-21],[-54,-34],[9,-50],[-56,-94],[-61,-67],[-38,42],[-29,-19],[-71,16],[-18,34],[-52,23],[-101,-7],[-71,-36],[-30,-27],[-75,-36],[-141,-144],[-81,-12],[-63,-52],[-104,-65],[-159,-125],[-38,-20],[-57,-65],[-51,-35],[-79,-82],[-36,-51],[-36,-5],[-87,-43],[-84,-58],[-90,-51],[-52,-19],[-87,1],[-47,-9],[-91,-83],[-27,2],[-139,-89],[-59,-11],[-91,-60],[-35,-31],[-80,-47],[-125,-43],[-30,1],[-39,-26],[-36,17],[-53,-3],[-43,-18],[-26,-57],[-64,-88],[-124,-118],[-49,-64],[-33,-27],[-105,-161],[-18,-51],[-38,-34],[-47,8],[-40,-17],[-106,16],[-74,-13],[-117,-50],[-14,-37],[-49,-58],[-50,-5],[-28,-44],[-88,-82],[-41,-14],[-4,-53],[-143,-169],[-56,-75],[-88,-78],[-47,-26],[-138,-47],[-49,4],[-73,-11],[-47,5],[-66,32],[-77,78],[36,1],[-71,79],[8,58],[-42,22],[-24,39],[-32,20],[-53,75],[-27,72],[-54,40],[-54,19],[-80,113],[-141,100],[-119,98],[-20,-16],[-214,190],[-81,48],[-34,30],[-125,58],[-87,-4],[-31,24],[-126,12],[-54,-33],[-85,15],[-86,36],[-128,28],[-62,-10],[-139,62],[-122,71],[-43,38],[-75,6],[-134,68],[-78,22],[-60,45],[-186,106],[-54,46],[-104,43],[-31,41],[-34,-3],[-173,50],[-69,-16],[-87,16],[-24,-8],[-70,20],[-61,30],[-29,86],[-71,37],[-32,47],[-16,138],[19,34],[76,82],[-21,21],[-56,-20],[-55,2],[-116,66],[-51,40],[-60,8],[-106,43],[-74,40],[-77,152],[-104,100],[-56,45],[-65,30],[-81,11],[-89,24],[-73,9],[-30,21],[-37,86],[-19,68],[-36,42],[-74,35],[-7,40],[29,83],[-26,9],[-63,-98],[-97,-63],[-13,92],[-17,26],[-27,89],[-145,145],[-66,7],[-21,19],[-66,2],[-72,-13],[-33,-46],[-74,-50],[-81,28],[-71,50],[-125,54],[-104,78],[-42,20],[-61,56],[-36,45],[-77,136],[-18,47],[-35,44],[-40,99],[-40,117],[10,201],[19,94],[-5,47],[50,59],[58,1],[19,28],[-38,47],[35,106],[51,101],[22,16],[-51,169],[-26,57],[-31,6],[-31,-32],[-27,11],[-29,83],[-39,43],[-29,-1],[-120,30],[-57,43],[-27,77],[-29,41],[-22,79],[-59,67],[-163,86],[-66,55],[-9,54],[39,254],[-5,51],[-44,84],[-14,74],[-61,45],[-55,3],[-32,49],[1,25],[37,58],[-5,63],[13,23],[5,69],[32,27],[-15,34],[38,70],[-25,46],[-65,39],[-33,58],[26,35],[-10,28],[-67,19],[-28,21],[47,103],[0,43],[-52,78],[-6,74],[-35,41],[0,116],[33,103]],[[234003,418771],[3,49],[55,2],[39,-43],[21,-65],[-44,-27],[-33,25],[-18,48],[-23,11]],[[215255,369633],[-24,54],[41,22],[-17,-76]],[[215246,369738],[-10,51],[38,-6],[-28,-45]],[[307040,387096],[-24,31],[-76,40],[-122,3],[-91,-23],[-19,-26],[-107,-61],[-68,-29],[-50,19],[-43,-43],[-24,-65],[27,-33],[64,-17],[40,-144],[49,-86],[-46,-72],[2,-49],[38,-50],[56,-17],[75,17],[17,-29],[-14,-57],[15,-36],[-20,-63],[-29,11],[-61,-12],[-67,5],[-43,-11],[-112,3],[-58,-21],[-58,-8],[-27,21],[-57,-8],[-141,79],[-36,38],[-7,41],[-90,59],[-35,65],[36,71],[94,121],[22,20],[45,136],[-19,77],[-49,90],[-40,30],[-32,109],[-1,72],[21,56],[-8,61],[-17,38],[-4,52],[36,71],[12,68],[53,44],[40,72],[34,1],[47,-89],[5,-52],[27,-41],[46,-31],[96,42],[1,-96],[95,-61],[54,6],[85,-4],[52,-42],[66,5],[76,16],[47,30],[57,56],[27,73],[-12,35],[-86,74],[-6,28],[37,23],[57,81],[-16,59],[-47,25],[16,86],[20,26],[80,5],[33,34],[38,62],[0,58],[-27,26],[7,58],[44,69],[-114,22],[-6,23],[81,16],[24,44],[37,-6],[49,21],[38,55],[165,38],[46,-19],[61,23],[60,-15],[81,-45],[38,-5],[19,-29],[42,31],[40,2],[31,-37],[-10,-40],[94,-39],[34,23],[21,-27],[-23,-34],[16,-36],[-25,-26],[5,-77],[-19,-24],[15,-31],[37,5],[39,-29],[49,13],[38,28],[52,-6],[-12,-35],[52,-74],[11,-39],[45,-19],[40,20],[53,-9],[80,-31],[46,-9],[4,-69],[-10,-45],[24,-60],[-6,-28],[42,-81],[65,-64],[-18,-28],[-47,-18],[-81,23],[-93,-54],[-49,31],[-48,-1],[-72,21],[-64,-8],[-49,-30],[-109,-102],[-16,-23],[-9,-66],[24,-56],[44,-19],[44,1],[65,34],[122,16],[-10,-106],[15,-39],[-19,-28],[45,-161],[35,-48],[28,7],[25,-28],[-59,-61],[-61,-1],[-40,14],[-5,41],[-53,15],[-37,42],[-26,6],[-40,-22],[17,-153],[-32,-32],[17,-46],[3,-57],[-52,-94],[-24,-86],[12,-83],[-8,-57],[-70,-3],[-60,-65],[15,-39],[-3,-45],[37,-30],[-25,-57],[-77,42],[-33,5],[-75,-16],[-40,-26],[-73,-18],[-48,-1],[-75,-24],[-19,-34],[-108,-12],[-63,24],[-25,33],[-1,59],[23,17],[55,82],[47,112],[39,49],[5,43],[-24,37],[-1,47],[-32,23],[-8,56],[-27,28],[-77,51],[5,21],[-61,34],[-67,92],[40,70],[-35,83],[12,106],[25,14]],[[307992,386300],[51,-47],[-26,-24],[-25,71]],[[312055,386980],[-9,51],[7,60],[67,-6],[27,-27],[-33,-98],[-46,-29],[-13,49]],[[219667,369095],[19,118],[48,1],[1,-32],[-36,-33],[-32,-54]],[[214937,369298],[-7,44],[123,179],[43,-23],[-17,-27],[-35,-102],[-81,-84],[-26,13]],[[290254,408570],[11,-31],[-41,-24],[-22,-77],[5,-41],[-48,-96],[-96,-83],[-75,-23],[-80,44],[-83,57],[-109,39],[-101,11],[-43,28],[24,78],[-16,41],[-47,53],[-20,39],[33,62],[-8,149],[-34,93],[39,143],[-2,58],[-56,60],[-82,44],[-59,82],[-54,104],[3,38],[29,23],[65,15],[82,-73],[90,-35],[62,-84],[63,-47],[86,-40],[200,-15],[120,-27],[147,-115],[29,-59],[19,-10],[59,-93],[32,-35],[-8,-75],[11,-33],[-55,-27],[-25,-42],[-15,-71],[-30,-5]],[[299246,377655],[20,91],[-9,66],[10,23],[79,-13],[78,5],[131,33],[35,-23],[33,-44],[4,-34],[-26,-23],[-17,-44],[-99,-67],[-34,-79],[-65,-71],[-54,24],[-51,89],[-3,34],[-32,33]],[[301010,380449],[-3,-39],[-26,-53],[-65,50],[6,20],[88,22]],[[313215,380144],[-34,57],[23,29],[21,-69],[-10,-17]],[[314950,382900],[-14,22],[54,52],[-3,-97],[-37,23]],[[317147,381308],[22,24],[62,-61],[-29,-39],[-60,-4],[-10,61],[15,19]],[[311084,387821],[44,-36],[45,-11],[93,23],[40,24],[30,55],[-7,64],[-34,26],[-64,98],[65,-23],[40,-28],[40,13],[65,2],[35,-30],[16,-64],[-17,-61],[18,-34],[59,-44],[0,-110],[34,-54],[-5,-21],[30,-68],[-14,-61],[-63,-62],[-21,-42],[42,-21],[19,-61],[4,-71],[51,-16],[17,-54],[-6,-64],[-49,-12],[-74,-81],[-95,-66],[-69,-74],[-33,8],[-51,69],[-62,-4],[-23,-19],[-110,77],[-48,82],[-6,80],[-16,67],[-38,61],[-39,35],[-83,40],[-51,6],[-63,39],[-33,35],[-34,76],[-6,49],[34,99],[44,54],[-2,70],[163,13],[29,25],[54,7],[50,25],[55,-30]],[[311518,388055],[2,68],[-27,29],[14,40],[65,16],[-1,-50],[15,-24],[-68,-79]],[[316729,388474],[14,44],[-23,19],[46,40],[105,-49],[-62,-17],[-26,-35],[-54,-2]],[[305441,391319],[-3,57],[24,5],[26,-45],[-47,-17]],[[307705,391163],[13,49],[0,77],[-15,36],[-51,42],[43,47],[92,28],[5,-54],[41,-25],[24,-44],[37,-29],[28,18],[39,-51],[43,-36],[67,-16],[36,-73],[-8,-35],[-57,-47],[-33,21],[-5,42],[-100,36],[-32,23],[-35,47],[-54,-5],[-39,-36],[16,-47],[-37,-12],[-18,44]],[[304403,413677],[20,36],[-20,44],[-5,51],[-42,-25],[-13,-53],[-70,-55],[-43,8],[-137,98],[-44,4],[-49,22],[-39,3],[-43,54],[-39,13],[-27,41],[-14,59],[5,42],[36,91],[6,34],[114,117],[56,2],[44,19],[108,77],[90,34],[36,28],[122,52],[22,2],[93,50],[50,5],[33,29],[74,41],[84,63],[25,8],[33,-63],[83,-42],[64,1],[111,38],[100,-87],[3,-37],[-53,-2],[-83,-91],[-5,-38],[-40,2],[-45,-48],[-87,-113],[-17,-51],[6,-37],[-16,-45],[-74,-1],[-41,-27],[-61,-60],[-47,-77],[-49,-35],[-45,-69],[-42,-38],[-36,-76],[2,-18],[-90,-37],[-4,57]],[[308639,415199],[8,65],[-67,-27],[-60,16],[-97,10],[-4,68],[-15,51],[-1,49],[32,-2],[45,30],[79,25],[22,30],[38,-18],[68,-68],[75,-91],[48,4],[24,30],[63,16],[62,-69],[32,18],[-2,44],[-23,50],[35,28],[100,3],[1,35],[-60,70],[11,47],[32,38],[39,-7],[113,44],[-9,58],[27,44],[55,-13],[55,-60],[51,-113],[-39,-63],[21,-14],[5,-52],[-24,-48],[109,-52],[-14,-33],[-51,-49],[-21,-36],[-84,-78],[-57,9],[2,46],[-64,10],[-51,-21],[-30,-53],[-35,-15],[-53,-47],[-34,2],[-41,-25],[-17,-49],[33,-83],[-37,-30],[-41,-54],[-36,0],[19,49],[-26,26],[-59,11],[-30,-20],[-74,-15],[-44,-46],[-15,-34],[-66,-32],[-15,-42],[-79,-46],[-22,-68],[-36,11],[-48,40],[-11,62],[-32,72],[6,45],[-64,21],[-53,-41],[-50,18],[-48,58],[-28,-5],[-21,-37],[-97,-13],[-15,-42],[-59,-89],[26,-13],[32,28],[32,-12],[16,39],[40,31],[33,-1],[39,-36],[-20,-32],[7,-95],[-30,-70],[-46,5],[3,-93],[-5,-90],[-41,-54],[-41,-4],[-47,33],[-52,-17],[-149,-11],[-67,-24],[-31,-33],[-58,1],[32,45],[-43,51],[34,46],[-46,44],[-65,-6],[-10,-35],[-71,-39],[-26,0],[30,-81],[-50,-18],[2,-34],[34,-32],[-26,-28],[-41,2],[-42,30],[-14,56],[-58,-17],[-22,-76],[-116,-30],[-72,-96],[-42,-23],[-24,-40],[-91,-34],[-52,-43],[-40,18],[-22,-13],[-68,5],[7,64],[-12,51],[15,47],[33,4],[17,33],[33,-37],[56,3],[30,30],[66,-13],[19,73],[-48,91],[-34,2],[-8,77],[-35,15],[-30,36],[30,38],[-9,58],[-58,2],[-11,39],[65,75],[47,-33],[4,-31],[41,-1],[21,-22],[54,11],[37,-9],[37,14],[51,-2],[83,-57],[34,9],[3,-46],[50,-24],[51,0],[-27,82],[22,70],[83,-16],[17,36],[54,-5],[39,13],[20,-48],[80,-6],[14,69],[-49,52],[58,40],[-14,60],[-78,61],[-28,5],[-14,41],[22,29],[107,-64],[93,13],[56,33],[0,46],[34,71],[-28,56],[-62,68],[47,36],[39,10],[17,49],[52,3],[21,33],[-14,46],[67,39],[75,123],[29,31],[57,-17],[-26,-95],[36,-49],[50,6],[41,50],[48,-39],[3,-43],[24,-49],[-11,-52],[-36,-49],[30,-60],[61,10],[33,-48],[42,9],[13,45],[51,-44],[66,64],[66,-34],[89,-3],[56,-22],[-14,49],[-33,41]],[[311065,417585],[27,15],[-7,39],[-50,33],[23,34],[4,45],[32,15],[8,33],[-38,35],[14,30],[72,-18],[33,-26],[96,7],[66,54],[17,81],[70,12],[92,102],[18,118],[39,10],[16,-39],[96,12],[49,42],[12,59],[59,28],[6,48],[-62,50],[-1,26],[37,35],[53,20],[13,-42],[29,-24],[34,3],[84,67],[9,46],[-12,72],[72,-9],[49,42],[49,97],[-22,25],[-4,54],[-32,15],[16,59],[56,137],[21,16],[-2,43],[28,42],[4,67],[19,19],[-9,44],[-24,31],[42,25],[150,170],[101,177],[10,53],[69,26],[30,26],[66,85],[57,114],[-26,62],[22,35],[-30,71],[15,73],[36,51],[45,-70],[47,-15],[49,1],[97,37],[23,75],[51,56],[24,53],[-7,21],[18,55],[56,54],[88,16],[22,-15],[7,-69],[54,-34],[30,-51],[78,9],[78,45],[42,-5],[80,71],[-3,72],[71,93],[32,-10],[36,33],[46,71],[-16,29],[6,42],[-30,33],[0,66],[-12,25],[-52,-11],[-22,40],[69,-1],[28,29],[7,37],[-18,59],[-34,24],[36,36],[-11,38],[31,28],[21,46],[-7,31],[-87,7],[-72,40],[38,12],[91,-2],[126,-55],[34,3],[24,31],[47,111],[6,54],[-103,82],[29,36],[-21,38],[-33,4],[-51,-35],[-56,-13],[-30,11],[13,57],[-9,52],[41,-11],[39,20],[41,-21],[32,8],[83,-47],[10,-38],[65,4],[55,64],[8,115],[24,40],[64,46],[-2,46],[-26,47],[3,88],[-43,36],[-36,-19],[-64,37],[-24,53],[-113,-18],[-4,27],[46,33],[43,60],[12,52],[83,17],[47,1],[31,-36],[12,-60],[31,-12],[39,50],[73,-19],[-13,68],[-19,15],[-16,53],[-30,58],[96,84],[28,-9],[26,-36],[23,52],[39,-9],[41,42],[91,-56],[20,-60],[-48,-101],[-75,-52],[-14,-86],[-45,-74],[-4,-58],[-22,-59],[-52,-95],[30,-91],[-41,-99],[-26,-125],[-60,-24],[-21,-95],[-21,-41],[-2,-49],[-25,-34],[4,-60],[26,-56],[-17,-67],[-38,-61],[-35,-23],[-35,-49],[-28,-66],[-41,-42],[2,-86],[-30,-44],[-5,-127],[-26,-63],[-39,-34],[20,-34],[-2,-47],[47,-69],[-3,-82],[-109,-12],[-35,-63],[11,-44],[-5,-49],[-43,-56],[-24,22],[-109,-66],[-17,-48],[-58,24],[-54,40],[-57,-22],[4,-43],[-93,-2],[-41,-16],[7,-32],[-73,-25],[38,-32],[54,-22],[-8,-71],[17,-46],[54,-25],[42,-74],[30,-35],[-50,-7],[-5,32],[-34,18],[-100,-30],[-13,-44],[-52,-70],[16,-62],[-45,-41],[-95,56],[-89,-50],[-14,-114],[-28,-43],[11,-52],[-39,-34],[-50,9],[-91,46],[-17,-24],[-62,-39],[13,-40],[47,-69],[27,-12],[-2,-44],[-62,-22],[-73,-81],[24,-33],[40,2],[14,-25],[-1,-62],[-73,0],[26,-58],[-1,-66],[-17,-85],[-36,-25],[-69,28],[-45,-85],[-53,-21],[-8,-39],[-53,-72],[-60,-26],[16,-58],[-5,-87],[-31,-29],[-35,3],[-15,-40],[4,-98],[-25,-35],[-38,-19],[-21,-47],[16,-26],[-35,-26],[-52,-11],[-51,-53],[-84,-32],[-31,-32],[6,-37],[-52,-35],[-58,-1],[-1,-121],[-58,-35],[-24,-67],[-71,-60],[-24,-30],[-59,-27],[-81,-6],[46,-68],[-40,-64],[-6,-53],[-48,-39],[-105,-26],[-55,5],[-5,78],[34,5],[11,47],[-51,46],[-76,-20],[-18,-28],[-38,-6],[-79,-41],[-24,-36],[-60,-5],[1,-56],[-16,-50],[7,-39],[41,9],[-6,-51],[-45,-3],[-61,-60],[-50,29],[-85,33],[-21,54],[-32,19],[-56,0],[-9,23],[58,16],[72,44],[54,56],[86,26],[35,40],[-26,26],[17,78],[58,6],[4,70],[-52,104]],[[317268,380988],[-39,56],[47,16],[39,-54],[-47,-18]],[[313267,388491],[-2,70],[-33,44],[55,34],[163,-26],[52,-42],[-32,-30],[22,-29],[-4,-40],[-62,-89],[12,-47],[-159,-90],[3,35],[-51,32],[-2,66],[79,113],[-41,-1]],[[309345,386205],[-96,16],[-79,-8],[-40,-16],[-36,-34],[-33,23],[-107,-10],[-24,11],[3,38],[-23,21],[25,64],[35,28],[74,103],[23,19],[50,7],[37,36],[12,35],[-1,68],[50,26],[31,-1],[102,-28],[33,-46],[-1,-38],[46,-97],[-24,-109],[-25,-54],[3,-35],[-35,-19]],[[309771,388947],[-32,29],[32,77],[50,12],[45,-19],[71,-10],[79,12],[19,-67],[4,-73],[-46,-7],[-45,18],[-127,7],[-50,21]],[[312129,388513],[31,37],[-1,35],[81,56],[67,4],[35,-27],[113,-18],[-30,-59],[-40,-34],[-26,6],[-43,-23],[-11,-26],[-70,0],[-38,-20],[-93,19],[25,50]],[[312443,388441],[77,109],[33,-42],[-53,-19],[-23,-45],[-34,-3]],[[238962,409251],[-175,24],[-46,-3],[-76,29],[-51,-4],[-44,16],[-8,26],[55,52],[38,20],[45,61],[73,16],[69,48],[58,2],[65,18],[89,35],[103,-10],[53,29],[48,-23],[46,1],[65,-23],[20,-47],[-6,-35],[-30,-27],[19,-36],[-72,-59],[-80,-35],[-23,1],[-70,-32],[-165,-44]],[[230102,401371],[-28,50],[0,39],[114,-54],[37,-32],[-15,-52],[-20,-5],[-88,54]],[[230355,401716],[-21,-25],[-76,0],[-50,10],[15,84],[-43,37],[-15,119],[36,12],[55,51],[59,32],[52,-19],[61,11],[68,-49],[32,-9],[12,-48],[30,-12],[-22,-45],[21,-38],[-109,-118],[-34,-16],[-66,-2],[-5,25]],[[230540,402284],[-34,77],[3,59],[46,55],[73,25],[79,-16],[36,-24],[30,-70],[52,-59],[-16,-58],[-63,-24],[-103,-22],[-103,57]],[[231354,401842],[-9,44],[36,44],[59,-73],[11,-70],[-32,-27],[-42,6],[-23,76]],[[233589,401111],[-35,33],[2,26],[41,53],[38,-50],[-2,-33],[-44,-29]],[[225597,394818],[-12,125],[10,229],[-5,76],[-29,227],[1,138],[40,37],[52,-61],[14,-101],[-37,-114],[-16,-91],[11,-48],[44,-42],[21,-41],[46,-41],[59,-24],[90,1],[129,55],[86,-21],[76,-57],[27,-37],[81,-72],[45,-81],[0,-40],[-29,-73],[-62,-32],[-57,14],[-36,25],[-92,28],[-70,1],[-87,-29],[-15,-49],[-135,43],[-121,-5],[-29,60]],[[232173,402651],[49,-40],[16,-45],[-59,-28],[-24,-74],[30,-52],[-13,-33],[-49,25],[-53,-30],[-43,-78],[-51,-125],[0,-50],[15,-32],[72,-28],[28,-73],[-12,-52],[53,-60],[16,-47],[-15,-125],[39,-66],[0,-38],[29,-35],[129,-74],[12,-56],[-7,-57],[16,-25],[51,-16],[27,-51],[52,-51],[13,-30],[-21,-34],[-16,-73],[-2,-55],[56,-87],[11,-52],[-9,-54],[-52,-16],[-77,6],[-110,94],[-29,73],[3,60],[16,56],[30,36],[-8,105],[-30,56],[-15,63],[21,40],[-8,32],[-48,34],[-31,53],[-36,29],[-104,10],[-18,33],[-90,52],[-46,114],[-50,26],[9,35],[-18,51],[-48,35],[-18,56],[32,19],[12,74],[26,62],[36,36],[8,126],[-28,71],[-21,5],[-50,61],[-35,23],[0,47],[29,19],[45,-36],[143,63],[91,34],[35,29],[-5,84],[69,43],[7,35],[52,-60],[-23,-26],[-6,-41]],[[230675,402147],[43,16],[10,-32],[-35,-53],[-51,-20],[-114,28],[-69,27],[-30,32],[-9,76],[70,22],[70,-17],[63,-37],[52,-42]],[[226469,394438],[50,142],[55,25],[97,-14],[26,-48],[-24,-55],[61,-49],[3,-45],[-17,-38],[20,-56],[48,-74],[-19,-28],[-68,6],[-81,32],[-23,44],[-38,11],[-61,48],[-29,99]],[[230745,402477],[-60,72],[11,64],[65,66],[129,45],[82,-34],[50,-61],[19,-77],[30,-38],[-46,-43],[-41,-8],[-43,-57],[-79,-47],[-34,0],[-38,29],[-45,89]],[[231049,403234],[-38,29],[33,50],[64,64],[43,-56],[-40,-55],[-62,-32]],[[230867,403044],[-8,17],[31,54],[21,-32],[-17,-35],[-27,-4]],[[221290,373753],[-59,51],[-134,90],[-95,79],[-6,64],[38,16],[101,-35],[32,0],[134,-27],[52,-4],[95,-30],[133,-64],[112,-60],[73,-22],[39,-29],[-17,-62],[-43,-29],[-69,-22],[-91,-5],[-79,6],[-149,42],[-67,41]]],"transform":{"scale":[0.00007579159265677462,0.00007741481781159096],"translate":[112.92113459,-43.74036459]},"objects":{"australia_states_2026":{"type":"GeometryCollection","geometries":[{"arcs":[[[0]],[[1]],[[2]],[[3]],[[4]],[[5]],[[6,7,8,9,10],[11]],[[12]],[[13]],[[14]],[[15]],[[16]],[[17]],[[18]],[[19]],[[20]]],"type":"MultiPolygon","properties":{"STATE_CODE_2026":"1","STATE_NAME_2026":"New South Wales","AREA_ALBERS_SQKM":800797.7073}},{"arcs":[[[21,-8,22]],[[23]],[[24]],[[25]],[[26]],[[27]],[[28]],[[29]],[[30]],[[31]],[[32]],[[33]],[[34]],[[35]],[[36]],[[37]],[[38]],[[39]],[[40]],[[41]],[[42]],[[43]],[[44]],[[45]],[[46]],[[47]],[[48]],[[49]],[[50]],[[51]],[[52]],[[53]],[[54]],[[55]],[[56]],[[57]],[[58]]],"type":"MultiPolygon","properties":{"STATE_CODE_2026":"2","STATE_NAME_2026":"Victoria","AREA_ALBERS_SQKM":227496.2547}},{"arcs":[[[-10,59,60,61,62]],[[63]],[[64]],[[65]],[[66]],[[67]],[[68]],[[69]],[[70]],[[71]],[[72]],[[73]],[[74]],[[75]],[[76]],[[77]],[[78]],[[79]],[[80]],[[81]],[[82]],[[83]],[[84]],[[85]],[[86]],[[87]],[[88]],[[89]],[[90]],[[91]],[[92]],[[93]],[[94]],[[95]],[[96]],[[97]],[[98]],[[99]],[[100]],[[101]],[[102]],[[103]],[[104]],[[105]],[[106]],[[107]],[[108]],[[109]],[[110]],[[111]],[[112]],[[113]],[[114]],[[115]],[[116]],[[117]],[[118]],[[119]],[[120]],[[121]],[[122]],[[123]],[[124]],[[125]],[[126]],[[127]],[[128]],[[129]],[[130]],[[131]],[[132]],[[133]],[[134]],[[135]],[[136]],[[137]],[[138]],[[139]],[[140]],[[141]],[[142]],[[143]],[[144]],[[145]],[[146]],[[147]],[[148]],[[149]],[[150]],[[151]],[[152]],[[153]],[[154]],[[155]],[[156]],[[157]],[[158]],[[159]],[[160]],[[161]],[[162]],[[163]],[[164]],[[165]],[[166]],[[167]],[[168]],[[169]],[[170]],[[171]],[[172]],[[173]],[[174]],[[175]],[[176]],[[177]],[[178]],[[179]],[[180]],[[181]],[[182]],[[183]],[[184]],[[185]],[[186]],[[187]],[[188]],[[189]],[[190]],[[191]],[[192]],[[193]],[[194]],[[195]],[[196]],[[197]],[[198]],[[199]],[[200]],[[201]],[[202]],[[203]],[[204]],[[205]],[[206]],[[207]],[[208]],[[209]],[[210]],[[211]],[[212]],[[213]],[[214]],[[215]],[[216]],[[217]],[[218]],[[219]],[[220]],[[221]],[[222]],[[223]],[[224]],[[225]],[[226]],[[227]],[[228]],[[229]],[[230]],[[231]],[[232]],[[233]],[[234]],[[235]],[[236]],[[237]],[[238]],[[239]],[[240]],[[241]],[[242]],[[243]],[[244]],[[245]],[[246]],[[247]],[[248]],[[249]],[[250]],[[251]],[[252]],[[253]],[[254]],[[255]],[[256]],[[257]],[[258]],[[259]],[[260]],[[261]],[[262]],[[263]],[[264]],[[265]],[[266]],[[267]],[[268]],[[269]],[[270]],[[271]],[[272]],[[273]],[[274]],[[275]],[[276]],[[277]],[[278]],[[279]],[[280]],[[281]],[[282]],[[283]],[[284]],[[285]],[[286]],[[287]],[[288]],[[289]],[[290]],[[291]],[[292]],[[293]],[[294]],[[295]],[[296]],[[297]],[[298]],[[299]],[[300]],[[301]],[[302]],[[303]],[[304]],[[305]],[[306]],[[307]],[[308]],[[309]],[[310]],[[311]],[[312]],[[313]],[[314]],[[315]],[[316]],[[317]],[[318]],[[319]],[[320]],[[321]],[[322]],[[323]],[[324]],[[325]],[[326]],[[327]],[[328]],[[329]],[[330]],[[331]],[[332]],[[333]],[[334]],[[335]],[[336]],[[337]],[[338]],[[339]],[[340]],[[341]],[[342]],[[343]],[[344]],[[345]],[[346]],[[347]],[[348]],[[349]],[[350]],[[351]],[[352]],[[353]],[[354]],[[355]],[[356]],[[357]],[[358]],[[359]],[[360]],[[361]],[[362]],[[363]],[[364]],[[365]],[[366]],[[367]],[[368]],[[369]],[[370]],[[371]],[[372]],[[373]],[[374]],[[375]],[[376]],[[377]],[[378]],[[379]],[[380]],[[381]],[[382]],[[383]],[[384]],[[385]],[[386]],[[387]],[[388]],[[389]],[[390]],[[391]],[[392]],[[393]],[[394]],[[395]],[[396]],[[397]],[[398]],[[399]],[[400]],[[401]],[[402]],[[403]],[[404]],[[405]],[[406]],[[407]],[[408]],[[409]],[[410]],[[411]],[[412]],[[413]],[[414]],[[415]],[[416]],[[417]],[[418]],[[419]],[[420]],[[421]],[[422]],[[423]],[[424]],[[425]],[[426]],[[427]],[[428]],[[429]],[[430]],[[431]],[[432]],[[433]],[[434]],[[435]],[[436]],[[437]],[[438]],[[439]],[[440]],[[441]],[[442]],[[443]],[[444]],[[445]],[[446]],[[447]],[[448]],[[449]],[[450]],[[451]],[[452]],[[453]],[[454]],[[455]],[[456]],[[457]],[[458]],[[459]],[[460]],[[461]],[[462]],[[463]],[[464]],[[465]],[[466]],[[467]],[[468]],[[469]],[[470]],[[471]],[[472]],[[473]],[[474]],[[475]],[[476]],[[477]],[[478]],[[479]],[[480]],[[481]],[[482]],[[483]],[[484]],[[485]],[[486]],[[487]],[[488]],[[489]],[[490]],[[491]],[[492]],[[493]],[[494]],[[495]],[[496]],[[497]],[[498]],[[499]]],"type":"MultiPolygon","properties":{"STATE_CODE_2026":"3","STATE_NAME_2026":"Queensland","AREA_ALBERS_SQKM":1730173.1675}},{"arcs":[[[500,501,-60,-9,-22,502]],[[503]],[[504]],[[505]],[[506]],[[507]],[[508]],[[509]],[[510]],[[511]],[[512]],[[513]],[[514]],[[515]],[[516]],[[517]],[[518]],[[519]],[[520]],[[521]],[[522]],[[523]],[[524]],[[525]],[[526]],[[527]],[[528]],[[529]],[[530]],[[531]],[[532]],[[533]],[[534]],[[535]],[[536]],[[537]],[[538]],[[539]],[[540]],[[541]],[[542]],[[543]],[[544]],[[545]],[[546]],[[547]],[[548]],[[549]],[[550]],[[551]],[[552]],[[553]],[[554]],[[555]],[[556]],[[557]],[[558]],[[559]],[[560]],[[561]],[[562]],[[563]],[[564]],[[565]],[[566]],[[567]],[[568]],[[569]],[[570]],[[571]],[[572]],[[573]],[[574]],[[575]],[[576]]],"type":"MultiPolygon","properties":{"STATE_CODE_2026":"4","STATE_NAME_2026":"South Australia","AREA_ALBERS_SQKM":984229.3082}},{"arcs":[[[577,-501,578]],[[579]],[[580]],[[581]],[[582]],[[583]],[[584]],[[585]],[[586]],[[587]],[[588]],[[589]],[[590]],[[591]],[[592]],[[593]],[[594]],[[595]],[[596]],[[597]],[[598]],[[599]],[[600]],[[601]],[[602]],[[603]],[[604]],[[605]],[[606]],[[607]],[[608]],[[609]],[[610]],[[611]],[[612]],[[613]],[[614]],[[615]],[[616]],[[617]],[[618]],[[619]],[[620]],[[621]],[[622]],[[623]],[[624]],[[625]],[[626]],[[627]],[[628]],[[629]],[[630]],[[631]],[[632]],[[633]],[[634]],[[635]],[[636]],[[637]],[[638]],[[639]],[[640]],[[641]],[[642]],[[643]],[[644]],[[645]],[[646]],[[647]],[[648]],[[649]],[[650]],[[651]],[[652]],[[653]],[[654]],[[655]],[[656]],[[657]],[[658]],[[659]],[[660]],[[661]],[[662]],[[663]],[[664]],[[665]],[[666]],[[667]],[[668]],[[669]],[[670]],[[671]],[[672]],[[673]],[[674]],[[675]],[[676]],[[677]],[[678]],[[679]],[[680]],[[681]],[[682]],[[683]],[[684]],[[685]],[[686]],[[687]],[[688]],[[689]],[[690]],[[691]],[[692]],[[693]],[[694]],[[695]],[[696]],[[697]],[[698]],[[699]],[[700]],[[701]],[[702]],[[703]],[[704]],[[705]],[[706]],[[707]],[[708]],[[709]],[[710]],[[711]],[[712]],[[713]],[[714]],[[715]],[[716]],[[717]],[[718]],[[719]],[[720]],[[721]],[[722]],[[723]],[[724]],[[725]],[[726]],[[727]],[[728]],[[729]],[[730]],[[731]],[[732]],[[733]],[[734]],[[735]],[[736]],[[737]],[[738]],[[739]],[[740]],[[741]],[[742]],[[743]],[[744]],[[745]],[[746]],[[747]],[[748]],[[749]],[[750]],[[751]],[[752]],[[753]],[[754]],[[755]],[[756]],[[757]],[[758]],[[759]],[[760]],[[761]],[[762]],[[763]],[[764]],[[765]],[[766]],[[767]],[[768]],[[769]],[[770]],[[771]],[[772]],[[773]],[[774]],[[775]],[[776]],[[777]],[[778]],[[779]],[[780]],[[781]],[[782]],[[783]],[[784]],[[785]],[[786]],[[787]],[[788]],[[789]],[[790]],[[791]],[[792]],[[793]],[[794]],[[795]],[[796]],[[797]],[[798]],[[799]],[[800]],[[801]],[[802]],[[803]],[[804]],[[805]],[[806]],[[807]],[[808]],[[809]],[[810]],[[811]],[[812]],[[813]],[[814]],[[815]],[[816]],[[817]],[[818]],[[819]],[[820]],[[821]],[[822]],[[823]],[[824]],[[825]],[[826]],[[827]],[[828]],[[829]],[[830]],[[831]],[[832]],[[833]],[[834]],[[835]],[[836]],[[837]],[[838]],[[839]],[[840]],[[841]],[[842]],[[843]],[[844]],[[845]],[[846]],[[847]],[[848]],[[849]],[[850]],[[851]],[[852]],[[853]],[[854]],[[855]],[[856]],[[857]],[[858]],[[859]],[[860]],[[861]],[[862]],[[863]],[[864]],[[865]],[[866]],[[867]],[[868]],[[869]],[[870]],[[871]],[[872]],[[873]],[[874]],[[875]],[[876]],[[877]],[[878]],[[879]],[[880]],[[881]],[[882]],[[883]],[[884]],[[885]],[[886]],[[887]],[[888]],[[889]],[[890]],[[891]],[[892]],[[893]],[[894]],[[895]],[[896]],[[897]],[[898]],[[899]],[[900]],[[901]],[[902]],[[903]],[[904]],[[905]],[[906]],[[907]],[[908]],[[909]],[[910]],[[911]],[[912]],[[913]],[[914]],[[915]],[[916]],[[917]],[[918]],[[919]],[[920]],[[921]],[[922]],[[923]],[[924]],[[925]],[[926]],[[927]],[[928]],[[929]],[[930]],[[931]],[[932]],[[933]],[[934]],[[935]],[[936]],[[937]],[[938]],[[939]],[[940]],[[941]],[[942]],[[943]],[[944]],[[945]],[[946]],[[947]],[[948]],[[949]],[[950]],[[951]],[[952]],[[953]],[[954]],[[955]],[[956]],[[957]],[[958]],[[959]],[[960]],[[961]],[[962]],[[963]],[[964]],[[965]],[[966]],[[967]],[[968]],[[969]],[[970]],[[971]],[[972]],[[973]],[[974]],[[975]],[[976]],[[977]],[[978]],[[979]],[[980]],[[981]],[[982]],[[983]],[[984]],[[985]],[[986]],[[987]],[[988]],[[989]],[[990]],[[991]],[[992]],[[993]],[[994]],[[995]],[[996]],[[997]],[[998]],[[999]],[[1000]],[[1001]],[[1002]],[[1003]],[[1004]],[[1005]],[[1006]],[[1007]],[[1008]],[[1009]],[[1010]],[[1011]],[[1012]],[[1013]],[[1014]],[[1015]],[[1016]],[[1017]],[[1018]],[[1019]],[[1020]],[[1021]],[[1022]],[[1023]],[[1024]],[[1025]],[[1026]],[[1027]],[[1028]],[[1029]],[[1030]],[[1031]],[[1032]],[[1033]],[[1034]],[[1035]],[[1036]],[[1037]],[[1038]],[[1039]],[[1040]],[[1041]],[[1042]],[[1043]],[[1044]],[[1045]],[[1046]],[[1047]],[[1048]],[[1049]],[[1050]],[[1051]],[[1052]],[[1053]],[[1054]],[[1055]],[[1056]],[[1057]],[[1058]],[[1059]],[[1060]],[[1061]],[[1062]],[[1063]],[[1064]],[[1065]],[[1066]],[[1067]],[[1068]],[[1069]],[[1070]],[[1071]],[[1072]],[[1073]],[[1074]],[[1075]],[[1076]],[[1077]],[[1078]],[[1079]],[[1080]],[[1081]],[[1082]],[[1083]],[[1084]],[[1085]],[[1086]],[[1087]],[[1088]],[[1089]],[[1090]],[[1091]],[[1092]],[[1093]],[[1094]],[[1095]],[[1096]],[[1097]],[[1098]],[[1099]],[[1100]],[[1101]],[[1102]],[[1103]],[[1104]],[[1105]],[[1106]],[[1107]],[[1108]],[[1109]],[[1110]],[[1111]],[[1112]],[[1113]],[[1114]],[[1115]],[[1116]],[[1117]],[[1118]],[[1119]],[[1120]],[[1121]],[[1122]],[[1123]],[[1124]],[[1125]],[[1126]],[[1127]],[[1128]],[[1129]],[[1130]],[[1131]],[[1132]],[[1133]],[[1134]],[[1135]],[[1136]],[[1137]],[[1138]],[[1139]],[[1140]],[[1141]],[[1142]],[[1143]],[[1144]],[[1145]],[[1146]],[[1147]],[[1148]],[[1149]],[[1150]],[[1151]],[[1152]],[[1153]],[[1154]],[[1155]],[[1156]],[[1157]],[[1158]],[[1159]],[[1160]],[[1161]],[[1162]],[[1163]],[[1164]],[[1165]],[[1166]],[[1167]],[[1168]],[[1169]],[[1170]],[[1171]],[[1172]],[[1173]],[[1174]],[[1175]],[[1176]],[[1177]],[[1178]],[[1179]],[[1180]],[[1181]],[[1182]],[[1183]],[[1184]],[[1185]],[[1186]],[[1187]],[[1188]],[[1189]],[[1190]],[[1191]],[[1192]],[[1193]],[[1194]],[[1195]],[[1196]],[[1197]],[[1198]],[[1199]],[[1200]],[[1201]],[[1202]],[[1203]],[[1204]],[[1205]],[[1206]],[[1207]],[[1208]],[[1209]],[[1210]],[[1211]],[[1212]],[[1213]],[[1214]],[[1215]],[[1216]],[[1217]],[[1218]],[[1219]],[[1220]],[[1221]],[[1222]],[[1223]],[[1224]],[[1225]],[[1226]],[[1227]],[[1228]],[[1229]],[[1230]],[[1231]],[[1232]],[[1233]],[[1234]],[[1235]],[[1236]],[[1237]],[[1238]],[[1239]],[[1240]],[[1241]],[[1242]],[[1243]],[[1244]],[[1245]],[[1246]],[[1247]],[[1248]],[[1249]],[[1250]],[[1251]],[[1252]],[[1253]],[[1254]],[[1255]],[[1256]],[[1257]],[[1258]],[[1259]],[[1260]],[[1261]],[[1262]],[[1263]],[[1264]],[[1265]],[[1266]],[[1267]],[[1268]]],"type":"MultiPolygon","properties":{"STATE_CODE_2026":"5","STATE_NAME_2026":"Western Australia","AREA_ALBERS_SQKM":2526632.7624}},{"arcs":[[[1269]],[[1270]],[[1271]],[[1272]],[[1273]],[[1274]],[[1275]],[[1276]],[[1277]],[[1278]],[[1279]],[[1280]],[[1281]],[[1282]],[[1283]],[[1284]],[[1285]],[[1286]],[[1287]],[[1288]],[[1289]],[[1290]],[[1291]],[[1292]],[[1293]],[[1294]],[[1295]],[[1296]],[[1297]],[[1298]],[[1299]],[[1300]],[[1301]],[[1302]],[[1303]],[[1304]],[[1305]],[[1306]],[[1307]],[[1308]],[[1309]],[[1310]],[[1311]],[[1312]],[[1313]],[[1314]],[[1315]],[[1316]],[[1317]],[[1318]],[[1319]],[[1320]],[[1321]],[[1322]],[[1323]],[[1324]],[[1325]],[[1326]],[[1327]],[[1328]],[[1329]],[[1330]],[[1331]],[[1332]],[[1333]],[[1334]],[[1335]],[[1336]],[[1337]],[[1338]],[[1339]],[[1340]],[[1341]],[[1342]],[[1343]],[[1344]],[[1345]],[[1346]],[[1347]],[[1348]],[[1349]],[[1350]],[[1351]],[[1352]]],"type":"MultiPolygon","properties":{"STATE_CODE_2026":"6","STATE_NAME_2026":"Tasmania","AREA_ALBERS_SQKM":68017.5646}},{"arcs":[[[-502,-578,1353,-61]],[[1354]],[[1355]],[[1356]],[[1357]],[[1358]],[[1359]],[[1360]],[[1361]],[[1362]],[[1363]],[[1364]],[[1365]],[[1366]],[[1367]],[[1368]],[[1369]],[[1370]],[[1371]],[[1372]],[[1373]],[[1374]],[[1375]],[[1376]],[[1377]],[[1378]],[[1379]],[[1380]],[[1381]],[[1382]],[[1383]],[[1384]],[[1385]],[[1386]],[[1387]],[[1388]],[[1389]],[[1390]],[[1391]],[[1392]],[[1393]],[[1394]],[[1395]],[[1396]],[[1397]],[[1398]],[[1399]],[[1400]],[[1401]],[[1402]],[[1403]],[[1404]],[[1405]],[[1406]],[[1407]],[[1408]],[[1409]],[[1410]],[[1411]],[[1412]],[[1413]],[[1414]],[[1415]],[[1416]],[[1417]],[[1418]],[[1419]],[[1420]],[[1421]],[[1422]],[[1423]],[[1424]],[[1425]],[[1426]],[[1427]],[[1428]],[[1429]],[[1430]],[[1431]],[[1432]],[[1433]],[[1434]],[[1435]],[[1436]],[[1437]],[[1438]],[[1439]],[[1440]],[[1441]],[[1442]],[[1443]],[[1444]],[[1445]],[[1446]],[[1447]],[[1448]],[[1449]],[[1450]],[[1451]],[[1452]],[[1453]],[[1454]],[[1455]],[[1456]],[[1457]],[[1458]],[[1459]],[[1460]],[[1461]],[[1462]],[[1463]],[[1464]],[[1465]],[[1466]],[[1467]],[[1468]],[[1469]],[[1470]],[[1471]],[[1472]],[[1473]],[[1474]],[[1475]],[[1476]],[[1477]],[[1478]],[[1479]],[[1480]],[[1481]],[[1482]],[[1483]],[[1484]],[[1485]],[[1486]],[[1487]],[[1488]],[[1489]],[[1490]],[[1491]],[[1492]],[[1493]],[[1494]],[[1495]],[[1496]],[[1497]],[[1498]],[[1499]],[[1500]],[[1501]],[[1502]],[[1503]],[[1504]],[[1505]],[[1506]],[[1507]],[[1508]],[[1509]],[[1510]],[[1511]],[[1512]],[[1513]],[[1514]],[[1515]],[[1516]],[[1517]],[[1518]],[[1519]],[[1520]],[[1521]],[[1522]],[[1523]],[[1524]],[[1525]]],"type":"MultiPolygon","properties":{"STATE_CODE_2026":"7","STATE_NAME_2026":"Northern Territory","AREA_ALBERS_SQKM":1348134.5876}},{"arcs":[[-12]],"type":"Polygon","properties":{"STATE_CODE_2026":"8","STATE_NAME_2026":"Australian Capital Territory","AREA_ALBERS_SQKM":2358.1328}}]}}}